{"abandoned": 40, "merged": 234, "new": 11, "pending": 11, "review_time_days_avg": 16.868315384615386, "review_time_days_median": 1.7655, "review_time_pending_days_avg": 104.33104444444444, "review_time_pending_days_median": 75.220100000000002, "review_time_pending_update_days_avg": 75.483811111111109, "review_time_pending_update_days_median": 41.362699999999997, "submitted": 285}