{"ReviewsWaitingForReviewer": 15, "abandoned": 9, "merged": 140, "new": 18, "pending": 18, "review_time_days_avg": 9.463226744186045, "review_time_days_median": 0.036449999999999996, "review_time_pending_days_avg": 73.278423529411754, "review_time_pending_days_median": 6.3223000000000003, "review_time_pending_update_days_avg": 61.444335294117643, "review_time_pending_update_days_median": 6.3223000000000003, "submitted": 167}