{"ReviewsWaitingForReviewer": 9, "abandoned": 42, "merged": 243, "new": 14, "pending": 14, "review_time_days_avg": 15.114486486486486, "review_time_days_median": 1.2175500000000001, "review_time_pending_ReviewsWaitingForReviewer_days_avg": 91.908512500000015, "review_time_pending_ReviewsWaitingForReviewer_days_median": 58.459950000000006, "review_time_pending_days_avg": 105.53755833333332, "review_time_pending_days_median": 71.373099999999994, "review_time_pending_update_ReviewsWaitingForReviewer_days_avg": 60.594849999999987, "review_time_pending_update_ReviewsWaitingForReviewer_days_median": 32.130700000000004, "review_time_pending_update_days_avg": 65.030766666666679, "review_time_pending_update_days_median": 32.130700000000004, "submitted": 299}