{"ReviewsWaitingForReviewer": 1, "abandoned": 14, "merged": 239, "new": 1, "pending": 1, "review_time_days_avg": 7.455222388059699, "review_time_days_median": 0.759, "review_time_pending_days_avg": 327.22949999999997, "review_time_pending_days_median": 327.22949999999997, "review_time_pending_update_days_avg": 300.35140000000001, "review_time_pending_update_days_median": 300.35140000000001, "submitted": 254}