{"abandoned": 5, "merged": 28, "new": 2, "pending": 2, "review_time_days_avg": 8.524658333333335, "review_time_days_median": 2.2123999999999997, "review_time_pending_days_avg": 240.82415, "review_time_pending_days_median": 240.82415, "review_time_pending_update_days_avg": 188.28019999999998, "review_time_pending_update_days_median": 188.28019999999998, "submitted": 35}