{"ReviewsWaitingForReviewer": 4, "abandoned": 5, "merged": 34, "new": 5, "pending": 5, "review_time_days_avg": 11.482642857142858, "review_time_days_median": 0.0842, "review_time_pending_days_avg": 135.97664000000003, "review_time_pending_days_median": 76.217699999999994, "review_time_pending_update_days_avg": 78.699819999999988, "review_time_pending_update_days_median": 38.632100000000001, "submitted": 44}