{"abandoned": 37, "merged": 474, "new": 9, "pending": 9, "review_time_days_avg": 4.867918571428573, "review_time_days_median": 0.5243, "review_time_pending_days_avg": 102.61835555555555, "review_time_pending_days_median": 124.40770000000001, "review_time_pending_update_days_avg": 79.101100000000002, "review_time_pending_update_days_median": 90.585400000000007, "submitted": 520}