{"abandoned": 43, "merged": 404, "new": 28, "pending": 28, "review_time_days_avg": 3.5519875739644977, "review_time_days_median": 1.13155, "review_time_pending_days_avg": 40.157557142857137, "review_time_pending_days_median": 19.629049999999999, "review_time_pending_update_days_avg": 27.560535714285717, "review_time_pending_update_days_median": 9.2558000000000007, "submitted": 475}