{"ReviewsWaitingForReviewer": 3, "abandoned": 19, "merged": 410, "new": 3, "pending": 3, "review_time_days_avg": 0.7744307692307694, "review_time_days_median": 0.0257, "review_time_pending_days_avg": 7.4200333333333326, "review_time_pending_days_median": 0.48699999999999999, "review_time_pending_update_days_avg": 3.7642000000000002, "review_time_pending_update_days_median": 0.45800000000000002, "submitted": 432}