{"ReviewsWaitingForReviewer": 3, "abandoned": 35, "merged": 253, "new": 6, "pending": 6, "review_time_days_avg": 5.72196363636364, "review_time_days_median": 0.5255, "review_time_pending_days_avg": 97.696000000000012, "review_time_pending_days_median": 72.506950000000003, "review_time_pending_update_days_avg": 93.127166666666668, "review_time_pending_update_days_median": 71.453699999999998, "submitted": 294}