{"abandoned": 14, "merged": 239, "new": 1, "pending": 1, "review_time_days_avg": 7.455222388059699, "review_time_days_median": 0.759, "review_time_pending_days_avg": 314.22109999999998, "review_time_pending_days_median": 314.22109999999998, "review_time_pending_update_days_avg": 287.34309999999999, "review_time_pending_update_days_median": 287.34309999999999, "submitted": 254}