{"abandoned": 225, "merged": 3137, "new": 22, "pending": 22, "review_time_days_avg": 3.0686392088423458, "review_time_days_median": 0.2366, "review_time_pending_days_avg": 102.96657727272726, "review_time_pending_days_median": 65.651650000000004, "review_time_pending_update_days_avg": 47.862881818181819, "review_time_pending_update_days_median": 28.505299999999998, "submitted": 3384}