{"ReviewsWaitingForReviewer": 1, "abandoned": 3, "merged": 22, "new": 1, "pending": 1, "review_time_days_avg": 4.686629999999999, "review_time_days_median": 1.5213, "review_time_pending_days_avg": 2.0015000000000001, "review_time_pending_days_median": 2.0015000000000001, "review_time_pending_update_days_avg": 0.83779999999999999, "review_time_pending_update_days_median": 0.83779999999999999, "submitted": 26}