{"ReviewsWaitingForReviewer": 2, "abandoned": 5, "merged": 28, "new": 2, "pending": 2, "review_time_days_avg": 8.524658333333335, "review_time_days_median": 2.2123999999999997, "review_time_pending_days_avg": 245.85669999999999, "review_time_pending_days_median": 245.85669999999999, "review_time_pending_update_days_avg": 193.31274999999999, "review_time_pending_update_days_median": 193.31274999999999, "submitted": 35}