{"abandoned": 23, "merged": 254, "new": 7, "pending": 7, "review_time_days_avg": 4.997107843137254, "review_time_days_median": 0.468, "review_time_pending_days_avg": 14.429214285714284, "review_time_pending_days_median": 8.6631999999999998, "review_time_pending_update_days_avg": 4.1367285714285718, "review_time_pending_update_days_median": 4.5885999999999996, "submitted": 284}