{"abandoned": 65, "merged": 1009, "new": 9, "pending": 9, "review_time_days_avg": 2.3203011925042576, "review_time_days_median": 0.18, "review_time_pending_days_avg": 73.461600000000004, "review_time_pending_days_median": 27.633400000000002, "review_time_pending_update_days_avg": 22.836544444444442, "review_time_pending_update_days_median": 15.0722, "submitted": 1083}