{"ReviewsWaitingForReviewer": 7, "abandoned": 15, "merged": 241, "new": 8, "pending": 8, "review_time_days_avg": 6.943295238095239, "review_time_days_median": 0.53175, "review_time_pending_days_avg": 194.59735000000001, "review_time_pending_days_median": 227.07544999999999, "review_time_pending_update_days_avg": 150.70308333333335, "review_time_pending_update_days_median": 179.97255000000001, "submitted": 264}