{"abandoned": 4, "merged": 33, "new": 9, "pending": 9, "review_time_days_avg": 7.09226956521739, "review_time_days_median": 2.519, "review_time_pending_days_avg": 25.934477777777779, "review_time_pending_days_median": 9.4712999999999994, "review_time_pending_update_days_avg": 2.6392000000000002, "review_time_pending_update_days_median": 2.3915999999999999, "submitted": 46}