{"abandoned": 6, "merged": 113, "new": 2, "pending": 2, "review_time_days_avg": 12.266651999999997, "review_time_days_median": 0.44565, "review_time_pending_days_avg": 54.972549999999998, "review_time_pending_days_median": 54.972549999999998, "review_time_pending_update_days_avg": 17.404450000000001, "review_time_pending_update_days_median": 17.404450000000001, "submitted": 121}