{"abandoned": 8, "merged": 32, "new": 7, "pending": 7, "review_time_days_avg": 6.36849375, "review_time_days_median": 0.56165, "review_time_pending_days_avg": 77.872424999999993, "review_time_pending_days_median": 72.891099999999994, "review_time_pending_update_days_avg": 73.359349999999992, "review_time_pending_update_days_median": 68.927300000000002, "submitted": 47}