{"abandoned": 37, "merged": 474, "new": 8, "pending": 8, "review_time_days_avg": 4.867918571428573, "review_time_days_median": 0.5243, "review_time_pending_days_avg": 113.3983125, "review_time_pending_days_median": 128.50970000000001, "review_time_pending_update_days_avg": 87.587587500000012, "review_time_pending_update_days_median": 88.769350000000003, "submitted": 519}