{"abandoned": 14, "merged": 239, "new": 1, "pending": 1, "review_time_days_avg": 7.455222388059699, "review_time_days_median": 0.759, "review_time_pending_days_avg": 317.24220000000003, "review_time_pending_days_median": 317.24220000000003, "review_time_pending_update_days_avg": 290.36410000000001, "review_time_pending_update_days_median": 290.36410000000001, "submitted": 254}