{"abandoned": 3, "merged": 37, "new": 2, "pending": 2, "review_time_days_avg": 3.014375, "review_time_days_median": 0.2458, "review_time_pending_days_avg": 128.08044999999998, "review_time_pending_days_median": 128.08044999999998, "review_time_pending_update_days_avg": 97.927799999999991, "review_time_pending_update_days_median": 97.927799999999991, "submitted": 42}