{"abandoned": 142, "merged": 847, "new": 9, "pending": 9, "review_time_days_avg": 12.443295081967216, "review_time_days_median": 0.2625, "review_time_pending_days_avg": 226.76327142857141, "review_time_pending_days_median": 252.09209999999999, "review_time_pending_update_days_avg": 94.371457142857139, "review_time_pending_update_days_median": 104.63339999999999, "submitted": 998}