{"abandoned": 44, "merged": 492, "new": 19, "pending": 19, "review_time_days_avg": 8.97138457711443, "review_time_days_median": 2.0951, "review_time_pending_days_avg": 160.08877058823532, "review_time_pending_days_median": 163.5093, "review_time_pending_update_days_avg": 107.90521764705881, "review_time_pending_update_days_median": 117.19880000000001, "submitted": 555}