{"abandoned": 1, "merged": 16, "new": 2, "pending": 2, "review_time_days_avg": 42.580625, "review_time_days_median": 2.7005, "review_time_pending_days_avg": 264.17484999999999, "review_time_pending_days_median": 264.17484999999999, "review_time_pending_update_days_avg": 206.54885000000002, "review_time_pending_update_days_median": 206.54885000000002, "submitted": 19}