{"ReviewsWaitingForReviewer": 3, "abandoned": 35, "merged": 253, "new": 6, "pending": 6, "review_time_days_avg": 5.72196363636364, "review_time_days_median": 0.5255, "review_time_pending_days_avg": 93.697500000000005, "review_time_pending_days_median": 68.508449999999996, "review_time_pending_update_days_avg": 89.128616666666673, "review_time_pending_update_days_median": 67.455150000000003, "submitted": 294}