{"ReviewsWaitingForReviewer": 2, "abandoned": 25, "merged": 206, "new": 3, "pending": 3, "review_time_days_avg": 8.103809374999999, "review_time_days_median": 1.186, "review_time_pending_days_avg": 84.406966666666662, "review_time_pending_days_median": 80.495000000000005, "review_time_pending_update_days_avg": 83.831133333333341, "review_time_pending_update_days_median": 80.494900000000001, "submitted": 234}