{"ReviewsWaitingForReviewer": 9, "abandoned": 42, "merged": 243, "new": 14, "pending": 14, "review_time_days_avg": 15.114486486486486, "review_time_days_median": 1.2175500000000001, "review_time_pending_ReviewsWaitingForReviewer_days_avg": 92.997962499999986, "review_time_pending_ReviewsWaitingForReviewer_days_median": 59.549350000000004, "review_time_pending_days_avg": 106.62700000000001, "review_time_pending_days_median": 72.462549999999993, "review_time_pending_update_ReviewsWaitingForReviewer_days_avg": 61.305399999999999, "review_time_pending_update_ReviewsWaitingForReviewer_days_median": 33.220200000000006, "review_time_pending_update_days_avg": 65.867616666666649, "review_time_pending_update_days_median": 33.220200000000006, "submitted": 299}