{"ReviewsWaitingForReviewer": 7, "abandoned": 15, "merged": 241, "new": 8, "pending": 8, "review_time_days_avg": 6.943295238095239, "review_time_days_median": 0.53175, "review_time_pending_days_avg": 192.59248333333335, "review_time_pending_days_median": 225.07055000000003, "review_time_pending_update_days_avg": 148.69818333333333, "review_time_pending_update_days_median": 177.96764999999999, "submitted": 264}