{"ReviewsWaitingForReviewer": 5, "abandoned": 25, "merged": 202, "new": 9, "pending": 9, "review_time_days_avg": 17.987215909090917, "review_time_days_median": 2.09545, "review_time_pending_days_avg": 175.83623749999998, "review_time_pending_days_median": 206.36914999999999, "review_time_pending_update_days_avg": 129.18077500000001, "review_time_pending_update_days_median": 145.06190000000001, "submitted": 236}