{"WaitingForSubmitter": 3, "abandoned": 5, "merged": 96, "new": 6, "pending": 6, "review_time_days_avg": 2.731533333333333, "review_time_days_median": 0.7073, "review_time_pending_days_avg": 102.92627999999999, "review_time_pending_days_median": 99.596400000000003, "review_time_pending_update_days_avg": 73.72059999999999, "review_time_pending_update_days_median": 87.671899999999994, "submitted": 107}