{"abandoned": 2, "merged": 20, "new": 1, "pending": 1, "review_time_days_avg": 4.596557142857143, "review_time_days_median": 3.5146, "review_time_pending_days_avg": 84.638499999999993, "review_time_pending_days_median": 84.638499999999993, "review_time_pending_update_days_avg": 9.9026999999999994, "review_time_pending_update_days_median": 9.9026999999999994, "submitted": 23}