{"abandoned": 5, "merged": 178, "new": 9, "pending": 9, "review_time_days_avg": 35.23437142857143, "review_time_days_median": 17.0082, "review_time_pending_days_avg": 187.31121666666664, "review_time_pending_days_median": 188.80610000000001, "review_time_pending_update_days_avg": 148.49164999999999, "review_time_pending_update_days_median": 83.228700000000003, "submitted": 192}