{"abandoned": 1, "merged": 35, "new": 2, "pending": 2, "review_time_days_avg": 2.2350393939393935, "review_time_days_median": 0.0209, "review_time_pending_days_avg": 85.758649999999989, "review_time_pending_days_median": 85.758649999999989, "review_time_pending_update_days_avg": 51.329099999999997, "review_time_pending_update_days_median": 51.329099999999997, "submitted": 38}