{"abandoned": 30, "merged": 272, "new": 4, "pending": 4, "review_time_days_avg": 11.30799, "review_time_days_median": 1.8154, "review_time_pending_days_avg": 20.514799999999997, "review_time_pending_days_median": 17.085000000000001, "review_time_pending_update_days_avg": 19.159374999999997, "review_time_pending_update_days_median": 14.378799999999998, "submitted": 306}