{"abandoned": 5, "merged": 34, "new": 3, "pending": 3, "review_time_days_avg": 11.482642857142858, "review_time_days_median": 0.0842, "review_time_pending_days_avg": 186.05426666666665, "review_time_pending_days_median": 181.30600000000001, "review_time_pending_update_days_avg": 90.61866666666667, "review_time_pending_update_days_median": 48.521500000000003, "submitted": 42}