{"ReviewsWaitingForReviewer": 1, "abandoned": 7, "merged": 11, "new": 1, "pending": 1, "review_time_days_avg": 22.064533333333333, "review_time_days_median": 30.1796, "review_time_pending_days_avg": 71.879099999999994, "review_time_pending_days_median": 71.879099999999994, "review_time_pending_update_days_avg": 46.270499999999998, "review_time_pending_update_days_median": 46.270499999999998, "submitted": 19}