{"abandoned": 24, "merged": 348, "new": 3, "pending": 3, "review_time_days_avg": 1.557647058823529, "review_time_days_median": 0.2039, "review_time_pending_days_avg": 39.184733333333327, "review_time_pending_days_median": 51.529699999999998, "review_time_pending_update_days_avg": 0.6009000000000001, "review_time_pending_update_days_median": 0.50860000000000005, "submitted": 375}