{"abandoned": 340, "merged": 3919, "new": 44, "pending": 44, "review_time_days_avg": 5.207103822372118, "review_time_days_median": 0.7698, "review_time_pending_days_avg": 55.301437209302335, "review_time_pending_days_median": 22.393599999999999, "review_time_pending_update_days_avg": 35.718318604651174, "review_time_pending_update_days_median": 13.716900000000001, "submitted": 4303}