{"abandoned": 1375, "merged": 11043, "new": 464, "pending": 464, "review_time_days_avg": 14.676215560775127, "review_time_days_median": 0.9080999999999999, "review_time_pending_days_avg": 115.67435134408599, "review_time_pending_days_median": 80.399150000000006, "review_time_pending_update_days_avg": 63.760128225806483, "review_time_pending_update_days_median": 34.9664, "submitted": 12882}