{"abandoned": 1361, "merged": 10960, "new": 454, "pending": 454, "review_time_days_avg": 14.696769987995223, "review_time_days_median": 0.9226, "review_time_pending_days_avg": 115.11668944444435, "review_time_pending_days_median": 79.498500000000007, "review_time_pending_update_days_avg": 66.33607527777778, "review_time_pending_update_days_median": 35.944099999999999, "submitted": 12775}