{"ReviewsWaitingForReviewer": 0, "abandoned": 3, "merged": 12, "new": 1, "pending": 1, "review_time_days_avg": 0.3946666666666667, "review_time_days_median": 0.4617, "review_time_pending_days_avg": 292.56099999999998, "review_time_pending_days_median": 292.56099999999998, "review_time_pending_update_days_avg": 7.3669000000000002, "review_time_pending_update_days_median": 7.3669000000000002, "submitted": 16}