{"abandoned": 4, "merged": 13, "new": 6, "pending": 6, "review_time_days_avg": 8.968018181818183, "review_time_days_median": 5.6485, "review_time_pending_days_avg": 16.635850000000001, "review_time_pending_days_median": 18.455649999999999, "review_time_pending_update_days_avg": 8.948266666666667, "review_time_pending_update_days_median": 8.2671500000000009, "submitted": 23}