{"abandoned": 370, "merged": 3403, "new": 23, "pending": 23, "review_time_days_avg": 3.0670804651162804, "review_time_days_median": 0.7745, "review_time_pending_days_avg": 15.158513043478262, "review_time_pending_days_median": 5.2614999999999998, "review_time_pending_update_days_avg": 7.1970304347826088, "review_time_pending_update_days_median": 3.2526999999999999, "submitted": 3796}