{"abandoned": 325, "merged": 3802, "new": 51, "pending": 51, "review_time_days_avg": 5.30761421744325, "review_time_days_median": 0.758, "review_time_pending_days_avg": 47.730061999999982, "review_time_pending_days_median": 8.3638499999999993, "review_time_pending_update_days_avg": 26.108198000000005, "review_time_pending_update_days_median": 3.8327, "submitted": 4178}