{"abandoned": 19, "merged": 407, "new": 1, "pending": 1, "review_time_days_avg": 0.8491909090909092, "review_time_days_median": 0.0257, "review_time_pending_days_avg": 16.270700000000001, "review_time_pending_days_median": 16.270700000000001, "review_time_pending_update_days_avg": 5.3379000000000003, "review_time_pending_update_days_median": 5.3379000000000003, "submitted": 427}