{"ReviewsWaitingForSubmitter": 4, "abandoned": 42, "merged": 241, "new": 14, "pending": 14, "review_time_days_avg": 15.52249722222222, "review_time_days_median": 1.49335, "review_time_pending_days_avg": 95.52976666666666, "review_time_pending_days_median": 61.365300000000005, "review_time_pending_update_days_avg": 58.684524999999987, "review_time_pending_update_days_median": 22.122900000000001, "submitted": 297}