{"ReviewsWaitingForReviewer": 10, "abandoned": 45, "merged": 495, "new": 17, "pending": 17, "review_time_days_avg": 9.475422058823531, "review_time_days_median": 2.1534500000000003, "review_time_pending_days_avg": 199.92287333333334, "review_time_pending_days_median": 197.06979999999999, "review_time_pending_update_days_avg": 131.20828666666665, "review_time_pending_update_days_median": 145.24039999999999, "submitted": 557}