{"abandoned": 8, "merged": 142, "new": 15, "pending": 15, "review_time_days_avg": 9.918425423728815, "review_time_days_median": 1.5053, "review_time_pending_days_avg": 150.88769999999997, "review_time_pending_days_median": 229.65479999999999, "review_time_pending_update_days_avg": 137.82094000000001, "review_time_pending_update_days_median": 190.11770000000001, "submitted": 165}