{"abandoned": 4, "merged": 32, "new": 2, "pending": 2, "review_time_days_avg": 2.112095454545454, "review_time_days_median": 0.29805000000000004, "review_time_pending_days_avg": 81.394800000000004, "review_time_pending_days_median": 81.394800000000004, "review_time_pending_update_days_avg": 30.257300000000001, "review_time_pending_update_days_median": 30.257300000000001, "submitted": 38}