{"abandoned": 21, "merged": 233, "new": 9, "pending": 9, "review_time_days_avg": 15.723143065693431, "review_time_days_median": 0.5764, "review_time_pending_days_avg": 82.79440000000001, "review_time_pending_days_median": 76.187399999999997, "review_time_pending_update_days_avg": 34.698349999999998, "review_time_pending_update_days_median": 10.133900000000001, "submitted": 263}