{"ReviewsWaitingForReviewer": 2, "abandoned": 4, "merged": 82, "new": 3, "pending": 3, "review_time_days_avg": 1.1069285714285713, "review_time_days_median": 0.1798, "review_time_pending_days_avg": 1.1022000000000001, "review_time_pending_days_median": 1.1022000000000001, "review_time_pending_update_days_avg": 0.99113333333333342, "review_time_pending_update_days_median": 1.1021000000000001, "submitted": 89}