{"abandoned": 40, "merged": 236, "new": 11, "pending": 11, "review_time_days_avg": 16.557579104477615, "review_time_days_median": 1.7655, "review_time_pending_days_avg": 107.86403333333334, "review_time_pending_days_median": 80.174599999999998, "review_time_pending_update_days_avg": 79.198311111111096, "review_time_pending_update_days_median": 46.3172, "submitted": 287}