{"abandoned": 89, "merged": 985, "new": 39, "pending": 39, "review_time_days_avg": 3.7392548780487824, "review_time_days_median": 0.8569500000000001, "review_time_pending_days_avg": 27.321076923076909, "review_time_pending_days_median": 13.1271, "review_time_pending_update_days_avg": 18.161364102564104, "review_time_pending_update_days_median": 3.2343999999999999, "submitted": 1113}