{"WaitingForSubmitter": 18, "abandoned": 154, "merged": 1710, "new": 16, "pending": 16, "review_time_days_avg": 3.535002302631577, "review_time_days_median": 0.14135, "review_time_pending_days_avg": 247.01994444444441, "review_time_pending_days_median": 270.72039999999998, "review_time_pending_update_days_avg": 188.20463333333333, "review_time_pending_update_days_median": 174.6788, "submitted": 1880}