{"ReviewsWaitingForReviewer": 13, "abandoned": 233, "merged": 3310, "new": 28, "pending": 28, "review_time_days_avg": 3.000987674169343, "review_time_days_median": 0.22995, "review_time_pending_days_avg": 94.585060714285731, "review_time_pending_days_median": 37.345550000000003, "review_time_pending_update_days_avg": 43.051310714285705, "review_time_pending_update_days_median": 11.086449999999999, "submitted": 3571}