{"abandoned": 25, "merged": 201, "new": 9, "pending": 9, "review_time_days_avg": 18.19207011494254, "review_time_days_median": 2.1456, "review_time_pending_days_avg": 146.82872499999999, "review_time_pending_days_median": 177.36160000000001, "review_time_pending_update_days_avg": 108.06552499999999, "review_time_pending_update_days_median": 116.05435, "submitted": 235}