{"ReviewsWaitingForReviewer": 18, "abandoned": 76, "merged": 777, "new": 41, "pending": 41, "review_time_days_avg": 4.606154967948716, "review_time_days_median": 0.788, "review_time_pending_days_avg": 49.529390243902441, "review_time_pending_days_median": 18.342700000000001, "review_time_pending_update_days_avg": 30.805809756097567, "review_time_pending_update_days_median": 6.0439999999999996, "submitted": 894}