{"abandoned": 10, "merged": 92, "new": 3, "pending": 3, "review_time_days_avg": 3.9141162499999993, "review_time_days_median": 0.80835, "review_time_pending_days_avg": 4.4234999999999998, "review_time_pending_days_median": 4.6102999999999996, "review_time_pending_update_days_avg": 4.3879000000000001, "review_time_pending_update_days_median": 4.6063000000000001, "submitted": 105}