{"abandoned": 12, "merged": 348, "new": 9, "pending": 9, "review_time_days_avg": 12.141674157303376, "review_time_days_median": 1.2061, "review_time_pending_days_avg": 85.326355555555566, "review_time_pending_days_median": 73.3065, "review_time_pending_update_days_avg": 73.018544444444444, "review_time_pending_update_days_median": 73.194800000000001, "submitted": 369}