{"abandoned": 87, "merged": 1565, "new": 9, "pending": 9, "review_time_days_avg": 4.562492731277531, "review_time_days_median": 0.2881, "review_time_pending_days_avg": 72.876722222222213, "review_time_pending_days_median": 46.398600000000002, "review_time_pending_update_days_avg": 25.096777777777778, "review_time_pending_update_days_median": 14.3873, "submitted": 1661}