{"ReviewsWaitingForReviewer": 20, "abandoned": 371, "merged": 3417, "new": 32, "pending": 32, "review_time_days_avg": 3.0523490118577086, "review_time_days_median": 0.7737, "review_time_pending_days_avg": 16.737412499999998, "review_time_pending_days_median": 10.896450000000002, "review_time_pending_update_days_avg": 9.015349999999998, "review_time_pending_update_days_median": 4.2562499999999996, "submitted": 3820}