{"abandoned": 8, "merged": 52, "new": 1, "pending": 1, "review_time_days_avg": 14.245394444444441, "review_time_days_median": 1.16615, "review_time_pending_days_avg": 30.061299999999999, "review_time_pending_days_median": 30.061299999999999, "review_time_pending_update_days_avg": 29.823399999999999, "review_time_pending_update_days_median": 29.823399999999999, "submitted": 61}