{"abandoned": 72, "merged": 391, "new": 39, "pending": 39, "review_time_days_avg": 17.776537179487175, "review_time_days_median": 1.36415, "review_time_pending_days_avg": 213.76143749999994, "review_time_pending_days_median": 204.28949999999998, "review_time_pending_update_days_avg": 175.50138749999999, "review_time_pending_update_days_median": 196.73579999999998, "submitted": 502}