{"abandoned": 14, "merged": 239, "new": 1, "pending": 1, "review_time_days_avg": 7.455222388059699, "review_time_days_median": 0.759, "review_time_pending_days_avg": 315.27030000000002, "review_time_pending_days_median": 315.27030000000002, "review_time_pending_update_days_avg": 288.39229999999998, "review_time_pending_update_days_median": 288.39229999999998, "submitted": 254}