{"abandoned": 12, "merged": 85, "new": 9, "pending": 9, "review_time_days_avg": 13.683800000000003, "review_time_days_median": 1.6818, "review_time_pending_days_avg": 134.90815555555557, "review_time_pending_days_median": 127.3583, "review_time_pending_update_days_avg": 71.436788888888884, "review_time_pending_update_days_median": 39.659500000000001, "submitted": 106}