{"ReviewsWaitingForReviewer": 0, "abandoned": 10, "merged": 80, "new": 2, "pending": 2, "review_time_days_avg": 1.2256880597014925, "review_time_days_median": 0.0999, "review_time_pending_days_avg": 282.67364999999995, "review_time_pending_days_median": 282.67364999999995, "review_time_pending_update_days_avg": 267.11374999999998, "review_time_pending_update_days_median": 267.11374999999998, "submitted": 92}