{"abandoned": 12, "merged": 58, "new": 17, "pending": 17, "review_time_days_avg": 10.644491176470586, "review_time_days_median": 3.82495, "review_time_pending_days_avg": 152.14643529411771, "review_time_pending_days_median": 109.5671, "review_time_pending_update_days_avg": 109.07016470588235, "review_time_pending_update_days_median": 38.186599999999999, "submitted": 87}