{"abandoned": 3, "merged": 27, "new": 6, "pending": 6, "review_time_days_avg": 9.2891625, "review_time_days_median": 1.21705, "review_time_pending_days_avg": 38.606080000000006, "review_time_pending_days_median": 3.1478999999999999, "review_time_pending_update_days_avg": 37.479300000000009, "review_time_pending_update_days_median": 2.9773000000000001, "submitted": 36}