{"abandoned": 112, "merged": 658, "new": 8, "pending": 8, "review_time_days_avg": 2.9147260273972604, "review_time_days_median": 0.364, "review_time_pending_days_avg": 94.124737499999981, "review_time_pending_days_median": 95.366600000000005, "review_time_pending_update_days_avg": 50.457062499999999, "review_time_pending_update_days_median": 58.999849999999995, "submitted": 778}