{"abandoned": 111, "merged": 658, "new": 8, "pending": 8, "review_time_days_avg": 2.9147260273972604, "review_time_days_median": 0.364, "review_time_pending_days_avg": 93.086649999999992, "review_time_pending_days_median": 94.328499999999991, "review_time_pending_update_days_avg": 49.418999999999997, "review_time_pending_update_days_median": 57.961799999999997, "submitted": 777}