{"abandoned": 23, "merged": 345, "new": 3, "pending": 3, "review_time_days_avg": 1.5987212121212118, "review_time_days_median": 0.2056, "review_time_pending_days_avg": 137.87839999999997, "review_time_pending_days_median": 70.241699999999994, "review_time_pending_update_days_avg": 122.99073333333335, "review_time_pending_update_days_median": 67.688299999999998, "submitted": 371}