{"abandoned": 5, "merged": 34, "new": 3, "pending": 3, "review_time_days_avg": 11.482642857142858, "review_time_days_median": 0.0842, "review_time_pending_days_avg": 186.93256666666665, "review_time_pending_days_median": 182.18430000000001, "review_time_pending_update_days_avg": 91.496966666666665, "review_time_pending_update_days_median": 49.399799999999999, "submitted": 42}