{"abandoned": 12, "merged": 58, "new": 17, "pending": 17, "review_time_days_avg": 10.644491176470586, "review_time_days_median": 3.82495, "review_time_pending_days_avg": 131.57135294117649, "review_time_pending_days_median": 88.992000000000004, "review_time_pending_update_days_avg": 88.495076470588245, "review_time_pending_update_days_median": 17.611499999999999, "submitted": 87}