{"abandoned": 20, "merged": 481, "new": 3, "pending": 3, "review_time_days_avg": 1.2842238979118323, "review_time_days_median": 0.1279, "review_time_pending_days_avg": 20.6004, "review_time_pending_days_median": 2.9767999999999999, "review_time_pending_update_days_avg": 16.606766666666669, "review_time_pending_update_days_median": 0.88729999999999998, "submitted": 504}