{"abandoned": 45, "merged": 495, "new": 16, "pending": 16, "review_time_days_avg": 9.475422058823531, "review_time_days_median": 2.1534500000000003, "review_time_pending_days_avg": 201.89008571428573, "review_time_pending_days_median": 190.06310000000002, "review_time_pending_update_days_avg": 128.2675142857143, "review_time_pending_update_days_median": 133.29935, "submitted": 556}