{"ReviewsWaitingForReviewer": 0, "abandoned": 18, "merged": 64, "new": 2, "pending": 2, "review_time_days_avg": 8.015827450980394, "review_time_days_median": 1.0388, "review_time_pending_days_avg": 29.319400000000002, "review_time_pending_days_median": 29.319400000000002, "review_time_pending_update_days_avg": 1.3631500000000001, "review_time_pending_update_days_median": 1.3631500000000001, "submitted": 84}