{"abandoned": 12, "merged": 54, "new": 3, "pending": 3, "review_time_days_avg": 8.307038636363638, "review_time_days_median": 1.3671000000000002, "review_time_pending_days_avg": 12.281933333333333, "review_time_pending_days_median": 4.3319000000000001, "review_time_pending_update_days_avg": 5.2600333333333333, "review_time_pending_update_days_median": 4.3319000000000001, "submitted": 69}