{"abandoned": 5, "merged": 13, "new": 3, "pending": 3, "review_time_days_avg": 22.467766666666666, "review_time_days_median": 0.3573, "review_time_pending_days_avg": 98.489833333333323, "review_time_pending_days_median": 14.432399999999999, "review_time_pending_update_days_avg": 93.901600000000016, "review_time_pending_update_days_median": 0.84570000000000001, "submitted": 21}