{"abandoned": 230, "merged": 3237, "new": 22, "pending": 22, "review_time_days_avg": 3.0329379711751625, "review_time_days_median": 0.2315, "review_time_pending_days_avg": 111.47232272727268, "review_time_pending_days_median": 69.977800000000002, "review_time_pending_update_days_avg": 53.755540909090911, "review_time_pending_update_days_median": 40.684849999999997, "submitted": 3489}