{"abandoned": 1417, "merged": 11364, "new": 473, "pending": 473, "review_time_days_avg": 14.384095507759326, "review_time_days_median": 0.8625, "review_time_pending_days_avg": 116.65183922077922, "review_time_pending_days_median": 82.012, "review_time_pending_update_days_avg": 66.310563636363682, "review_time_pending_update_days_median": 32.719900000000003, "submitted": 13254}