{"ReviewsWaitingForReviewer": 2, "abandoned": 25, "merged": 206, "new": 3, "pending": 3, "review_time_days_avg": 8.103809374999999, "review_time_days_median": 1.186, "review_time_pending_days_avg": 86.414400000000001, "review_time_pending_days_median": 82.502399999999994, "review_time_pending_update_days_avg": 85.838566666666679, "review_time_pending_update_days_median": 82.502300000000005, "submitted": 234}