{"WaitingForSubmitter": 4, "abandoned": 5, "merged": 34, "new": 5, "pending": 5, "review_time_days_avg": 11.482642857142858, "review_time_days_median": 0.0842, "review_time_pending_days_avg": 132.35631999999998, "review_time_pending_days_median": 72.597399999999993, "review_time_pending_update_days_avg": 75.079499999999996, "review_time_pending_update_days_median": 35.011800000000001, "submitted": 44}