{"abandoned": 24, "merged": 255, "new": 6, "pending": 6, "review_time_days_avg": 4.903205769230769, "review_time_days_median": 0.45775, "review_time_pending_days_avg": 20.010383333333333, "review_time_pending_days_median": 12.4267, "review_time_pending_update_days_avg": 6.8154000000000003, "review_time_pending_update_days_median": 6.8621999999999996, "submitted": 285}