{"ReviewsWaitingForReviewer": 7, "abandoned": 13, "merged": 103, "new": 10, "pending": 10, "review_time_days_avg": 9.397153658536586, "review_time_days_median": 0.7039, "review_time_pending_days_avg": 146.97816000000003, "review_time_pending_days_median": 148.72154999999998, "review_time_pending_update_days_avg": 61.895569999999999, "review_time_pending_update_days_median": 25.203250000000001, "submitted": 126}