{"abandoned": 154, "merged": 1706, "new": 18, "pending": 18, "review_time_days_avg": 3.287243377483442, "review_time_days_median": 0.14015, "review_time_pending_days_avg": 193.31530000000004, "review_time_pending_days_median": 187.56219999999999, "review_time_pending_update_days_avg": 145.1814, "review_time_pending_update_days_median": 134.27930000000001, "submitted": 1878}