{"abandoned": 41, "merged": 495, "new": 7, "pending": 7, "review_time_days_avg": 5.829668325791858, "review_time_days_median": 0.4861, "review_time_pending_days_avg": 116.45557142857142, "review_time_pending_days_median": 145.41659999999999, "review_time_pending_update_days_avg": 100.36482857142857, "review_time_pending_update_days_median": 111.953, "submitted": 543}