{"abandoned": 87, "merged": 976, "new": 38, "pending": 38, "review_time_days_avg": 3.6726568434032076, "review_time_days_median": 0.8555, "review_time_pending_days_avg": 31.47715789473683, "review_time_pending_days_median": 15.79365, "review_time_pending_update_days_avg": 22.232913157894739, "review_time_pending_update_days_median": 1.4112499999999999, "submitted": 1101}