{"abandoned": 20, "merged": 232, "new": 10, "pending": 10, "review_time_days_avg": 15.838742647058822, "review_time_days_median": 0.6174, "review_time_pending_days_avg": 86.954400000000007, "review_time_pending_days_median": 123.955, "review_time_pending_update_days_avg": 28.510842857142858, "review_time_pending_update_days_median": 7.9588999999999999, "submitted": 262}