{"ReviewsWaitingForReviewer": 252, "abandoned": 1441, "merged": 11587, "new": 471, "pending": 471, "review_time_days_avg": 14.199941525644368, "review_time_days_median": 0.8279, "review_time_pending_days_avg": 121.66347336814614, "review_time_pending_days_median": 88.417400000000001, "review_time_pending_update_days_avg": 66.605411749347326, "review_time_pending_update_days_median": 29.610800000000001, "submitted": 13499}