{"abandoned": 12, "merged": 54, "new": 3, "pending": 3, "review_time_days_avg": 8.307038636363638, "review_time_days_median": 1.3671000000000002, "review_time_pending_days_avg": 16.238933333333332, "review_time_pending_days_median": 8.2888999999999999, "review_time_pending_update_days_avg": 9.2170333333333332, "review_time_pending_update_days_median": 8.2888999999999999, "submitted": 69}