{"abandoned": 71, "merged": 407, "new": 23, "pending": 23, "review_time_days_avg": 3.3693437125748495, "review_time_days_median": 0.0817, "review_time_pending_days_avg": 230.41282173913041, "review_time_pending_days_median": 334.23849999999999, "review_time_pending_update_days_avg": 206.22843043478267, "review_time_pending_update_days_median": 218.3167, "submitted": 501}