{"abandoned": 20, "merged": 480, "new": 2, "pending": 2, "review_time_days_avg": 1.2828423255813948, "review_time_days_median": 0.12625, "review_time_pending_days_avg": 27.530250000000002, "review_time_pending_days_median": 27.530250000000002, "review_time_pending_update_days_avg": 23.608349999999998, "review_time_pending_update_days_median": 23.608349999999998, "submitted": 502}