{"abandoned": 8, "merged": 19, "new": 4, "pending": 4, "review_time_days_avg": 24.785114285714286, "review_time_days_median": 0.3849, "review_time_pending_days_avg": 171.35209999999998, "review_time_pending_days_median": 180.43389999999999, "review_time_pending_update_days_avg": 66.319000000000003, "review_time_pending_update_days_median": 27.533000000000001, "submitted": 31}