{"abandoned": 5, "merged": 35, "new": 8, "pending": 8, "review_time_days_avg": 8.369599999999998, "review_time_days_median": 6.1133, "review_time_pending_days_avg": 43.572075000000005, "review_time_pending_days_median": 27.093400000000003, "review_time_pending_update_days_avg": 16.400275000000001, "review_time_pending_update_days_median": 17.831049999999998, "submitted": 48}