{"ReviewsWaitingForReviewer": 3, "abandoned": 8, "merged": 19, "new": 4, "pending": 4, "review_time_days_avg": 24.785114285714286, "review_time_days_median": 0.3849, "review_time_pending_days_avg": 183.34726666666666, "review_time_pending_days_median": 192.42910000000001, "review_time_pending_update_days_avg": 78.314133333333331, "review_time_pending_update_days_median": 39.528199999999998, "submitted": 31}