{"abandoned": 12, "merged": 54, "new": 3, "pending": 3, "review_time_days_avg": 8.307038636363638, "review_time_days_median": 1.3671000000000002, "review_time_pending_days_avg": 13.277733333333336, "review_time_pending_days_median": 5.3277000000000001, "review_time_pending_update_days_avg": 6.2558333333333342, "review_time_pending_update_days_median": 5.3277000000000001, "submitted": 69}