{"ReviewsWaitingForReviewer": 0, "abandoned": 8, "merged": 53, "new": 1, "pending": 1, "review_time_days_avg": 14.142863157894734, "review_time_days_median": 1.5179, "review_time_pending_days_avg": 65.073300000000003, "review_time_pending_days_median": 65.073300000000003, "review_time_pending_update_days_avg": 0.30120000000000002, "review_time_pending_update_days_median": 0.30120000000000002, "submitted": 62}