{"ReviewsWaitingForReviewer": 3, "abandoned": 8, "merged": 19, "new": 4, "pending": 4, "review_time_days_avg": 24.785114285714286, "review_time_days_median": 0.3849, "review_time_pending_days_avg": 175.34416666666667, "review_time_pending_days_median": 184.42599999999999, "review_time_pending_update_days_avg": 70.311033333333327, "review_time_pending_update_days_median": 31.525099999999998, "submitted": 31}