{"abandoned": 7, "merged": 140, "new": 13, "pending": 13, "review_time_days_avg": 9.891996491228072, "review_time_days_median": 1.5053, "review_time_pending_days_avg": 156.33449230769233, "review_time_pending_days_median": 209.63990000000001, "review_time_pending_update_days_avg": 142.1864923076923, "review_time_pending_update_days_median": 199.8449, "submitted": 160}