{"abandoned": 40, "merged": 236, "new": 10, "pending": 10, "review_time_days_avg": 16.557579104477615, "review_time_days_median": 1.7655, "review_time_pending_days_avg": 119.18827500000002, "review_time_pending_days_median": 98.358599999999996, "review_time_pending_update_days_avg": 87.078025000000011, "review_time_pending_update_days_median": 79.859749999999991, "submitted": 286}