{"ReviewsWaitingForReviewer": 1, "abandoned": 4, "merged": 42, "new": 1, "pending": 1, "review_time_days_avg": 11.311040000000002, "review_time_days_median": 4.1637, "review_time_pending_days_avg": 153.77780000000001, "review_time_pending_days_median": 153.77780000000001, "review_time_pending_update_days_avg": 57.700200000000002, "review_time_pending_update_days_median": 57.700200000000002, "submitted": 47}