{"ReviewsWaitingForReviewer": 1, "abandoned": 1, "merged": 18, "new": 1, "pending": 1, "review_time_days_avg": 45.30188571428571, "review_time_days_median": 9.3586, "review_time_pending_days_avg": 8.1547000000000001, "review_time_pending_days_median": 8.1547000000000001, "review_time_pending_update_days_avg": 3.6598999999999999, "review_time_pending_update_days_median": 3.6598999999999999, "submitted": 20}