{"ReviewsWaitingForReviewer": 10, "abandoned": 45, "merged": 495, "new": 16, "pending": 16, "review_time_days_avg": 9.475422058823531, "review_time_days_median": 2.1534500000000003, "review_time_pending_days_avg": 210.01597857142858, "review_time_pending_days_median": 198.18900000000002, "review_time_pending_update_days_avg": 136.39340714285714, "review_time_pending_update_days_median": 141.42525000000001, "submitted": 556}