{"abandoned": 3, "merged": 17, "new": 1, "pending": 1, "review_time_days_avg": 4.3450999999999995, "review_time_days_median": 0.9293, "review_time_pending_days_avg": 1.7878000000000001, "review_time_pending_days_median": 1.7878000000000001, "review_time_pending_update_days_avg": 1.7878000000000001, "review_time_pending_update_days_median": 1.7878000000000001, "submitted": 21}