{"WaitingForSubmitter": 7, "abandoned": 28, "merged": 274, "new": 12, "pending": 12, "review_time_days_avg": 4.388174603174603, "review_time_days_median": 0.468, "review_time_pending_days_avg": 17.772641666666669, "review_time_pending_days_median": 18.025849999999998, "review_time_pending_update_days_avg": 13.900366666666665, "review_time_pending_update_days_median": 12.896850000000001, "submitted": 314}