{"abandoned": 9, "merged": 105, "new": 8, "pending": 8, "review_time_days_avg": 17.868611538461536, "review_time_days_median": 2.69825, "review_time_pending_days_avg": 68.261362500000004, "review_time_pending_days_median": 78.159150000000011, "review_time_pending_update_days_avg": 34.532737500000003, "review_time_pending_update_days_median": 25.017600000000002, "submitted": 122}