{"ReviewsWaitingForReviewer": 110, "abandoned": 933, "merged": 13528, "new": 140, "pending": 140, "review_time_days_avg": 7.434325906432747, "review_time_days_median": 0.4117, "review_time_pending_days_avg": 55.169012213740459, "review_time_pending_days_median": 30.257300000000001, "review_time_pending_update_days_avg": 25.790219083969475, "review_time_pending_update_days_median": 9.7279999999999998, "submitted": 14601}