{"ReviewsWaitingForReviewer": 0, "abandoned": 1, "merged": 10, "new": 1, "pending": 1, "review_time_days_avg": 1.02811, "review_time_days_median": 0.0060999999999999995, "review_time_pending_days_avg": 43.421900000000001, "review_time_pending_days_median": 43.421900000000001, "review_time_pending_update_days_avg": 43.421500000000002, "review_time_pending_update_days_median": 43.421500000000002, "submitted": 12}