{"abandoned": 69, "merged": 387, "new": 42, "pending": 42, "review_time_days_avg": 17.949035294117643, "review_time_days_median": 1.3241, "review_time_pending_days_avg": 201.58556153846152, "review_time_pending_days_median": 182.26954999999998, "review_time_pending_update_days_avg": 163.25913461538454, "review_time_pending_update_days_median": 174.69569999999999, "submitted": 498}