{"ReviewsWaitingForReviewer": 3, "abandoned": 52, "merged": 194, "new": 8, "pending": 8, "review_time_days_avg": 7.778326829268291, "review_time_days_median": 0.43565, "review_time_pending_days_avg": 65.548383333333334, "review_time_pending_days_median": 6.6498500000000007, "review_time_pending_update_days_avg": 41.878983333333331, "review_time_pending_update_days_median": 1.2242500000000001, "submitted": 254}