{"ReviewsWaitingForReviewer": 2, "abandoned": 5, "merged": 28, "new": 2, "pending": 2, "review_time_days_avg": 8.524658333333335, "review_time_days_median": 2.2123999999999997, "review_time_pending_days_avg": 253.85980000000001, "review_time_pending_days_median": 253.85980000000001, "review_time_pending_update_days_avg": 201.31585000000001, "review_time_pending_update_days_median": 201.31585000000001, "submitted": 35}