{"abandoned": 29, "merged": 350, "new": 15, "pending": 15, "review_time_days_avg": 4.350066025641027, "review_time_days_median": 0.15875, "review_time_pending_days_avg": 112.01900000000001, "review_time_pending_days_median": 110.1964, "review_time_pending_update_days_avg": 54.888746666666655, "review_time_pending_update_days_median": 54.513300000000001, "submitted": 394}