{"ReviewsWaitingForReviewer": 1, "abandoned": 31, "merged": 278, "new": 2, "pending": 2, "review_time_days_avg": 10.924917441860464, "review_time_days_median": 1.59165, "review_time_pending_days_avg": 59.006799999999998, "review_time_pending_days_median": 59.006799999999998, "review_time_pending_update_days_avg": 37.493299999999998, "review_time_pending_update_days_median": 37.493299999999998, "submitted": 311}