{"ReviewsWaitingForReviewer": 5, "abandoned": 41, "merged": 506, "new": 8, "pending": 8, "review_time_days_avg": 5.7069339207048495, "review_time_days_median": 0.467, "review_time_pending_days_avg": 107.97951249999998, "review_time_pending_days_median": 97.643049999999988, "review_time_pending_update_days_avg": 94.028037500000011, "review_time_pending_update_days_median": 80.911150000000006, "submitted": 555}