{"abandoned": 8, "merged": 19, "new": 4, "pending": 4, "review_time_days_avg": 24.785114285714286, "review_time_days_median": 0.3849, "review_time_pending_days_avg": 172.33626666666669, "review_time_pending_days_median": 181.41810000000001, "review_time_pending_update_days_avg": 67.303133333333335, "review_time_pending_update_days_median": 28.517199999999999, "submitted": 31}