{"abandoned": 35, "merged": 252, "new": 6, "pending": 6, "review_time_days_avg": 5.789846052631582, "review_time_days_median": 0.50535, "review_time_pending_days_avg": 88.665166666666664, "review_time_pending_days_median": 63.476149999999997, "review_time_pending_update_days_avg": 84.096299999999985, "review_time_pending_update_days_median": 62.422800000000002, "submitted": 293}