{"ReviewsWaitingForReviewer": 0, "abandoned": 24, "merged": 354, "new": 2, "pending": 2, "review_time_days_avg": 1.5167222222222216, "review_time_days_median": 0.2039, "review_time_pending_days_avg": 67.568399999999997, "review_time_pending_days_median": 67.568399999999997, "review_time_pending_update_days_avg": 6.9695999999999998, "review_time_pending_update_days_median": 6.9695999999999998, "submitted": 380}