{"abandoned": 4, "merged": 42, "new": 1, "pending": 1, "review_time_days_avg": 11.311040000000002, "review_time_days_median": 4.1637, "review_time_pending_days_avg": 141.76949999999999, "review_time_pending_days_median": 141.76949999999999, "review_time_pending_update_days_avg": 45.691899999999997, "review_time_pending_update_days_median": 45.691899999999997, "submitted": 47}