{"ReviewsWaitingForReviewer": 28, "abandoned": 98, "merged": 1100, "new": 35, "pending": 35, "review_time_days_avg": 4.13544922566372, "review_time_days_median": 0.8560000000000001, "review_time_pending_days_avg": 38.574311428571399, "review_time_pending_days_median": 23.566299999999998, "review_time_pending_update_days_avg": 27.909314285714284, "review_time_pending_update_days_median": 11.962, "submitted": 1233}