{"abandoned": 4, "merged": 16, "new": 1, "pending": 1, "review_time_days_avg": 31.361812499999996, "review_time_days_median": 4.3705, "review_time_pending_days_avg": 185.08179999999999, "review_time_pending_days_median": 185.08179999999999, "review_time_pending_update_days_avg": 22.550599999999999, "review_time_pending_update_days_median": 22.550599999999999, "submitted": 21}