{"ReviewsWaitingForReviewer": 5, "abandoned": 33, "merged": 484, "new": 8, "pending": 8, "review_time_days_avg": 4.360509756097559, "review_time_days_median": 0.9286, "review_time_pending_days_avg": 116.19186249999998, "review_time_pending_days_median": 112.29974999999999, "review_time_pending_update_days_avg": 111.90908750000001, "review_time_pending_update_days_median": 112.28819999999999, "submitted": 525}