{"abandoned": 1, "merged": 9, "new": 2, "pending": 2, "review_time_days_avg": 0.40785000000000005, "review_time_days_median": 0.40785000000000005, "review_time_pending_days_avg": 41.951599999999999, "review_time_pending_days_median": 41.951599999999999, "review_time_pending_update_days_avg": 41.9512, "review_time_pending_update_days_median": 41.9512, "submitted": 12}