{"abandoned": 915, "merged": 13400, "new": 136, "pending": 136, "review_time_days_avg": 7.2332945378151265, "review_time_days_median": 0.41515, "review_time_pending_days_avg": 62.858866141732278, "review_time_pending_days_median": 36.648899999999998, "review_time_pending_update_days_avg": 30.711240944881887, "review_time_pending_update_days_median": 9.6786999999999992, "submitted": 14451}