{"WaitingForSubmitter": 9, "abandoned": 32, "merged": 415, "new": 4, "pending": 4, "review_time_days_avg": 3.463782608695652, "review_time_days_median": 0.7023, "review_time_pending_days_avg": 250.7771333333333, "review_time_pending_days_median": 265.11720000000003, "review_time_pending_update_days_avg": 130.76136666666665, "review_time_pending_update_days_median": 80.423100000000005, "submitted": 451}