{"ReviewsWaitingForReviewer": 20, "abandoned": 343, "merged": 3968, "new": 42, "pending": 42, "review_time_days_avg": 5.1937270077007724, "review_time_days_median": 0.76885, "review_time_pending_days_avg": 66.270243902439006, "review_time_pending_days_median": 34.397399999999998, "review_time_pending_update_days_avg": 41.45423414634147, "review_time_pending_update_days_median": 17.838899999999999, "submitted": 4353}