{"abandoned": 13, "merged": 170, "new": 12, "pending": 12, "review_time_days_avg": 12.212486458333332, "review_time_days_median": 1.4082, "review_time_pending_days_avg": 136.44145833333334, "review_time_pending_days_median": 149.21334999999999, "review_time_pending_update_days_avg": 67.984249999999989, "review_time_pending_update_days_median": 57.121499999999997, "submitted": 195}