{"abandoned": 31, "merged": 278, "new": 2, "pending": 2, "review_time_days_avg": 10.924917441860464, "review_time_days_median": 1.59165, "review_time_pending_days_avg": 53.043300000000002, "review_time_pending_days_median": 53.043300000000002, "review_time_pending_update_days_avg": 35.201099999999997, "review_time_pending_update_days_median": 35.201099999999997, "submitted": 311}