{"ReviewsWaitingForReviewer": 1, "abandoned": 1, "merged": 29, "new": 2, "pending": 2, "review_time_days_avg": 12.767656521739132, "review_time_days_median": 2.1133, "review_time_pending_days_avg": 135.21539999999999, "review_time_pending_days_median": 135.21539999999999, "review_time_pending_update_days_avg": 116.01124999999999, "review_time_pending_update_days_median": 116.01124999999999, "submitted": 32}