{"ReviewsWaitingForReviewer": 2, "abandoned": 44, "merged": 458, "new": 21, "pending": 21, "review_time_days_avg": 3.270429639175259, "review_time_days_median": 0.9377, "review_time_pending_days_avg": 61.610099999999996, "review_time_pending_days_median": 58.515900000000002, "review_time_pending_update_days_avg": 45.743538095238101, "review_time_pending_update_days_median": 36.030999999999999, "submitted": 523}