{"ReviewsWaitingForReviewer": 10, "abandoned": 45, "merged": 495, "new": 17, "pending": 17, "review_time_days_avg": 9.475422058823531, "review_time_days_median": 2.1534500000000003, "review_time_pending_days_avg": 198.93019333333331, "review_time_pending_days_median": 196.0771, "review_time_pending_update_days_avg": 130.21563333333333, "review_time_pending_update_days_median": 144.24780000000001, "submitted": 557}