{"abandoned": 12, "merged": 58, "new": 17, "pending": 17, "review_time_days_avg": 10.644491176470586, "review_time_days_median": 3.82495, "review_time_pending_days_avg": 149.18686470588236, "review_time_pending_days_median": 106.6075, "review_time_pending_update_days_avg": 106.11061176470588, "review_time_pending_update_days_median": 35.226999999999997, "submitted": 87}