{"abandoned": 21, "merged": 233, "new": 9, "pending": 9, "review_time_days_avg": 15.723143065693431, "review_time_days_median": 0.5764, "review_time_pending_days_avg": 81.753983333333323, "review_time_pending_days_median": 75.146950000000004, "review_time_pending_update_days_avg": 33.657950000000007, "review_time_pending_update_days_median": 9.0935000000000006, "submitted": 263}