{"abandoned": 39, "merged": 336, "new": 27, "pending": 27, "review_time_days_avg": 3.8158989399293293, "review_time_days_median": 1.1322, "review_time_pending_days_avg": 33.585514814814815, "review_time_pending_days_median": 16.217199999999998, "review_time_pending_update_days_avg": 25.298907407407409, "review_time_pending_update_days_median": 9.9733999999999998, "submitted": 402}