{"abandoned": 4, "merged": 41, "new": 1, "pending": 1, "review_time_days_avg": 18.1997375, "review_time_days_median": 5.0418, "review_time_pending_days_avg": 215.68729999999999, "review_time_pending_days_median": 215.68729999999999, "review_time_pending_update_days_avg": 215.68690000000001, "review_time_pending_update_days_median": 215.68690000000001, "submitted": 46}