{"ReviewsWaitingForReviewer": 6, "abandoned": 142, "merged": 850, "new": 9, "pending": 9, "review_time_days_avg": 11.864507812500003, "review_time_days_median": 0.2517, "review_time_pending_days_avg": 256.77344285714287, "review_time_pending_days_median": 282.10230000000001, "review_time_pending_update_days_avg": 124.38164285714286, "review_time_pending_update_days_median": 134.64359999999999, "submitted": 1001}