{"abandoned": 7, "merged": 140, "new": 13, "pending": 13, "review_time_days_avg": 9.891996491228072, "review_time_days_median": 1.5053, "review_time_pending_days_avg": 157.75220769230771, "review_time_pending_days_median": 211.05760000000001, "review_time_pending_update_days_avg": 143.60422307692306, "review_time_pending_update_days_median": 201.2627, "submitted": 160}