{"abandoned": 25, "merged": 202, "new": 9, "pending": 9, "review_time_days_avg": 17.987215909090917, "review_time_days_median": 2.09545, "review_time_pending_days_avg": 166.8535, "review_time_pending_days_median": 197.38640000000001, "review_time_pending_update_days_avg": 120.19799999999999, "review_time_pending_update_days_median": 136.07910000000001, "submitted": 236}