{"abandoned": 7, "merged": 49, "new": 1, "pending": 1, "review_time_days_avg": 0.9707800000000001, "review_time_days_median": 0.2473, "review_time_pending_days_avg": 130.43010000000001, "review_time_pending_days_median": 130.43010000000001, "review_time_pending_update_days_avg": 93.458399999999997, "review_time_pending_update_days_median": 93.458399999999997, "submitted": 57}