{"ReviewsWaitingForReviewer": 8, "abandoned": 10, "merged": 81, "new": 10, "pending": 10, "review_time_days_avg": 5.640199999999998, "review_time_days_median": 0.8511, "review_time_pending_days_avg": 100.38823999999998, "review_time_pending_days_median": 81.879800000000003, "review_time_pending_update_days_avg": 46.378050000000002, "review_time_pending_update_days_median": 34.717649999999999, "submitted": 101}