{"WaitingForSubmitter": 0, "abandoned": 8, "merged": 53, "new": 1, "pending": 1, "review_time_days_avg": 14.142863157894734, "review_time_days_median": 1.5179, "review_time_pending_days_avg": 55.460099999999997, "review_time_pending_days_median": 55.460099999999997, "review_time_pending_update_days_avg": 3.1185999999999998, "review_time_pending_update_days_median": 3.1185999999999998, "submitted": 62}