{"abandoned": 6, "merged": 58, "new": 11, "pending": 11, "review_time_days_avg": 12.65417777777778, "review_time_days_median": 5.9316, "review_time_pending_days_avg": 123.98314285714287, "review_time_pending_days_median": 30.403700000000001, "review_time_pending_update_days_avg": 63.30518571428572, "review_time_pending_update_days_median": 30.273800000000001, "submitted": 75}