{"ReviewsWaitingForReviewer": 6, "abandoned": 13, "merged": 170, "new": 13, "pending": 13, "review_time_days_avg": 12.212486458333332, "review_time_days_median": 1.4082, "review_time_pending_days_avg": 137.33951538461537, "review_time_pending_days_median": 159.02969999999999, "review_time_pending_update_days_avg": 74.064476923076924, "review_time_pending_update_days_median": 68.764399999999995, "submitted": 196}