{"abandoned": 3, "merged": 21, "new": 2, "pending": 2, "review_time_days_avg": 22.21178, "review_time_days_median": 8.1056, "review_time_pending_days_avg": 5.6955999999999998, "review_time_pending_days_median": 5.6955999999999998, "review_time_pending_update_days_avg": 5.2845000000000004, "review_time_pending_update_days_median": 5.2845000000000004, "submitted": 26}