{"ReviewsWaitingForReviewer": 0, "abandoned": 32, "merged": 415, "new": 4, "pending": 4, "review_time_days_avg": 3.463782608695652, "review_time_days_median": 0.7023, "review_time_pending_days_avg": 258.38606666666669, "review_time_pending_days_median": 272.72609999999997, "review_time_pending_update_days_avg": 129.31559999999999, "review_time_pending_update_days_median": 88.031999999999996, "submitted": 451}