{"abandoned": 8, "merged": 32, "new": 7, "pending": 7, "review_time_days_avg": 6.36849375, "review_time_days_median": 0.56165, "review_time_pending_days_avg": 57.824175000000004, "review_time_pending_days_median": 52.842849999999999, "review_time_pending_update_days_avg": 53.311050000000009, "review_time_pending_update_days_median": 48.878999999999998, "submitted": 47}