{"abandoned": 32, "merged": 473, "new": 11, "pending": 11, "review_time_days_avg": 4.317774999999998, "review_time_days_median": 0.9187, "review_time_pending_days_avg": 80.800827272727261, "review_time_pending_days_median": 42.6813, "review_time_pending_update_days_avg": 76.90749090909091, "review_time_pending_update_days_median": 28.776700000000002, "submitted": 516}