{"abandoned": 5, "merged": 96, "new": 5, "pending": 5, "review_time_days_avg": 2.731533333333333, "review_time_days_median": 0.7073, "review_time_pending_days_avg": 124.8984, "review_time_pending_days_median": 130.98310000000001, "review_time_pending_update_days_avg": 88.391300000000001, "review_time_pending_update_days_median": 90.081950000000006, "submitted": 106}