{"ReviewsWaitingForReviewer": 2, "abandoned": 1, "merged": 9, "new": 2, "pending": 2, "review_time_days_avg": 24.488175000000002, "review_time_days_median": 15.37955, "review_time_pending_days_avg": 41.959249999999997, "review_time_pending_days_median": 41.959249999999997, "review_time_pending_update_days_avg": 41.944000000000003, "review_time_pending_update_days_median": 41.944000000000003, "submitted": 12}