{"abandoned": 8, "merged": 40, "new": 6, "pending": 6, "review_time_days_avg": 8.808653846153847, "review_time_days_median": 2.0318, "review_time_pending_days_avg": 70.393766666666664, "review_time_pending_days_median": 16.291599999999999, "review_time_pending_update_days_avg": 64.092399999999998, "review_time_pending_update_days_median": 16.289300000000001, "submitted": 54}