{"ReviewsWaitingForReviewer": 3, "abandoned": 52, "merged": 196, "new": 7, "pending": 7, "review_time_days_avg": 7.698667469879517, "review_time_days_median": 0.4908, "review_time_pending_days_avg": 80.487079999999992, "review_time_pending_days_median": 10.599399999999999, "review_time_pending_update_days_avg": 50.866439999999997, "review_time_pending_update_days_median": 0.99299999999999999, "submitted": 255}