{"abandoned": 10, "merged": 81, "new": 10, "pending": 10, "review_time_days_avg": 5.640199999999998, "review_time_days_median": 0.8511, "review_time_pending_days_avg": 96.333670000000012, "review_time_pending_days_median": 77.825249999999997, "review_time_pending_update_days_avg": 42.32347, "review_time_pending_update_days_median": 30.663049999999998, "submitted": 101}