{"ReviewsWaitingForReviewer": 5, "abandoned": 6, "merged": 96, "new": 5, "pending": 5, "review_time_days_avg": 2.731533333333333, "review_time_days_median": 0.7073, "review_time_pending_days_avg": 110.53762500000002, "review_time_pending_days_median": 134.97550000000001, "review_time_pending_update_days_avg": 90.006500000000003, "review_time_pending_update_days_median": 94.074299999999994, "submitted": 107}