{"abandoned": 6, "merged": 58, "new": 11, "pending": 11, "review_time_days_avg": 12.65417777777778, "review_time_days_median": 5.9316, "review_time_pending_days_avg": 124.96824285714285, "review_time_pending_days_median": 31.3888, "review_time_pending_update_days_avg": 64.290285714285716, "review_time_pending_update_days_median": 31.258900000000001, "submitted": 75}