{"abandoned": 42, "merged": 241, "new": 14, "pending": 14, "review_time_days_avg": 15.52249722222222, "review_time_days_median": 1.49335, "review_time_pending_days_avg": 91.542958333333317, "review_time_pending_days_median": 57.378500000000003, "review_time_pending_update_days_avg": 54.697700000000005, "review_time_pending_update_days_median": 18.136099999999999, "submitted": 297}