{"abandoned": 8, "merged": 19, "new": 4, "pending": 4, "review_time_days_avg": 24.785114285714286, "review_time_days_median": 0.3849, "review_time_pending_days_avg": 174.3116666666667, "review_time_pending_days_median": 183.39349999999999, "review_time_pending_update_days_avg": 69.278533333333328, "review_time_pending_update_days_median": 30.492599999999999, "submitted": 31}