{"abandoned": 6, "merged": 59, "new": 3, "pending": 3, "review_time_days_avg": 6.7161346938775495, "review_time_days_median": 0.939, "review_time_pending_days_avg": 183.05123333333333, "review_time_pending_days_median": 236.04429999999999, "review_time_pending_update_days_avg": 130.24006666666665, "review_time_pending_update_days_median": 143.64850000000001, "submitted": 68}