{"ReviewsWaitingForReviewer": 20, "abandoned": 371, "merged": 3417, "new": 32, "pending": 32, "review_time_days_avg": 3.0523490118577086, "review_time_days_median": 0.7737, "review_time_pending_days_avg": 15.732934374999999, "review_time_pending_days_median": 9.8919999999999995, "review_time_pending_update_days_avg": 8.0108781249999996, "review_time_pending_update_days_median": 3.2517499999999999, "submitted": 3820}