{"ReviewsWaitingForReviewer": 96, "abandoned": 939, "merged": 13756, "new": 133, "pending": 133, "review_time_days_avg": 7.552934606741574, "review_time_days_median": 0.41774999999999995, "review_time_pending_ReviewsWaitingForReviewer_days_avg": 59.367713541666681, "review_time_pending_ReviewsWaitingForReviewer_days_median": 37.745549999999994, "review_time_pending_days_avg": 65.110206451612896, "review_time_pending_days_median": 41.445700000000002, "review_time_pending_update_ReviewsWaitingForReviewer_days_avg": 29.123034375000003, "review_time_pending_update_ReviewsWaitingForReviewer_days_median": 16.659600000000001, "review_time_pending_update_days_avg": 34.081694354838689, "review_time_pending_update_days_median": 16.748950000000001, "submitted": 14828}