{"abandoned": 142, "merged": 847, "new": 9, "pending": 9, "review_time_days_avg": 12.443295081967216, "review_time_days_median": 0.2625, "review_time_pending_days_avg": 224.76997142857141, "review_time_pending_days_median": 250.09880000000001, "review_time_pending_update_days_avg": 92.378157142857134, "review_time_pending_update_days_median": 102.6401, "submitted": 998}