{"abandoned": 115, "merged": 659, "new": 6, "pending": 6, "review_time_days_avg": 2.9147260273972604, "review_time_days_median": 0.364, "review_time_pending_days_avg": 102.02786666666668, "review_time_pending_days_median": 100.09755, "review_time_pending_update_days_avg": 46.898716666666672, "review_time_pending_update_days_median": 54.785899999999998, "submitted": 780}