{"ReviewsWaitingForReviewer": 4, "abandoned": 6, "merged": 59, "new": 11, "pending": 11, "review_time_days_avg": 12.65417777777778, "review_time_days_median": 5.9316, "review_time_pending_days_avg": 129.99774285714287, "review_time_pending_days_median": 36.418300000000002, "review_time_pending_update_days_avg": 68.296814285714277, "review_time_pending_update_days_median": 36.288400000000003, "submitted": 76}