{"ReviewsWaitingForReviewer": 2, "abandoned": 35, "merged": 268, "new": 4, "pending": 4, "review_time_days_avg": 5.613562345679011, "review_time_days_median": 0.6511, "review_time_pending_days_avg": 92.827475000000021, "review_time_pending_days_median": 83.616299999999995, "review_time_pending_update_days_avg": 90.448650000000015, "review_time_pending_update_days_median": 83.041150000000002, "submitted": 307}