{"abandoned": 5, "merged": 28, "new": 2, "pending": 2, "review_time_days_avg": 8.524658333333335, "review_time_days_median": 2.2123999999999997, "review_time_pending_days_avg": 218.84859999999998, "review_time_pending_days_median": 218.84859999999998, "review_time_pending_update_days_avg": 166.30464999999998, "review_time_pending_update_days_median": 166.30464999999998, "submitted": 35}