{"ReviewsWaitingForReviewer": 3, "abandoned": 7, "merged": 47, "new": 3, "pending": 3, "review_time_days_avg": 6.667352173913042, "review_time_days_median": 1.3671, "review_time_pending_days_avg": 2.7419333333333333, "review_time_pending_days_median": 2.5114999999999998, "review_time_pending_update_days_avg": 2.4654000000000003, "review_time_pending_update_days_median": 2.5083000000000002, "submitted": 57}