{"abandoned": 6, "merged": 58, "new": 11, "pending": 11, "review_time_days_avg": 12.65417777777778, "review_time_days_median": 5.9316, "review_time_pending_days_avg": 121.0271, "review_time_pending_days_median": 27.447600000000001, "review_time_pending_update_days_avg": 63.678942857142864, "review_time_pending_update_days_median": 27.317799999999998, "submitted": 75}