{"ReviewsWaitingForReviewer": 7, "abandoned": 10, "merged": 82, "new": 9, "pending": 9, "review_time_days_avg": 6.293519753086419, "review_time_days_median": 0.9123, "review_time_pending_days_avg": 109.05115555555555, "review_time_pending_days_median": 95.415199999999999, "review_time_pending_update_days_avg": 54.826955555555564, "review_time_pending_update_days_median": 44.827100000000002, "submitted": 101}