{"abandoned": 9, "merged": 140, "new": 18, "pending": 18, "review_time_days_avg": 9.463226744186045, "review_time_days_median": 0.036449999999999996, "review_time_pending_days_avg": 72.245847058823514, "review_time_pending_days_median": 5.2896999999999998, "review_time_pending_update_days_avg": 60.411741176470592, "review_time_pending_update_days_median": 5.2896999999999998, "submitted": 167}