{"ReviewsWaitingForReviewer": 3, "abandoned": 31, "merged": 281, "new": 3, "pending": 3, "review_time_days_avg": 10.602373033707863, "review_time_days_median": 1.4399, "review_time_pending_days_avg": 42.484400000000001, "review_time_pending_days_median": 52.595599999999997, "review_time_pending_update_days_avg": 25.086933333333334, "review_time_pending_update_days_median": 1.3116000000000001, "submitted": 315}