{"abandoned": 154, "merged": 1710, "new": 16, "pending": 16, "review_time_days_avg": 3.535002302631577, "review_time_days_median": 0.14135, "review_time_pending_days_avg": 242.6008444444445, "review_time_pending_days_median": 266.30130000000003, "review_time_pending_update_days_avg": 183.78552222222223, "review_time_pending_update_days_median": 170.25970000000001, "submitted": 1880}