{"abandoned": 1, "merged": 61, "new": 2, "pending": 2, "review_time_days_avg": 1.259741176470588, "review_time_days_median": 0.047549999999999995, "review_time_pending_days_avg": 204.76990000000001, "review_time_pending_days_median": 204.76990000000001, "review_time_pending_update_days_avg": 135.52209999999999, "review_time_pending_update_days_median": 135.52209999999999, "submitted": 64}