{"abandoned": 29, "merged": 349, "new": 15, "pending": 15, "review_time_days_avg": 4.377687096774195, "review_time_days_median": 0.1615, "review_time_pending_days_avg": 111.08752666666666, "review_time_pending_days_median": 109.2649, "review_time_pending_update_days_avg": 54.137899999999995, "review_time_pending_update_days_median": 53.581800000000001, "submitted": 393}