{"abandoned": 9, "merged": 105, "new": 8, "pending": 8, "review_time_days_avg": 17.868611538461536, "review_time_days_median": 2.69825, "review_time_pending_days_avg": 67.223287499999998, "review_time_pending_days_median": 77.121099999999998, "review_time_pending_update_days_avg": 33.494662500000004, "review_time_pending_update_days_median": 23.979500000000002, "submitted": 122}