{"abandoned": 12, "merged": 54, "new": 3, "pending": 3, "review_time_days_avg": 8.307038636363638, "review_time_days_median": 1.3671000000000002, "review_time_pending_days_avg": 15.273133333333332, "review_time_pending_days_median": 7.3231000000000002, "review_time_pending_update_days_avg": 8.2512333333333334, "review_time_pending_update_days_median": 7.3231000000000002, "submitted": 69}