{"abandoned": 25, "merged": 202, "new": 9, "pending": 9, "review_time_days_avg": 17.987215909090917, "review_time_days_median": 2.09545, "review_time_pending_days_avg": 169.81303750000001, "review_time_pending_days_median": 200.34595000000002, "review_time_pending_update_days_avg": 123.15757499999999, "review_time_pending_update_days_median": 139.03870000000001, "submitted": 236}