{"abandoned": 7, "merged": 86, "new": 21, "pending": 21, "review_time_days_avg": 30.12673636363636, "review_time_days_median": 16.6364, "review_time_pending_days_avg": 50.072995238095231, "review_time_pending_days_median": 6.6866000000000003, "review_time_pending_update_days_avg": 19.277100000000001, "review_time_pending_update_days_median": 6.6627000000000001, "submitted": 114}