{"abandoned": 89, "merged": 985, "new": 39, "pending": 39, "review_time_days_avg": 3.7392548780487824, "review_time_days_median": 0.8569500000000001, "review_time_pending_days_avg": 28.738851282051289, "review_time_pending_days_median": 14.5449, "review_time_pending_update_days_avg": 19.579138461538466, "review_time_pending_update_days_median": 4.6520999999999999, "submitted": 1113}