{"abandoned": 12, "merged": 58, "new": 17, "pending": 17, "review_time_days_avg": 10.644491176470586, "review_time_days_median": 3.82495, "review_time_pending_days_avg": 130.12798235294122, "review_time_pending_days_median": 87.548599999999993, "review_time_pending_update_days_avg": 87.051735294117648, "review_time_pending_update_days_median": 16.168199999999999, "submitted": 87}