{"ReviewsWaitingForReviewer": 6, "abandoned": 142, "merged": 850, "new": 9, "pending": 9, "review_time_days_avg": 11.864507812500003, "review_time_days_median": 0.2517, "review_time_pending_days_avg": 254.80682857142855, "review_time_pending_days_median": 280.13569999999999, "review_time_pending_update_days_avg": 122.41502857142858, "review_time_pending_update_days_median": 132.67689999999999, "submitted": 1001}