{"ReviewsWaitingForReviewer": 0, "abandoned": 32, "merged": 415, "new": 4, "pending": 4, "review_time_days_avg": 3.463782608695652, "review_time_days_median": 0.7023, "review_time_pending_days_avg": 259.39313333333331, "review_time_pending_days_median": 273.73320000000001, "review_time_pending_update_days_avg": 130.32263333333333, "review_time_pending_update_days_median": 89.039100000000005, "submitted": 451}