{"abandoned": 14, "merged": 239, "new": 1, "pending": 1, "review_time_days_avg": 7.455222388059699, "review_time_days_median": 0.759, "review_time_pending_days_avg": 316.20179999999999, "review_time_pending_days_median": 316.20179999999999, "review_time_pending_update_days_avg": 289.32369999999997, "review_time_pending_update_days_median": 289.32369999999997, "submitted": 254}