{"abandoned": 1, "merged": 59, "new": 2, "pending": 2, "review_time_days_avg": 1.259741176470588, "review_time_days_median": 0.047549999999999995, "review_time_pending_days_avg": 201.74889999999999, "review_time_pending_days_median": 201.74889999999999, "review_time_pending_update_days_avg": 132.50110000000001, "review_time_pending_update_days_median": 132.50110000000001, "submitted": 62}