{"abandoned": 37, "merged": 281, "new": 9, "pending": 9, "review_time_days_avg": 4.397849999999997, "review_time_days_median": 0.23070000000000002, "review_time_pending_days_avg": 96.9853375, "review_time_pending_days_median": 15.04885, "review_time_pending_update_days_avg": 96.181212499999987, "review_time_pending_update_days_median": 13.331849999999999, "submitted": 327}