{"ReviewsWaitingForReviewer": 1, "abandoned": 1, "merged": 17, "new": 1, "pending": 1, "review_time_days_avg": 8.153775000000001, "review_time_days_median": 0.3895, "review_time_pending_days_avg": 5.8846999999999996, "review_time_pending_days_median": 5.8846999999999996, "review_time_pending_update_days_avg": 5.8777999999999997, "review_time_pending_update_days_median": 5.8777999999999997, "submitted": 19}