{"abandoned": 24, "merged": 351, "new": 2, "pending": 2, "review_time_days_avg": 1.5167222222222216, "review_time_days_median": 0.2039, "review_time_pending_days_avg": 63.514049999999997, "review_time_pending_days_median": 63.514049999999997, "review_time_pending_update_days_avg": 2.9153000000000002, "review_time_pending_update_days_median": 2.9153000000000002, "submitted": 377}