{"abandoned": 358, "merged": 3260, "new": 18, "pending": 18, "review_time_days_avg": 3.1610340611353744, "review_time_days_median": 0.80735, "review_time_pending_days_avg": 20.848205555555555, "review_time_pending_days_median": 10.492049999999999, "review_time_pending_update_days_avg": 8.9533111111111126, "review_time_pending_update_days_median": 4.5222499999999997, "submitted": 3636}