{"abandoned": 10, "merged": 76, "new": 11, "pending": 11, "review_time_days_avg": 5.709674666666666, "review_time_days_median": 0.9123, "review_time_pending_days_avg": 68.253536363636371, "review_time_pending_days_median": 46.259700000000002, "review_time_pending_update_days_avg": 26.960299999999997, "review_time_pending_update_days_median": 14.8147, "submitted": 97}