{"abandoned": 154, "merged": 1706, "new": 18, "pending": 18, "review_time_days_avg": 3.287243377483442, "review_time_days_median": 0.14015, "review_time_pending_days_avg": 192.31780000000001, "review_time_pending_days_median": 186.56469999999999, "review_time_pending_update_days_avg": 144.18390909090908, "review_time_pending_update_days_median": 133.2818, "submitted": 1878}