{"abandoned": 1421, "merged": 11443, "new": 468, "pending": 468, "review_time_days_avg": 14.17002933297616, "review_time_days_median": 0.8225, "review_time_pending_days_avg": 119.78926368421045, "review_time_pending_days_median": 85.075850000000003, "review_time_pending_update_days_avg": 67.295964210526421, "review_time_pending_update_days_median": 30.955649999999999, "submitted": 13332}