{"abandoned": 40, "merged": 232, "new": 11, "pending": 11, "review_time_days_avg": 17.39896031746032, "review_time_days_median": 2.2272, "review_time_pending_days_avg": 103.29297777777778, "review_time_pending_days_median": 74.182000000000002, "review_time_pending_update_days_avg": 74.445711111111109, "review_time_pending_update_days_median": 40.324599999999997, "submitted": 283}