{"ReviewsWaitingForReviewer": 7, "abandoned": 10, "merged": 82, "new": 9, "pending": 9, "review_time_days_avg": 6.293519753086419, "review_time_days_median": 0.9123, "review_time_pending_days_avg": 106.06237777777778, "review_time_pending_days_median": 92.426400000000001, "review_time_pending_update_days_avg": 51.838188888888894, "review_time_pending_update_days_median": 41.838299999999997, "submitted": 101}