{"abandoned": 10, "merged": 105, "new": 2, "pending": 2, "review_time_days_avg": 3.8351677777777766, "review_time_days_median": 0.9540500000000001, "review_time_pending_days_avg": 8.4676999999999989, "review_time_pending_days_median": 8.4676999999999989, "review_time_pending_update_days_avg": 3.3519999999999999, "review_time_pending_update_days_median": 3.3519999999999999, "submitted": 117}