{"abandoned": 1420, "merged": 11405, "new": 471, "pending": 471, "review_time_days_avg": 14.287578156258448, "review_time_days_median": 0.8463, "review_time_pending_days_avg": 117.91707284595299, "review_time_pending_days_median": 83.478099999999998, "review_time_pending_update_days_avg": 66.090481201044398, "review_time_pending_update_days_median": 29.4054, "submitted": 13296}