{"WaitingForSubmitter": 12, "abandoned": 7, "merged": 86, "new": 21, "pending": 21, "review_time_days_avg": 30.12673636363636, "review_time_days_median": 16.6364, "review_time_pending_days_avg": 55.423523809523829, "review_time_pending_days_median": 12.037100000000001, "review_time_pending_update_days_avg": 24.627633333333332, "review_time_pending_update_days_median": 12.013199999999999, "submitted": 114}