{"abandoned": 28, "merged": 418, "new": 9, "pending": 9, "review_time_days_avg": 4.716425373134326, "review_time_days_median": 1.0483, "review_time_pending_days_avg": 79.306522222222213, "review_time_pending_days_median": 36.390500000000003, "review_time_pending_update_days_avg": 75.95541111111109, "review_time_pending_update_days_median": 36.388800000000003, "submitted": 455}