{"abandoned": 361, "merged": 3276, "new": 19, "pending": 19, "review_time_days_avg": 3.1542614275414587, "review_time_days_median": 0.7958, "review_time_pending_days_avg": 17.14709473684211, "review_time_pending_days_median": 4.5616000000000003, "review_time_pending_update_days_avg": 7.3188947368421067, "review_time_pending_update_days_median": 2.8589000000000002, "submitted": 3656}