{"ReviewsWaitingForReviewer": 1, "abandoned": 1, "merged": 27, "new": 2, "pending": 2, "review_time_days_avg": 13.324150000000001, "review_time_days_median": 2.2389, "review_time_pending_days_avg": 133.32170000000002, "review_time_pending_days_median": 133.32170000000002, "review_time_pending_update_days_avg": 114.11754999999999, "review_time_pending_update_days_median": 114.11754999999999, "submitted": 30}