{"abandoned": 86, "merged": 957, "new": 37, "pending": 37, "review_time_days_avg": 3.506277455919397, "review_time_days_median": 0.85395, "review_time_pending_days_avg": 34.584183783783779, "review_time_pending_days_median": 24.252400000000002, "review_time_pending_update_days_avg": 23.262372972972972, "review_time_pending_update_days_median": 4.7251000000000003, "submitted": 1080}