{"abandoned": 10, "merged": 81, "new": 10, "pending": 10, "review_time_days_avg": 5.640199999999998, "review_time_days_median": 0.8511, "review_time_pending_days_avg": 93.324010000000015, "review_time_pending_days_median": 74.815550000000002, "review_time_pending_update_days_avg": 44.522059999999996, "review_time_pending_update_days_median": 42.4148, "submitted": 101}