{"ReviewsWaitingForSubmitter": 1, "abandoned": 7, "merged": 63, "new": 3, "pending": 3, "review_time_days_avg": 6.285009433962262, "review_time_days_median": 0.2991, "review_time_pending_days_avg": 122.41719999999999, "review_time_pending_days_median": 74.433700000000002, "review_time_pending_update_days_avg": 25.419466666666668, "review_time_pending_update_days_median": 23.494199999999999, "submitted": 73}