{"abandoned": 8, "merged": 32, "new": 7, "pending": 7, "review_time_days_avg": 6.36849375, "review_time_days_median": 0.56165, "review_time_pending_days_avg": 76.823249999999987, "review_time_pending_days_median": 71.841899999999995, "review_time_pending_update_days_avg": 72.310149999999993, "review_time_pending_update_days_median": 67.878099999999989, "submitted": 47}