{"ReviewsWaitingForReviewer": 3, "abandoned": 19, "merged": 410, "new": 3, "pending": 3, "review_time_days_avg": 0.7744307692307694, "review_time_days_median": 0.0257, "review_time_pending_days_avg": 11.383766666666666, "review_time_pending_days_median": 4.4508000000000001, "review_time_pending_update_days_avg": 7.7279666666666671, "review_time_pending_update_days_median": 4.4217000000000004, "submitted": 432}