{"abandoned": 370, "merged": 3402, "new": 22, "pending": 22, "review_time_days_avg": 3.0690984707446822, "review_time_days_median": 0.7746, "review_time_pending_days_avg": 14.805772727272727, "review_time_pending_days_median": 4.3208500000000001, "review_time_pending_update_days_avg": 6.4825545454545441, "review_time_pending_update_days_median": 2.2676499999999997, "submitted": 3794}