{"ReviewsWaitingForReviewer": 23, "abandoned": 343, "merged": 3969, "new": 44, "pending": 44, "review_time_days_avg": 5.196198295766907, "review_time_days_median": 0.7698, "review_time_pending_days_avg": 63.978258139534859, "review_time_pending_days_median": 33.389099999999999, "review_time_pending_update_days_avg": 40.083423255813948, "review_time_pending_update_days_median": 16.689299999999999, "submitted": 4356}