{"ReviewsWaitingForReviewer": 2, "abandoned": 4, "merged": 33, "new": 2, "pending": 2, "review_time_days_avg": 2.0477217391304348, "review_time_days_median": 0.5118, "review_time_pending_days_avg": 109.99894999999999, "review_time_pending_days_median": 109.99894999999999, "review_time_pending_update_days_avg": 48.058349999999997, "review_time_pending_update_days_median": 48.058349999999997, "submitted": 39}