{"abandoned": 88, "merged": 1583, "new": 8, "pending": 8, "review_time_days_avg": 4.573883829787229, "review_time_days_median": 0.27765, "review_time_pending_days_avg": 73.484625000000008, "review_time_pending_days_median": 44.124449999999996, "review_time_pending_update_days_avg": 13.0727875, "review_time_pending_update_days_median": 12.234200000000001, "submitted": 1679}