{"ReviewsWaitingForReviewer": 4, "abandoned": 5, "merged": 34, "new": 5, "pending": 5, "review_time_days_avg": 11.482642857142858, "review_time_days_median": 0.0842, "review_time_pending_days_avg": 141.96923999999999, "review_time_pending_days_median": 82.210300000000004, "review_time_pending_update_days_avg": 79.276500000000013, "review_time_pending_update_days_median": 44.624699999999997, "submitted": 44}