{"abandoned": 37, "merged": 286, "new": 6, "pending": 6, "review_time_days_avg": 4.895163829787232, "review_time_days_median": 0.2752, "review_time_pending_days_avg": 173.66202000000001, "review_time_pending_days_median": 182.2347, "review_time_pending_update_days_avg": 173.24043999999998, "review_time_pending_update_days_median": 182.23439999999999, "submitted": 329}