{"abandoned": 65, "merged": 1010, "new": 9, "pending": 9, "review_time_days_avg": 2.3164967687074816, "review_time_days_median": 0.17930000000000001, "review_time_pending_days_avg": 75.456999999999994, "review_time_pending_days_median": 29.628799999999998, "review_time_pending_update_days_avg": 18.7911, "review_time_pending_update_days_median": 13.5562, "submitted": 1084}