{"WaitingForSubmitter": 10, "abandoned": 65, "merged": 1026, "new": 9, "pending": 9, "review_time_days_avg": 2.3139832781456944, "review_time_days_median": 0.17695, "review_time_pending_days_avg": 96.46261111111113, "review_time_pending_days_median": 53.032200000000003, "review_time_pending_update_days_avg": 39.752377777777774, "review_time_pending_update_days_median": 36.959699999999998, "submitted": 1100}