{"ReviewsWaitingForReviewer": 14, "abandoned": 72, "merged": 391, "new": 39, "pending": 39, "review_time_days_avg": 17.776537179487175, "review_time_days_median": 1.36415, "review_time_pending_days_avg": 220.83811666666665, "review_time_pending_days_median": 211.36619999999999, "review_time_pending_update_days_avg": 182.05015833333334, "review_time_pending_update_days_median": 203.81245000000001, "submitted": 502}