{"abandoned": 1, "merged": 61, "new": 2, "pending": 2, "review_time_days_avg": 1.259741176470588, "review_time_days_median": 0.047549999999999995, "review_time_pending_days_avg": 207.72945000000001, "review_time_pending_days_median": 207.72945000000001, "review_time_pending_update_days_avg": 138.48169999999999, "review_time_pending_update_days_median": 138.48169999999999, "submitted": 64}