{"abandoned": 32, "merged": 415, "new": 4, "pending": 4, "review_time_days_avg": 3.463782608695652, "review_time_days_median": 0.7023, "review_time_pending_days_avg": 248.3826333333333, "review_time_pending_days_median": 262.72269999999997, "review_time_pending_update_days_avg": 128.36686666666665, "review_time_pending_update_days_median": 78.028599999999997, "submitted": 451}