{"ReviewsWaitingForReviewer": 3, "abandoned": 24, "merged": 548, "new": 3, "pending": 3, "review_time_days_avg": 1.1968061224489788, "review_time_days_median": 0.12154999999999999, "review_time_pending_ReviewsWaitingForReviewer_days_avg": 8.8305999999999987, "review_time_pending_ReviewsWaitingForReviewer_days_median": 8.3938000000000006, "review_time_pending_days_avg": 8.8305999999999987, "review_time_pending_days_median": 8.3938000000000006, "review_time_pending_update_ReviewsWaitingForReviewer_days_avg": 8.8274666666666661, "review_time_pending_update_ReviewsWaitingForReviewer_days_median": 8.3881999999999994, "review_time_pending_update_days_avg": 8.8274666666666661, "review_time_pending_update_days_median": 8.3881999999999994, "submitted": 575}