{"abandoned": 87, "merged": 1570, "new": 10, "pending": 10, "review_time_days_avg": 4.6438155021834016, "review_time_days_median": 0.2881, "review_time_pending_days_avg": 66.057770000000005, "review_time_pending_days_median": 29.504350000000002, "review_time_pending_update_days_avg": 5.9991600000000007, "review_time_pending_update_days_median": 2.2293000000000003, "submitted": 1667}