{"abandoned": 43, "merged": 419, "new": 24, "pending": 24, "review_time_days_avg": 3.470594084507043, "review_time_days_median": 1.1309, "review_time_pending_days_avg": 47.811166666666679, "review_time_pending_days_median": 34.531000000000006, "review_time_pending_update_days_avg": 33.800845833333334, "review_time_pending_update_days_median": 20.139499999999998, "submitted": 486}