{"abandoned": 4, "merged": 42, "new": 1, "pending": 1, "review_time_days_avg": 11.311040000000002, "review_time_days_median": 4.1637, "review_time_pending_days_avg": 137.76439999999999, "review_time_pending_days_median": 137.76439999999999, "review_time_pending_update_days_avg": 41.686799999999998, "review_time_pending_update_days_median": 41.686799999999998, "submitted": 47}