{"abandoned": 11, "merged": 182, "new": 5, "pending": 5, "review_time_days_avg": 7.340737894736841, "review_time_days_median": 2.0425, "review_time_pending_days_avg": 20.785139999999998, "review_time_pending_days_median": 18.6648, "review_time_pending_update_days_avg": 12.294459999999999, "review_time_pending_update_days_median": 7.4938000000000002, "submitted": 198}