{"WaitingForSubmitter": 0, "abandoned": 9, "merged": 181, "new": 1, "pending": 1, "review_time_days_avg": 3.038140229885058, "review_time_days_median": 0.7737, "review_time_pending_days_avg": 22.670200000000001, "review_time_pending_days_median": 22.670200000000001, "review_time_pending_update_days_avg": 9.6408000000000005, "review_time_pending_update_days_median": 9.6408000000000005, "submitted": 191}