{"ReviewsWaitingForReviewer": 2, "abandoned": 116, "merged": 664, "new": 4, "pending": 4, "review_time_days_avg": 2.986535135135135, "review_time_days_median": 0.3573, "review_time_pending_days_avg": 153.17609999999999, "review_time_pending_days_median": 140.28479999999999, "review_time_pending_update_days_avg": 76.791475000000005, "review_time_pending_update_days_median": 91.475300000000004, "submitted": 784}