{"abandoned": 4, "merged": 11, "new": 3, "pending": 3, "review_time_days_avg": 0.7252250000000001, "review_time_days_median": 0.0593, "review_time_pending_days_avg": 141.06609999999998, "review_time_pending_days_median": 131.40979999999999, "review_time_pending_update_days_avg": 95.966366666666673, "review_time_pending_update_days_median": 8.8328000000000007, "submitted": 18}