{"abandoned": 5, "merged": 34, "new": 3, "pending": 3, "review_time_days_avg": 11.482642857142858, "review_time_days_median": 0.0842, "review_time_pending_days_avg": 187.89836666666667, "review_time_pending_days_median": 183.15010000000001, "review_time_pending_update_days_avg": 92.462766666666667, "review_time_pending_update_days_median": 50.365600000000001, "submitted": 42}