{"abandoned": 9, "merged": 140, "new": 14, "pending": 14, "review_time_days_avg": 9.463226744186045, "review_time_days_median": 0.036449999999999996, "review_time_pending_days_avg": 91.816515384615371, "review_time_pending_days_median": 87.423400000000001, "review_time_pending_update_days_avg": 76.341553846153843, "review_time_pending_update_days_median": 9.3613999999999997, "submitted": 163}