{"ReviewsWaitingForReviewer": 2, "abandoned": 5, "merged": 28, "new": 2, "pending": 2, "review_time_days_avg": 8.524658333333335, "review_time_days_median": 2.2123999999999997, "review_time_pending_days_avg": 249.85524999999998, "review_time_pending_days_median": 249.85524999999998, "review_time_pending_update_days_avg": 197.31130000000002, "review_time_pending_update_days_median": 197.31130000000002, "submitted": 35}