{"abandoned": 1, "merged": 16, "new": 2, "pending": 2, "review_time_days_avg": 42.580625, "review_time_days_median": 2.7005, "review_time_pending_days_avg": 281.79034999999999, "review_time_pending_days_median": 281.79034999999999, "review_time_pending_update_days_avg": 224.16435000000001, "review_time_pending_update_days_median": 224.16435000000001, "submitted": 19}