{"ReviewsWaitingForReviewer": 109, "abandoned": 927, "merged": 13494, "new": 139, "pending": 140, "review_time_days_avg": 7.231992136150233, "review_time_days_median": 0.4117, "review_time_pending_days_avg": 60.161438931297688, "review_time_pending_days_median": 36.802900000000001, "review_time_pending_update_days_avg": 27.289409923664124, "review_time_pending_update_days_median": 12.016400000000001, "submitted": 14561}