{"abandoned": 37, "merged": 282, "new": 9, "pending": 9, "review_time_days_avg": 4.349525274725272, "review_time_days_median": 0.2055, "review_time_pending_days_avg": 102.38581250000001, "review_time_pending_days_median": 20.449300000000001, "review_time_pending_update_days_avg": 98.252162499999983, "review_time_pending_update_days_median": 16.242550000000001, "submitted": 328}