{"abandoned": 7, "merged": 86, "new": 21, "pending": 21, "review_time_days_avg": 30.12673636363636, "review_time_days_median": 16.6364, "review_time_pending_days_avg": 51.004495238095238, "review_time_pending_days_median": 7.6181000000000001, "review_time_pending_update_days_avg": 20.208599999999997, "review_time_pending_update_days_median": 7.5941999999999998, "submitted": 114}