{"ReviewsWaitingForReviewer": 5, "abandoned": 6, "merged": 15, "new": 6, "pending": 6, "review_time_days_avg": 9.114692307692307, "review_time_days_median": 8.7234, "review_time_pending_days_avg": 45.881833333333333, "review_time_pending_days_median": 43.647149999999996, "review_time_pending_update_days_avg": 15.232366666666669, "review_time_pending_update_days_median": 20.154450000000001, "submitted": 27}