{"abandoned": 3, "merged": 21, "new": 2, "pending": 2, "review_time_days_avg": 22.21178, "review_time_days_median": 8.1056, "review_time_pending_days_avg": 2.4081000000000001, "review_time_pending_days_median": 2.4081000000000001, "review_time_pending_update_days_avg": 1.9970000000000001, "review_time_pending_update_days_median": 1.9970000000000001, "submitted": 26}