{"abandoned": 8, "merged": 40, "new": 4, "pending": 4, "review_time_days_avg": 8.808653846153847, "review_time_days_median": 2.0318, "review_time_pending_days_avg": 163.48070000000001, "review_time_pending_days_median": 163.48070000000001, "review_time_pending_update_days_avg": 152.95400000000001, "review_time_pending_update_days_median": 152.95400000000001, "submitted": 52}