{"abandoned": 340, "merged": 3931, "new": 48, "pending": 49, "review_time_days_avg": 5.202852711011738, "review_time_days_median": 0.7698, "review_time_pending_days_avg": 52.752362500000011, "review_time_pending_days_median": 23.996600000000001, "review_time_pending_update_days_avg": 31.072793749999999, "review_time_pending_update_days_median": 8.25535, "submitted": 4320}