{"abandoned": 6, "merged": 59, "new": 3, "pending": 3, "review_time_days_avg": 6.7161346938775495, "review_time_days_median": 0.939, "review_time_pending_days_avg": 183.92956666666666, "review_time_pending_days_median": 236.92269999999999, "review_time_pending_update_days_avg": 131.11843333333334, "review_time_pending_update_days_median": 144.52680000000001, "submitted": 68}