{"abandoned": 30, "merged": 454, "new": 11, "pending": 11, "review_time_days_avg": 4.37215316455696, "review_time_days_median": 0.9198, "review_time_pending_days_avg": 78.863909090909075, "review_time_pending_days_median": 39.660299999999999, "review_time_pending_update_days_avg": 75.551472727272724, "review_time_pending_update_days_median": 25.755600000000001, "submitted": 495}