{"abandoned": 12, "merged": 58, "new": 17, "pending": 17, "review_time_days_avg": 10.644491176470586, "review_time_days_median": 3.82495, "review_time_pending_days_avg": 146.16586470588229, "review_time_pending_days_median": 103.5865, "review_time_pending_update_days_avg": 103.08961176470586, "review_time_pending_update_days_median": 32.206000000000003, "submitted": 87}