{"abandoned": 2, "merged": 18, "new": 2, "pending": 2, "review_time_days_avg": 10.2468875, "review_time_days_median": 4.28505, "review_time_pending_days_avg": 231.32579999999999, "review_time_pending_days_median": 231.32579999999999, "review_time_pending_update_days_avg": 230.53924999999998, "review_time_pending_update_days_median": 230.53924999999998, "submitted": 22}