{"abandoned": 1370, "merged": 11007, "new": 454, "pending": 454, "review_time_days_avg": 14.592352164887329, "review_time_days_median": 0.9124000000000001, "review_time_pending_days_avg": 117.29242416666669, "review_time_pending_days_median": 81.659950000000009, "review_time_pending_update_days_avg": 68.497529166666681, "review_time_pending_update_days_median": 38.533000000000001, "submitted": 12831}