{"abandoned": 43, "merged": 492, "new": 19, "pending": 19, "review_time_days_avg": 8.97138457711443, "review_time_days_median": 2.0951, "review_time_pending_days_avg": 171.91391176470589, "review_time_pending_days_median": 163.03550000000001, "review_time_pending_update_days_avg": 124.99518235294117, "review_time_pending_update_days_median": 111.3317, "submitted": 554}