{"ReviewsWaitingForReviewer": 1, "abandoned": 7, "merged": 65, "new": 2, "pending": 2, "review_time_days_avg": 6.143876363636362, "review_time_days_median": 0.2991, "review_time_pending_days_avg": 185.44829999999999, "review_time_pending_days_median": 185.44829999999999, "review_time_pending_update_days_avg": 41.919249999999998, "review_time_pending_update_days_median": 41.919249999999998, "submitted": 74}