{"abandoned": 3, "merged": 27, "new": 2, "pending": 2, "review_time_days_avg": 5.2354199999999995, "review_time_days_median": 0.3146, "review_time_pending_days_avg": 38.908699999999996, "review_time_pending_days_median": 38.908699999999996, "review_time_pending_update_days_avg": 11.796100000000001, "review_time_pending_update_days_median": 11.796100000000001, "submitted": 32}