{"ReviewsWaitingForReviewer": 7, "abandoned": 9, "merged": 148, "new": 10, "pending": 10, "review_time_days_avg": 9.103676595744679, "review_time_days_median": 0.048549999999999996, "review_time_pending_days_avg": 140.17124444444443, "review_time_pending_days_median": 128.41839999999999, "review_time_pending_update_days_avg": 118.14300000000003, "review_time_pending_update_days_median": 128.41749999999999, "submitted": 167}