{"abandoned": 28, "merged": 426, "new": 11, "pending": 11, "review_time_days_avg": 4.603866666666664, "review_time_days_median": 0.9374, "review_time_pending_days_avg": 71.202563636363635, "review_time_pending_days_median": 25.065799999999999, "review_time_pending_update_days_avg": 66.836781818181805, "review_time_pending_update_days_median": 11.161199999999999, "submitted": 465}