{"abandoned": 2, "merged": 9, "new": 2, "pending": 2, "review_time_days_avg": 0.900025, "review_time_days_median": 0.54445, "review_time_pending_days_avg": 4.6510499999999997, "review_time_pending_days_median": 4.6510499999999997, "review_time_pending_update_days_avg": 2.0705499999999999, "review_time_pending_update_days_median": 2.0705499999999999, "submitted": 13}