{"abandoned": 34, "merged": 262, "new": 3, "pending": 3, "review_time_days_avg": 5.695668354430379, "review_time_days_median": 0.6511, "review_time_pending_days_avg": 99.771333333333345, "review_time_pending_days_median": 125.81359999999999, "review_time_pending_update_days_avg": 96.92173333333335, "review_time_pending_update_days_median": 124.66330000000001, "submitted": 299}