{"ReviewsWaitingForReviewer": 1, "abandoned": 1, "merged": 17, "new": 1, "pending": 1, "review_time_days_avg": 8.153775000000001, "review_time_days_median": 0.3895, "review_time_pending_days_avg": 8.8820999999999994, "review_time_pending_days_median": 8.8820999999999994, "review_time_pending_update_days_avg": 8.8751999999999995, "review_time_pending_update_days_median": 8.8751999999999995, "submitted": 19}