{"ReviewsWaitingForReviewer": 29, "abandoned": 97, "merged": 1089, "new": 35, "pending": 35, "review_time_days_avg": 4.039925695216911, "review_time_days_median": 0.8547, "review_time_pending_days_avg": 39.728274285714306, "review_time_pending_days_median": 25.747800000000002, "review_time_pending_update_days_avg": 27.39939142857143, "review_time_pending_update_days_median": 13.068300000000001, "submitted": 1221}