{"ReviewsWaitingForReviewer": 1, "abandoned": 7, "merged": 50, "new": 1, "pending": 1, "review_time_days_avg": 6.296396153846152, "review_time_days_median": 1.60165, "review_time_pending_days_avg": 5.3654000000000002, "review_time_pending_days_median": 5.3654000000000002, "review_time_pending_update_days_avg": 5.3593999999999999, "review_time_pending_update_days_median": 5.3593999999999999, "submitted": 58}