{"abandoned": 44, "merged": 492, "new": 18, "pending": 18, "review_time_days_avg": 8.97138457711443, "review_time_days_median": 2.0951, "review_time_pending_days_avg": 166.96764999999999, "review_time_pending_days_median": 163.3075, "review_time_pending_update_days_avg": 117.11648124999998, "review_time_pending_update_days_median": 114.30035000000001, "submitted": 554}