{"ReviewsWaitingForReviewer": 7, "abandoned": 154, "merged": 1712, "new": 18, "pending": 18, "review_time_days_avg": 3.523991311475408, "review_time_days_median": 0.14135, "review_time_pending_days_avg": 203.7025818181819, "review_time_pending_days_median": 215.68289999999999, "review_time_pending_update_days_avg": 155.58072727272727, "review_time_pending_update_days_median": 162.40000000000001, "submitted": 1884}