{"ReviewsWaitingForReviewer": 2, "abandoned": 16, "merged": 82, "new": 3, "pending": 3, "review_time_days_avg": 1.9461679999999995, "review_time_days_median": 0.2097, "review_time_pending_days_avg": 161.30840000000001, "review_time_pending_days_median": 161.30840000000001, "review_time_pending_update_days_avg": 92.492649999999998, "review_time_pending_update_days_median": 92.492649999999998, "submitted": 101}