{"ReviewsWaitingForReviewer": 2, "abandoned": 25, "merged": 206, "new": 3, "pending": 3, "review_time_days_avg": 8.103809374999999, "review_time_days_median": 1.186, "review_time_pending_days_avg": 87.410866666666664, "review_time_pending_days_median": 83.498900000000006, "review_time_pending_update_days_avg": 86.835033333333342, "review_time_pending_update_days_median": 83.498800000000003, "submitted": 234}