{"ReviewsWaitingForReviewer": 1, "abandoned": 3, "merged": 54, "new": 2, "pending": 2, "review_time_days_avg": 21.091453333333334, "review_time_days_median": 1.1305, "review_time_pending_days_avg": 101.07539999999999, "review_time_pending_days_median": 101.07539999999999, "review_time_pending_update_days_avg": 100.65289999999999, "review_time_pending_update_days_median": 100.65289999999999, "submitted": 59}