{"ReviewsWaitingForReviewer": 27, "abandoned": 98, "merged": 1095, "new": 34, "pending": 34, "review_time_days_avg": 4.035447444444448, "review_time_days_median": 0.85395, "review_time_pending_days_avg": 41.621397058823547, "review_time_pending_days_median": 27.099800000000002, "review_time_pending_update_days_avg": 27.856405882352949, "review_time_pending_update_days_median": 11.470749999999999, "submitted": 1227}