{"ReviewsWaitingForReviewer": 2, "abandoned": 116, "merged": 663, "new": 4, "pending": 4, "review_time_days_avg": 2.986535135135135, "review_time_days_median": 0.3573, "review_time_pending_days_avg": 147.29330000000002, "review_time_pending_days_median": 134.40199999999999, "review_time_pending_update_days_avg": 70.908675000000002, "review_time_pending_update_days_median": 85.592500000000001, "submitted": 783}