{"abandoned": 7, "merged": 86, "new": 21, "pending": 21, "review_time_days_avg": 30.12673636363636, "review_time_days_median": 16.6364, "review_time_pending_days_avg": 52.044838095238113, "review_time_pending_days_median": 8.6584000000000003, "review_time_pending_update_days_avg": 21.24894761904762, "review_time_pending_update_days_median": 8.6344999999999992, "submitted": 114}