{"ReviewsWaitingForReviewer": 2, "abandoned": 116, "merged": 664, "new": 4, "pending": 4, "review_time_days_avg": 2.986535135135135, "review_time_days_median": 0.3573, "review_time_pending_days_avg": 154.18312499999999, "review_time_pending_days_median": 141.29185000000001, "review_time_pending_update_days_avg": 77.79849999999999, "review_time_pending_update_days_median": 92.482299999999995, "submitted": 784}