{"ReviewsWaitingForReviewer": 1, "abandoned": 14, "merged": 239, "new": 1, "pending": 1, "review_time_days_avg": 7.455222388059699, "review_time_days_median": 0.759, "review_time_pending_days_avg": 322.34710000000001, "review_time_pending_days_median": 322.34710000000001, "review_time_pending_update_days_avg": 295.46910000000003, "review_time_pending_update_days_median": 295.46910000000003, "submitted": 254}