{"abandoned": 34, "merged": 247, "new": 5, "pending": 5, "review_time_days_avg": 6.1946577464788755, "review_time_days_median": 0.9155, "review_time_pending_days_avg": 83.216719999999995, "review_time_pending_days_median": 60.284399999999998, "review_time_pending_update_days_avg": 77.236660000000001, "review_time_pending_update_days_median": 60.263399999999997, "submitted": 286}