{"abandoned": 8, "merged": 32, "new": 7, "pending": 7, "review_time_days_avg": 6.36849375, "review_time_days_median": 0.56165, "review_time_pending_days_avg": 58.941225000000003, "review_time_pending_days_median": 53.959900000000005, "review_time_pending_update_days_avg": 54.428150000000002, "review_time_pending_update_days_median": 49.996099999999998, "submitted": 47}