{"abandoned": 0, "merged": 57, "new": 1, "pending": 1, "review_time_days_avg": 12.006977192982456, "review_time_days_median": 10.7847, "review_time_pending_days_avg": 38.758099999999999, "review_time_pending_days_median": 38.758099999999999, "review_time_pending_update_days_avg": 37.424399999999999, "review_time_pending_update_days_median": 37.424399999999999, "submitted": 58}