{"abandoned": 35, "merged": 252, "new": 6, "pending": 6, "review_time_days_avg": 5.789846052631582, "review_time_days_median": 0.50535, "review_time_pending_days_avg": 87.733666666666679, "review_time_pending_days_median": 62.544649999999997, "review_time_pending_update_days_avg": 83.1648, "review_time_pending_update_days_median": 61.491300000000003, "submitted": 293}