{"abandoned": 154, "merged": 1710, "new": 16, "pending": 16, "review_time_days_avg": 3.535002302631577, "review_time_days_median": 0.14135, "review_time_pending_days_avg": 240.62017777777777, "review_time_pending_days_median": 264.32060000000001, "review_time_pending_update_days_avg": 181.80485555555555, "review_time_pending_update_days_median": 168.2791, "submitted": 1880}