{"abandoned": 7, "merged": 86, "new": 21, "pending": 21, "review_time_days_avg": 30.12673636363636, "review_time_days_median": 16.6364, "review_time_pending_days_avg": 54.014119047619054, "review_time_pending_days_median": 10.627700000000001, "review_time_pending_update_days_avg": 23.218223809523813, "review_time_pending_update_days_median": 10.6038, "submitted": 114}