{"ReviewsWaitingForReviewer": 17, "abandoned": 73, "merged": 432, "new": 25, "pending": 25, "review_time_days_avg": 3.090132984293195, "review_time_days_median": 0.0865, "review_time_pending_days_avg": 227.85402399999998, "review_time_pending_days_median": 219.22569999999999, "review_time_pending_update_days_avg": 205.13479600000005, "review_time_pending_update_days_median": 219.21960000000001, "submitted": 530}