{"WaitingForSubmitter": 3, "abandoned": 35, "merged": 265, "new": 4, "pending": 4, "review_time_days_avg": 5.681546540880502, "review_time_days_median": 0.659, "review_time_pending_days_avg": 87.002549999999985, "review_time_pending_days_median": 76.007299999999987, "review_time_pending_update_days_avg": 84.864549999999994, "review_time_pending_update_days_median": 75.432050000000004, "submitted": 304}