{"ReviewsWaitingForReviewer": 2, "abandoned": 25, "merged": 206, "new": 3, "pending": 3, "review_time_days_avg": 8.103809374999999, "review_time_days_median": 1.186, "review_time_pending_days_avg": 81.418266666666668, "review_time_pending_days_median": 77.506299999999996, "review_time_pending_update_days_avg": 80.842433333333332, "review_time_pending_update_days_median": 77.506200000000007, "submitted": 234}