{"abandoned": 65, "merged": 1022, "new": 9, "pending": 9, "review_time_days_avg": 2.3284326666666657, "review_time_days_median": 0.1781, "review_time_pending_days_avg": 90.062866666666679, "review_time_pending_days_median": 46.6325, "review_time_pending_update_days_avg": 33.352611111111109, "review_time_pending_update_days_median": 30.559899999999999, "submitted": 1096}