{"abandoned": 225, "merged": 3136, "new": 22, "pending": 22, "review_time_days_avg": 3.0722136522753747, "review_time_days_median": 0.2357, "review_time_pending_days_avg": 101.84948636363634, "review_time_pending_days_median": 64.534549999999996, "review_time_pending_update_days_avg": 46.745795454545458, "review_time_pending_update_days_median": 27.388249999999999, "submitted": 3383}