{"abandoned": 1, "merged": 50, "new": 3, "pending": 3, "review_time_days_avg": 1.029993333333333, "review_time_days_median": 0.048, "review_time_pending_days_avg": 123.96990000000001, "review_time_pending_days_median": 132.86410000000001, "review_time_pending_update_days_avg": 79.429199999999994, "review_time_pending_update_days_median": 5.6040999999999999, "submitted": 54}