{"abandoned": 25, "merged": 201, "new": 9, "pending": 9, "review_time_days_avg": 18.19207011494254, "review_time_days_median": 2.1456, "review_time_pending_days_avg": 149.23798750000003, "review_time_pending_days_median": 179.77090000000001, "review_time_pending_update_days_avg": 110.47477500000002, "review_time_pending_update_days_median": 118.46360000000001, "submitted": 235}