{"abandoned": 15, "merged": 236, "new": 7, "pending": 7, "review_time_days_avg": 7.666505263157896, "review_time_days_median": 0.7073, "review_time_pending_days_avg": 196.32281999999998, "review_time_pending_days_median": 239.751, "review_time_pending_update_days_avg": 144.67055999999999, "review_time_pending_update_days_median": 148.38399999999999, "submitted": 258}