{"abandoned": 1, "merged": 35, "new": 2, "pending": 2, "review_time_days_avg": 2.2350393939393935, "review_time_days_median": 0.0209, "review_time_pending_days_avg": 90.748850000000004, "review_time_pending_days_median": 90.748850000000004, "review_time_pending_update_days_avg": 53.779400000000003, "review_time_pending_update_days_median": 53.779400000000003, "submitted": 38}