{"ReviewsWaitingForReviewer": 7, "abandoned": 15, "merged": 241, "new": 8, "pending": 8, "review_time_days_avg": 6.943295238095239, "review_time_days_median": 0.53175, "review_time_pending_days_avg": 191.59984999999998, "review_time_pending_days_median": 224.07794999999999, "review_time_pending_update_days_avg": 147.70558333333332, "review_time_pending_update_days_median": 176.97505000000001, "submitted": 264}