{"abandoned": 16, "merged": 79, "new": 3, "pending": 3, "review_time_days_avg": 2.0749727272727267, "review_time_days_median": 0.25775000000000003, "review_time_pending_days_avg": 133.40665000000001, "review_time_pending_days_median": 133.40665000000001, "review_time_pending_update_days_avg": 64.590950000000007, "review_time_pending_update_days_median": 64.590950000000007, "submitted": 98}