{"abandoned": 142, "merged": 850, "new": 9, "pending": 9, "review_time_days_avg": 11.864507812500003, "review_time_days_median": 0.2517, "review_time_pending_days_avg": 250.75272857142858, "review_time_pending_days_median": 276.08159999999998, "review_time_pending_update_days_avg": 118.36091428571429, "review_time_pending_update_days_median": 128.62280000000001, "submitted": 1001}