{"abandoned": 5, "merged": 95, "new": 5, "pending": 5, "review_time_days_avg": 2.8298625, "review_time_days_median": 0.66905, "review_time_pending_days_avg": 101.88249999999999, "review_time_pending_days_median": 107.96719999999999, "review_time_pending_update_days_avg": 70.539099999999991, "review_time_pending_update_days_median": 67.06604999999999, "submitted": 105}