{"abandoned": 142, "merged": 850, "new": 9, "pending": 9, "review_time_days_avg": 11.864507812500003, "review_time_days_median": 0.2517, "review_time_pending_days_avg": 248.7834285714286, "review_time_pending_days_median": 274.1123, "review_time_pending_update_days_avg": 116.39162857142857, "review_time_pending_update_days_median": 126.65349999999999, "submitted": 1001}