{"abandoned": 10, "merged": 76, "new": 11, "pending": 11, "review_time_days_avg": 5.709674666666666, "review_time_days_median": 0.9123, "review_time_pending_days_avg": 69.219336363636344, "review_time_pending_days_median": 47.225499999999997, "review_time_pending_update_days_avg": 27.926099999999998, "review_time_pending_update_days_median": 15.7805, "submitted": 97}