{"abandoned": 340, "merged": 3931, "new": 49, "pending": 49, "review_time_days_avg": 5.202852711011738, "review_time_days_median": 0.7698, "review_time_pending_days_avg": 54.727752083333343, "review_time_pending_days_median": 25.972000000000001, "review_time_pending_update_days_avg": 33.02170000000001, "review_time_pending_update_days_median": 10.23075, "submitted": 4320}