{"abandoned": 8, "merged": 142, "new": 14, "pending": 14, "review_time_days_avg": 9.918425423728815, "review_time_days_median": 1.5053, "review_time_pending_days_avg": 159.56587142857146, "review_time_pending_days_median": 227.64429999999999, "review_time_pending_update_days_avg": 145.5658, "review_time_pending_update_days_median": 202.97829999999999, "submitted": 164}