{"abandoned": 142, "merged": 848, "new": 9, "pending": 9, "review_time_days_avg": 12.24398225806452, "review_time_days_median": 0.25855, "review_time_pending_days_avg": 231.1679285714286, "review_time_pending_days_median": 256.49680000000001, "review_time_pending_update_days_avg": 98.776114285714272, "review_time_pending_update_days_median": 109.038, "submitted": 999}