{"abandoned": 35, "merged": 250, "new": 6, "pending": 6, "review_time_days_avg": 5.946187837837841, "review_time_days_median": 0.5922499999999999, "review_time_pending_days_avg": 70.646599999999992, "review_time_pending_days_median": 45.457549999999998, "review_time_pending_update_days_avg": 66.07771666666666, "review_time_pending_update_days_median": 44.404250000000005, "submitted": 291}