{"abandoned": 7, "merged": 86, "new": 21, "pending": 21, "review_time_days_avg": 30.12673636363636, "review_time_days_median": 16.6364, "review_time_pending_days_avg": 55.004399999999997, "review_time_pending_days_median": 11.618, "review_time_pending_update_days_avg": 24.208504761904763, "review_time_pending_update_days_median": 11.594099999999999, "submitted": 114}