{"abandoned": 71, "merged": 422, "new": 27, "pending": 27, "review_time_days_avg": 3.143245303867404, "review_time_days_median": 0.0817, "review_time_pending_days_avg": 200.87162592592583, "review_time_pending_days_median": 186.33799999999999, "review_time_pending_update_days_avg": 180.26898518518519, "review_time_pending_update_days_median": 169.23169999999999, "submitted": 520}