{"abandoned": 69, "merged": 387, "new": 42, "pending": 42, "review_time_days_avg": 17.949035294117643, "review_time_days_median": 1.3241, "review_time_pending_days_avg": 200.54749615384611, "review_time_pending_days_median": 181.23155, "review_time_pending_update_days_avg": 162.22107692307691, "review_time_pending_update_days_median": 173.65764999999999, "submitted": 498}