{"abandoned": 87, "merged": 1569, "new": 10, "pending": 10, "review_time_days_avg": 4.541331509846823, "review_time_days_median": 0.2806, "review_time_pending_days_avg": 69.823459999999997, "review_time_pending_days_median": 43.334099999999999, "review_time_pending_update_days_avg": 4.6939900000000003, "review_time_pending_update_days_median": 0.8115, "submitted": 1666}