{"abandoned": 154, "merged": 1710, "new": 16, "pending": 16, "review_time_days_avg": 3.535002302631577, "review_time_days_median": 0.14135, "review_time_pending_days_avg": 243.64127777777776, "review_time_pending_days_median": 267.3417, "review_time_pending_update_days_avg": 184.82595555555557, "review_time_pending_update_days_median": 171.30019999999999, "submitted": 1880}