{"abandoned": 57, "merged": 350, "new": 25, "pending": 25, "review_time_days_avg": 4.517165765765766, "review_time_days_median": 0.0497, "review_time_pending_days_avg": 200.29047083333333, "review_time_pending_days_median": 246.69560000000001, "review_time_pending_update_days_avg": 177.10685416666669, "review_time_pending_update_days_median": 188.73165, "submitted": 432}