{"ReviewsWaitingForReviewer": 7, "abandoned": 9, "merged": 148, "new": 10, "pending": 10, "review_time_days_avg": 9.103676595744679, "review_time_days_median": 0.048549999999999996, "review_time_pending_days_avg": 137.1824666666667, "review_time_pending_days_median": 125.42959999999999, "review_time_pending_update_days_avg": 115.1542, "review_time_pending_update_days_median": 125.42870000000001, "submitted": 167}