{"ReviewsWaitingForReviewer": 5, "abandoned": 156, "merged": 1713, "new": 15, "pending": 15, "review_time_days_avg": 3.5196276595744664, "review_time_days_median": 0.1416, "review_time_pending_days_avg": 243.79221249999998, "review_time_pending_days_median": 248.94704999999999, "review_time_pending_update_days_avg": 212.50057500000003, "review_time_pending_update_days_median": 200.92469999999997, "submitted": 1884}