{"abandoned": 4, "merged": 72, "new": 1, "pending": 1, "review_time_days_avg": 2.3794999999999997, "review_time_days_median": 0.4735, "review_time_pending_days_avg": 4.2106000000000003, "review_time_pending_days_median": 4.2106000000000003, "review_time_pending_update_days_avg": 4.2103000000000002, "review_time_pending_update_days_median": 4.2103000000000002, "submitted": 77}