{"abandoned": 6, "merged": 112, "new": 1, "pending": 1, "review_time_days_avg": 12.51515102040816, "review_time_days_median": 0.6031, "review_time_pending_days_avg": 99.484099999999998, "review_time_pending_days_median": 99.484099999999998, "review_time_pending_update_days_avg": 25.519500000000001, "review_time_pending_update_days_median": 25.519500000000001, "submitted": 119}