{"abandoned": 2, "merged": 18, "new": 2, "pending": 2, "review_time_days_avg": 10.2468875, "review_time_days_median": 4.28505, "review_time_pending_days_avg": 228.29429999999999, "review_time_pending_days_median": 228.29429999999999, "review_time_pending_update_days_avg": 227.50785000000002, "review_time_pending_update_days_median": 227.50785000000002, "submitted": 22}