{"abandoned": 1, "merged": 35, "new": 2, "pending": 2, "review_time_days_avg": 2.2350393939393935, "review_time_days_median": 0.0209, "review_time_pending_days_avg": 91.739149999999995, "review_time_pending_days_median": 91.739149999999995, "review_time_pending_update_days_avg": 54.769649999999999, "review_time_pending_update_days_median": 54.769649999999999, "submitted": 38}