{"abandoned": 5, "merged": 34, "new": 5, "pending": 5, "review_time_days_avg": 11.482642857142858, "review_time_days_median": 0.0842, "review_time_pending_days_avg": 127.93726000000001, "review_time_pending_days_median": 68.178299999999993, "review_time_pending_update_days_avg": 70.66043999999998, "review_time_pending_update_days_median": 30.592700000000001, "submitted": 44}