{"WaitingForSubmitter": 789, "abandoned": 1422, "merged": 11464, "new": 494, "pending": 494, "review_time_days_avg": 14.231512670045351, "review_time_days_median": 0.8217, "review_time_pending_days_avg": 114.25778891625612, "review_time_pending_days_median": 82.111199999999997, "review_time_pending_update_days_avg": 63.896719458128189, "review_time_pending_update_days_median": 27.267200000000003, "submitted": 13380}