{"ReviewsWaitingForReviewer": 13, "abandoned": 73, "merged": 393, "new": 36, "pending": 36, "review_time_days_avg": 20.250660126582275, "review_time_days_median": 1.4173499999999999, "review_time_pending_days_avg": 226.03033809523808, "review_time_pending_days_median": 216.26949999999999, "review_time_pending_update_days_avg": 161.06793333333334, "review_time_pending_update_days_median": 208.56569999999999, "submitted": 502}