{"abandoned": 15, "merged": 239, "new": 8, "pending": 8, "review_time_days_avg": 7.288680000000001, "review_time_days_median": 0.6065499999999999, "review_time_pending_days_avg": 180.58848333333333, "review_time_pending_days_median": 213.06655000000001, "review_time_pending_update_days_avg": 136.69423333333333, "review_time_pending_update_days_median": 165.96370000000002, "submitted": 262}