{"abandoned": 29, "merged": 337, "new": 14, "pending": 14, "review_time_days_avg": 4.398399328859061, "review_time_days_median": 0.1615, "review_time_pending_days_avg": 102.70446428571429, "review_time_pending_days_median": 110.27395, "review_time_pending_update_days_avg": 43.69849285714286, "review_time_pending_update_days_median": 41.761700000000005, "submitted": 380}