{"abandoned": 4, "merged": 72, "new": 1, "pending": 1, "review_time_days_avg": 2.3794999999999997, "review_time_days_median": 0.4735, "review_time_pending_days_avg": 5.6283000000000003, "review_time_pending_days_median": 5.6283000000000003, "review_time_pending_update_days_avg": 5.6279000000000003, "review_time_pending_update_days_median": 5.6279000000000003, "submitted": 77}