{"ReviewsWaitingForReviewer": 6, "abandoned": 41, "merged": 504, "new": 9, "pending": 9, "review_time_days_avg": 5.726053539823012, "review_time_days_median": 0.4669, "review_time_pending_days_avg": 94.375755555555557, "review_time_pending_days_median": 40.896700000000003, "review_time_pending_update_days_avg": 81.892588888888895, "review_time_pending_update_days_median": 40.896599999999999, "submitted": 554}