{"abandoned": 32, "merged": 411, "new": 4, "pending": 4, "review_time_days_avg": 3.963619999999999, "review_time_days_median": 0.8617999999999999, "review_time_pending_days_avg": 229.75723333333335, "review_time_pending_days_median": 244.09729999999999, "review_time_pending_update_days_avg": 116.44710000000002, "review_time_pending_update_days_median": 59.403199999999998, "submitted": 447}