{"abandoned": 13, "merged": 351, "new": 8, "pending": 8, "review_time_days_avg": 12.023084444444448, "review_time_days_median": 1.22465, "review_time_pending_days_avg": 107.96694999999998, "review_time_pending_days_median": 95.113650000000007, "review_time_pending_update_days_avg": 79.054737500000002, "review_time_pending_update_days_median": 90.32374999999999, "submitted": 372}