{"ReviewsWaitingForReviewer": 14, "abandoned": 74, "merged": 400, "new": 34, "pending": 34, "review_time_days_avg": 23.631647560975605, "review_time_days_median": 1.4173499999999999, "review_time_pending_days_avg": 217.52537894736838, "review_time_pending_days_median": 219.1275, "review_time_pending_update_days_avg": 139.94140526315789, "review_time_pending_update_days_median": 145.46600000000001, "submitted": 508}