{"abandoned": 5, "merged": 178, "new": 9, "pending": 9, "review_time_days_avg": 35.23437142857143, "review_time_days_median": 17.0082, "review_time_pending_days_avg": 185.31786666666667, "review_time_pending_days_median": 186.81274999999999, "review_time_pending_update_days_avg": 146.49831666666668, "review_time_pending_update_days_median": 81.235399999999998, "submitted": 192}