{"abandoned": 49, "merged": 167, "new": 12, "pending": 12, "review_time_days_avg": 5.557740983606555, "review_time_days_median": 0.3805, "review_time_pending_days_avg": 68.913799999999995, "review_time_pending_days_median": 55.7699, "review_time_pending_update_days_avg": 35.134869999999999, "review_time_pending_update_days_median": 19.390599999999999, "submitted": 228}