{"ReviewsWaitingForReviewer": 5, "abandoned": 14, "merged": 202, "new": 6, "pending": 6, "review_time_days_avg": 8.061912999999999, "review_time_days_median": 2.33925, "review_time_pending_days_avg": 23.486166666666662, "review_time_pending_days_median": 17.069500000000001, "review_time_pending_update_days_avg": 6.5098166666666657, "review_time_pending_update_days_median": 2.6594500000000001, "submitted": 222}