{"abandoned": 41, "merged": 496, "new": 8, "pending": 8, "review_time_days_avg": 5.829668325791858, "review_time_days_median": 0.4861, "review_time_pending_days_avg": 102.80820000000001, "review_time_pending_days_median": 91.622050000000002, "review_time_pending_update_days_avg": 88.728625000000008, "review_time_pending_update_days_median": 74.890200000000007, "submitted": 545}