{"abandoned": 1421, "merged": 11460, "new": 474, "pending": 474, "review_time_days_avg": 14.160918708299977, "review_time_days_median": 0.8217, "review_time_pending_days_avg": 119.46829145077723, "review_time_pending_days_median": 85.014800000000008, "review_time_pending_update_days_avg": 65.775362694300583, "review_time_pending_update_days_median": 29.677949999999999, "submitted": 13355}