{"abandoned": 29, "merged": 337, "new": 14, "pending": 14, "review_time_days_avg": 4.398399328859061, "review_time_days_median": 0.1615, "review_time_pending_days_avg": 104.12218571428571, "review_time_pending_days_median": 111.69165000000001, "review_time_pending_update_days_avg": 45.116214285714285, "review_time_pending_update_days_median": 43.179450000000003, "submitted": 380}