{"abandoned": 45, "merged": 495, "new": 16, "pending": 16, "review_time_days_avg": 9.475422058823531, "review_time_days_median": 2.1534500000000003, "review_time_pending_days_avg": 202.93929285714287, "review_time_pending_days_median": 191.1123, "review_time_pending_update_days_avg": 129.31671428571431, "review_time_pending_update_days_median": 134.34854999999999, "submitted": 556}