{"abandoned": 2, "merged": 32, "new": 4, "pending": 4, "review_time_days_avg": 2.112095454545454, "review_time_days_median": 0.29805000000000004, "review_time_pending_days_avg": 112.35207499999999, "review_time_pending_days_median": 144.11075, "review_time_pending_update_days_avg": 78.500875000000008, "review_time_pending_update_days_median": 85.372250000000008, "submitted": 38}