{"ReviewsWaitingForReviewer": 1, "abandoned": 8, "merged": 68, "new": 2, "pending": 2, "review_time_days_avg": 10.30241636363636, "review_time_days_median": 2.1879, "review_time_pending_days_avg": 61.513199999999998, "review_time_pending_days_median": 61.513199999999998, "review_time_pending_update_days_avg": 59.552150000000005, "review_time_pending_update_days_median": 59.552150000000005, "submitted": 78}