{"WaitingForSubmitter": 78, "abandoned": 231, "merged": 3264, "new": 31, "pending": 31, "review_time_days_avg": 3.0370773347897275, "review_time_days_median": 0.2315, "review_time_pending_days_avg": 82.756967741935483, "review_time_pending_days_median": 28.112200000000001, "review_time_pending_update_days_avg": 36.879154838709681, "review_time_pending_update_days_median": 4.7782999999999998, "submitted": 3526}