{"abandoned": 6, "merged": 58, "new": 11, "pending": 11, "review_time_days_avg": 12.65417777777778, "review_time_days_median": 5.9316, "review_time_pending_days_avg": 121.9586, "review_time_pending_days_median": 28.379100000000001, "review_time_pending_update_days_avg": 64.610414285714285, "review_time_pending_update_days_median": 28.249300000000002, "submitted": 75}