{"ReviewsWaitingForReviewer": 1, "abandoned": 18, "merged": 67, "new": 2, "pending": 2, "review_time_days_avg": 7.734800000000002, "review_time_days_median": 1.3829, "review_time_pending_days_avg": 34.435700000000004, "review_time_pending_days_median": 34.435700000000004, "review_time_pending_update_days_avg": 6.5166000000000004, "review_time_pending_update_days_median": 6.5166000000000004, "submitted": 87}