{"ReviewsWaitingForReviewer": 9, "abandoned": 42, "merged": 241, "new": 14, "pending": 14, "review_time_days_avg": 15.52249722222222, "review_time_days_median": 1.49335, "review_time_pending_days_avg": 102.53070833333334, "review_time_pending_days_median": 68.366250000000008, "review_time_pending_update_days_avg": 62.341633333333341, "review_time_pending_update_days_median": 29.123899999999999, "submitted": 297}