{"abandoned": 231, "merged": 3264, "new": 31, "pending": 31, "review_time_days_avg": 3.0370773347897275, "review_time_days_median": 0.2315, "review_time_pending_days_avg": 82.337861290322564, "review_time_pending_days_median": 27.693100000000001, "review_time_pending_update_days_avg": 36.460045161290317, "review_time_pending_update_days_median": 4.3592000000000004, "submitted": 3526}