{"ReviewsWaitingForReviewer": 7, "abandoned": 66, "merged": 1027, "new": 10, "pending": 10, "review_time_days_avg": 2.3104347107438, "review_time_days_median": 0.1763, "review_time_pending_days_avg": 94.033140000000003, "review_time_pending_days_median": 52.623800000000003, "review_time_pending_update_days_avg": 42.89327999999999, "review_time_pending_update_days_median": 44.568399999999997, "submitted": 1103}