{"abandoned": 116, "merged": 663, "new": 4, "pending": 4, "review_time_days_avg": 2.986535135135135, "review_time_days_median": 0.3573, "review_time_pending_days_avg": 143.17262499999998, "review_time_pending_days_median": 130.28135, "review_time_pending_update_days_avg": 66.787975000000003, "review_time_pending_update_days_median": 81.471800000000002, "submitted": 783}