{"abandoned": 28, "merged": 417, "new": 8, "pending": 8, "review_time_days_avg": 4.716425373134326, "review_time_days_median": 1.0483, "review_time_pending_days_avg": 88.096087499999996, "review_time_pending_days_median": 79.257949999999994, "review_time_pending_update_days_avg": 85.444474999999997, "review_time_pending_update_days_median": 79.246399999999994, "submitted": 453}