{"abandoned": 95, "merged": 1056, "new": 37, "pending": 37, "review_time_days_avg": 4.0473309714285755, "review_time_days_median": 0.8596, "review_time_pending_days_avg": 35.746986486486477, "review_time_pending_days_median": 20.4694, "review_time_pending_update_days_avg": 22.452862162162162, "review_time_pending_update_days_median": 7.4740000000000002, "submitted": 1188}