{"abandoned": 13, "merged": 351, "new": 8, "pending": 8, "review_time_days_avg": 12.023084444444448, "review_time_days_median": 1.22465, "review_time_pending_days_avg": 110.97665000000001, "review_time_pending_days_median": 98.123350000000002, "review_time_pending_update_days_avg": 82.064437500000011, "review_time_pending_update_days_median": 93.333449999999999, "submitted": 372}