{"ReviewsWaitingForReviewer": 3, "abandoned": 2, "merged": 22, "new": 3, "pending": 3, "review_time_days_avg": 16.603399999999997, "review_time_days_median": 0.0694, "review_time_pending_days_avg": 368.45549999999997, "review_time_pending_days_median": 368.45549999999997, "review_time_pending_update_days_avg": 255.31105000000002, "review_time_pending_update_days_median": 255.31105000000002, "submitted": 27}