{"abandoned": 369, "merged": 3375, "new": 15, "pending": 15, "review_time_days_avg": 3.0940359322033912, "review_time_days_median": 0.7828, "review_time_pending_days_avg": 18.877453333333332, "review_time_pending_days_median": 6.5217000000000001, "review_time_pending_update_days_avg": 7.8101066666666679, "review_time_pending_update_days_median": 4.3587999999999996, "submitted": 3759}