{"abandoned": 11, "merged": 50, "new": 18, "pending": 18, "review_time_days_avg": 10.644491176470586, "review_time_days_median": 3.82495, "review_time_pending_days_avg": 124.60626111111111, "review_time_pending_days_median": 83.931150000000002, "review_time_pending_update_days_avg": 83.923077777777792, "review_time_pending_update_days_median": 12.307600000000001, "submitted": 79}