{"abandoned": 28, "merged": 272, "new": 3, "pending": 3, "review_time_days_avg": 11.30799, "review_time_days_median": 1.8154, "review_time_pending_days_avg": 22.534666666666666, "review_time_pending_days_median": 20.591999999999999, "review_time_pending_update_days_avg": 20.730499999999999, "review_time_pending_update_days_median": 15.191599999999999, "submitted": 303}