{"abandoned": 62, "merged": 373, "new": 28, "pending": 28, "review_time_days_avg": 3.936045522388059, "review_time_days_median": 0.0881, "review_time_pending_days_avg": 176.63932857142862, "review_time_pending_days_median": 152.43445, "review_time_pending_update_days_avg": 156.64774642857142, "review_time_pending_update_days_median": 139.84179999999998, "submitted": 463}