{"abandoned": 1416, "merged": 11316, "new": 478, "pending": 478, "review_time_days_avg": 14.50898132049519, "review_time_days_median": 0.8694, "review_time_pending_days_avg": 114.73029871794887, "review_time_pending_days_median": 80.0244, "review_time_pending_update_days_avg": 65.128720512820479, "review_time_pending_update_days_median": 32.04815, "submitted": 13210}