{"abandoned": 16, "merged": 81, "new": 4, "pending": 4, "review_time_days_avg": 1.9100916666666663, "review_time_days_median": 0.18605, "review_time_pending_days_avg": 105.28829999999999, "review_time_pending_days_median": 107.2873, "review_time_pending_update_days_avg": 59.271800000000006, "review_time_pending_update_days_median": 72.345299999999995, "submitted": 101}