{"abandoned": 3, "merged": 31, "new": 4, "pending": 4, "review_time_days_avg": 17.204025, "review_time_days_median": 1.21705, "review_time_pending_days_avg": 50.121100000000006, "review_time_pending_days_median": 26.914100000000001, "review_time_pending_update_days_avg": 50.120100000000001, "review_time_pending_update_days_median": 26.911300000000001, "submitted": 38}