{"ReviewsWaitingForReviewer": 8, "abandoned": 28, "merged": 277, "new": 9, "pending": 9, "review_time_days_avg": 4.976098484848485, "review_time_days_median": 0.5743499999999999, "review_time_pending_days_avg": 22.767733333333332, "review_time_pending_days_median": 22.715699999999998, "review_time_pending_update_days_avg": 22.080122222222222, "review_time_pending_update_days_median": 22.5595, "submitted": 314}