{"abandoned": 870, "merged": 12929, "new": 140, "pending": 140, "review_time_days_avg": 6.921259186351713, "review_time_days_median": 0.3796, "review_time_pending_days_avg": 71.035990000000041, "review_time_pending_days_median": 31.116500000000002, "review_time_pending_update_days_avg": 42.980264615384598, "review_time_pending_update_days_median": 13.499749999999999, "submitted": 13939}