{"ReviewsWaitingForReviewer": 1, "abandoned": 32, "merged": 415, "new": 4, "pending": 4, "review_time_days_avg": 3.463782608695652, "review_time_days_median": 0.7023, "review_time_pending_days_avg": 256.38123333333334, "review_time_pending_days_median": 270.72129999999999, "review_time_pending_update_days_avg": 127.67070000000001, "review_time_pending_update_days_median": 86.027199999999993, "submitted": 451}