{"abandoned": 326, "merged": 3833, "new": 50, "pending": 50, "review_time_days_avg": 5.246245240893071, "review_time_days_median": 0.7598, "review_time_pending_days_avg": 51.226048979591852, "review_time_pending_days_median": 11.921099999999999, "review_time_pending_update_days_avg": 27.695910204081631, "review_time_pending_update_days_median": 6.0118, "submitted": 4209}