{"abandoned": 5, "merged": 81, "new": 13, "pending": 13, "review_time_days_avg": 21.671042857142854, "review_time_days_median": 16.5602, "review_time_pending_days_avg": 111.95627692307693, "review_time_pending_days_median": 112.74760000000001, "review_time_pending_update_days_avg": 106.62295384615385, "review_time_pending_update_days_median": 101.68170000000001, "submitted": 99}