{"abandoned": 879, "merged": 12983, "new": 141, "pending": 141, "review_time_days_avg": 6.974645355541325, "review_time_days_median": 0.3705, "review_time_pending_days_avg": 60.533653435114516, "review_time_pending_days_median": 23.877800000000001, "review_time_pending_update_days_avg": 34.531092366412217, "review_time_pending_update_days_median": 14.1846, "submitted": 14003}