{"ReviewsWaitingForSubmitter": 0, "abandoned": 1, "merged": 9, "new": 2, "pending": 2, "review_time_days_avg": 0.40785000000000005, "review_time_days_median": 0.40785000000000005, "review_time_pending_days_avg": 67.959199999999996, "review_time_pending_days_median": 67.959199999999996, "review_time_pending_update_days_avg": 67.958799999999997, "review_time_pending_update_days_median": 67.958799999999997, "submitted": 12}