{"abandoned": 43, "merged": 424, "new": 27, "pending": 27, "review_time_days_avg": 3.445675069252078, "review_time_days_median": 1.1309, "review_time_pending_days_avg": 45.142340740740735, "review_time_pending_days_median": 26.265899999999998, "review_time_pending_update_days_avg": 32.591000000000001, "review_time_pending_update_days_median": 16.7485, "submitted": 494}