{"WaitingForSubmitter": 135, "abandoned": 340, "merged": 3931, "new": 49, "pending": 49, "review_time_days_avg": 5.202852711011738, "review_time_days_median": 0.7698, "review_time_pending_days_avg": 55.146866666666618, "review_time_pending_days_median": 26.391100000000002, "review_time_pending_update_days_avg": 33.440808333333322, "review_time_pending_update_days_median": 10.649850000000001, "submitted": 4320}