{"abandoned": 21, "merged": 234, "new": 10, "pending": 10, "review_time_days_avg": 15.609301449275362, "review_time_days_median": 0.5572, "review_time_pending_days_avg": 73.92431428571426, "review_time_pending_days_median": 28.3583, "review_time_pending_update_days_avg": 31.920585714285721, "review_time_pending_update_days_median": 12.247400000000001, "submitted": 265}