{"abandoned": 15, "merged": 241, "new": 8, "pending": 8, "review_time_days_avg": 6.943295238095239, "review_time_days_median": 0.53175, "review_time_pending_days_avg": 184.59371666666667, "review_time_pending_days_median": 217.0718, "review_time_pending_update_days_avg": 140.69944999999998, "review_time_pending_update_days_median": 169.96889999999999, "submitted": 264}