{"abandoned": 6, "merged": 57, "new": 11, "pending": 11, "review_time_days_avg": 12.636638461538464, "review_time_days_median": 5.91535, "review_time_pending_days_avg": 103.94002857142857, "review_time_pending_days_median": 10.3606, "review_time_pending_update_days_avg": 48.88928571428572, "review_time_pending_update_days_median": 10.230700000000001, "submitted": 74}