{"abandoned": 13, "merged": 168, "new": 14, "pending": 14, "review_time_days_avg": 10.07844255319149, "review_time_days_median": 1.3559999999999999, "review_time_pending_days_avg": 110.07608571428571, "review_time_pending_days_median": 125.21325, "review_time_pending_update_days_avg": 63.584514285714292, "review_time_pending_update_days_median": 61.854799999999997, "submitted": 195}