{"ReviewsWaitingForReviewer": 9, "abandoned": 42, "merged": 241, "new": 14, "pending": 14, "review_time_days_avg": 15.52249722222222, "review_time_days_median": 1.49335, "review_time_pending_days_avg": 97.566558333333361, "review_time_pending_days_median": 63.402100000000004, "review_time_pending_update_days_avg": 60.721300000000006, "review_time_pending_update_days_median": 24.159700000000001, "submitted": 297}