{"ReviewsWaitingForReviewer": 9, "abandoned": 42, "merged": 241, "new": 14, "pending": 14, "review_time_days_avg": 15.52249722222222, "review_time_days_median": 1.49335, "review_time_pending_days_avg": 99.533191666666653, "review_time_pending_days_median": 65.368700000000004, "review_time_pending_update_days_avg": 61.673791666666659, "review_time_pending_update_days_median": 26.126350000000002, "submitted": 297}