{"abandoned": 10, "merged": 102, "new": 4, "pending": 4, "review_time_days_avg": 3.8351677777777766, "review_time_days_median": 0.9540500000000001, "review_time_pending_days_avg": 10.783075, "review_time_pending_days_median": 12.320550000000001, "review_time_pending_update_days_avg": 4.5040750000000003, "review_time_pending_update_days_median": 4.601, "submitted": 116}