{"abandoned": 23, "merged": 346, "new": 2, "pending": 2, "review_time_days_avg": 1.5987212121212118, "review_time_days_median": 0.2056, "review_time_pending_days_avg": 61.278500000000001, "review_time_pending_days_median": 61.278500000000001, "review_time_pending_update_days_avg": 60.001649999999998, "review_time_pending_update_days_median": 60.001649999999998, "submitted": 371}