{"abandoned": 1, "merged": 12, "new": 2, "pending": 2, "review_time_days_avg": 18.10145, "review_time_days_median": 18.10145, "review_time_pending_days_avg": 150.85240000000002, "review_time_pending_days_median": 150.85240000000002, "review_time_pending_update_days_avg": 144.40700000000001, "review_time_pending_update_days_median": 144.40700000000001, "submitted": 15}