{"ReviewsWaitingForReviewer": 1, "abandoned": 2, "merged": 21, "new": 1, "pending": 1, "review_time_days_avg": 4.3494399999999995, "review_time_days_median": 2.6798, "review_time_pending_days_avg": 116.68980000000001, "review_time_pending_days_median": 116.68980000000001, "review_time_pending_update_days_avg": 41.954000000000001, "review_time_pending_update_days_median": 41.954000000000001, "submitted": 24}