{"abandoned": 3, "merged": 27, "new": 6, "pending": 6, "review_time_days_avg": 9.2891625, "review_time_days_median": 1.21705, "review_time_pending_days_avg": 44.598699999999994, "review_time_pending_days_median": 9.1404999999999994, "review_time_pending_update_days_avg": 20.517919999999997, "review_time_pending_update_days_median": 7.8524000000000003, "submitted": 36}