{"ReviewsWaitingForReviewer": 8, "abandoned": 28, "merged": 277, "new": 9, "pending": 9, "review_time_days_avg": 4.976098484848485, "review_time_days_median": 0.5743499999999999, "review_time_pending_days_avg": 21.776133333333334, "review_time_pending_days_median": 21.7241, "review_time_pending_update_days_avg": 21.08851111111111, "review_time_pending_update_days_median": 21.567900000000002, "submitted": 314}