{"abandoned": 6, "merged": 15, "new": 6, "pending": 6, "review_time_days_avg": 9.114692307692307, "review_time_days_median": 8.7234, "review_time_pending_days_avg": 34.870383333333329, "review_time_pending_days_median": 32.635750000000002, "review_time_pending_update_days_avg": 9.2149333333333328, "review_time_pending_update_days_median": 9.5858500000000006, "submitted": 27}