{"abandoned": 65, "merged": 686, "new": 27, "pending": 27, "review_time_days_avg": 3.9943647272727256, "review_time_days_median": 0.7319500000000001, "review_time_pending_days_avg": 77.615918518518527, "review_time_pending_days_median": 39.588700000000003, "review_time_pending_update_days_avg": 56.792522222222225, "review_time_pending_update_days_median": 13.5016, "submitted": 778}