{"ReviewsWaitingForReviewer": 7, "abandoned": 65, "merged": 1026, "new": 9, "pending": 9, "review_time_days_avg": 2.3139832781456944, "review_time_days_median": 0.17695, "review_time_pending_days_avg": 97.075522222222219, "review_time_pending_days_median": 53.645099999999999, "review_time_pending_update_days_avg": 40.365277777777777, "review_time_pending_update_days_median": 37.572600000000001, "submitted": 1100}