{"abandoned": 37, "merged": 282, "new": 9, "pending": 9, "review_time_days_avg": 4.349525274725272, "review_time_days_median": 0.2055, "review_time_pending_days_avg": 102.36012500000001, "review_time_pending_days_median": 20.423650000000002, "review_time_pending_update_days_avg": 98.226500000000001, "review_time_pending_update_days_median": 16.216900000000003, "submitted": 328}