{"ReviewsWaitingForReviewer": 6, "abandoned": 142, "merged": 850, "new": 9, "pending": 9, "review_time_days_avg": 11.864507812500003, "review_time_days_median": 0.2517, "review_time_pending_days_avg": 253.88819999999996, "review_time_pending_days_median": 279.21699999999998, "review_time_pending_update_days_avg": 121.49638571428572, "review_time_pending_update_days_median": 131.75829999999999, "submitted": 1001}