{"abandoned": 15, "merged": 240, "new": 8, "pending": 8, "review_time_days_avg": 7.112582926829268, "review_time_days_median": 0.5882, "review_time_pending_days_avg": 183.60956666666667, "review_time_pending_days_median": 216.08765, "review_time_pending_update_days_avg": 139.71528333333336, "review_time_pending_update_days_median": 168.98475000000002, "submitted": 263}