{"abandoned": 3, "merged": 53, "new": 1, "pending": 1, "review_time_days_avg": 22.586557142857142, "review_time_days_median": 1.3883, "review_time_pending_days_avg": 166.61770000000001, "review_time_pending_days_median": 166.61770000000001, "review_time_pending_update_days_avg": 165.80959999999999, "review_time_pending_update_days_median": 165.80959999999999, "submitted": 57}