{"abandoned": 32, "merged": 411, "new": 4, "pending": 4, "review_time_days_avg": 3.963619999999999, "review_time_days_median": 0.8617999999999999, "review_time_pending_days_avg": 228.33946666666668, "review_time_pending_days_median": 242.67949999999999, "review_time_pending_update_days_avg": 115.02933333333333, "review_time_pending_update_days_median": 57.985399999999998, "submitted": 447}