{"ReviewsWaitingForReviewer": 13, "abandoned": 29, "merged": 358, "new": 17, "pending": 17, "review_time_days_avg": 4.214909876543211, "review_time_days_median": 0.1318, "review_time_pending_days_avg": 104.96540588235293, "review_time_pending_days_median": 105.11450000000001, "review_time_pending_update_days_avg": 52.872188235294125, "review_time_pending_update_days_median": 36.621699999999997, "submitted": 404}