{"abandoned": 11, "merged": 50, "new": 18, "pending": 18, "review_time_days_avg": 10.644491176470586, "review_time_days_median": 3.82495, "review_time_pending_days_avg": 125.60202777777772, "review_time_pending_days_median": 84.926950000000005, "review_time_pending_update_days_avg": 84.918872222222205, "review_time_pending_update_days_median": 13.3034, "submitted": 79}