{"abandoned": 2, "merged": 32, "new": 4, "pending": 4, "review_time_days_avg": 2.112095454545454, "review_time_days_median": 0.29805000000000004, "review_time_pending_days_avg": 111.23502499999999, "review_time_pending_days_median": 142.99369999999999, "review_time_pending_update_days_avg": 77.383800000000008, "review_time_pending_update_days_median": 84.255200000000002, "submitted": 38}