{"ReviewsWaitingForReviewer": 5, "abandoned": 156, "merged": 1713, "new": 15, "pending": 15, "review_time_days_avg": 3.5196276595744664, "review_time_days_median": 0.1416, "review_time_pending_days_avg": 239.82848749999999, "review_time_pending_days_median": 244.98329999999999, "review_time_pending_update_days_avg": 208.53682499999999, "review_time_pending_update_days_median": 196.96089999999998, "submitted": 1884}