{"abandoned": 12, "merged": 58, "new": 17, "pending": 17, "review_time_days_avg": 10.644491176470586, "review_time_days_median": 3.82495, "review_time_pending_days_avg": 150.17105294117644, "review_time_pending_days_median": 107.5917, "review_time_pending_update_days_avg": 107.09477647058824, "review_time_pending_update_days_median": 36.211199999999998, "submitted": 87}