{"ReviewsWaitingForReviewer": 1, "abandoned": 8, "merged": 53, "new": 1, "pending": 1, "review_time_days_avg": 14.142863157894734, "review_time_days_median": 1.5179, "review_time_pending_days_avg": 60.072400000000002, "review_time_pending_days_median": 60.072400000000002, "review_time_pending_update_days_avg": 7.7309000000000001, "review_time_pending_update_days_median": 7.7309000000000001, "submitted": 62}