{"ReviewsWaitingForReviewer": 1, "abandoned": 1, "merged": 18, "new": 1, "pending": 1, "review_time_days_avg": 45.30188571428571, "review_time_days_median": 9.3586, "review_time_pending_days_avg": 9.1618999999999993, "review_time_pending_days_median": 9.1618999999999993, "review_time_pending_update_days_avg": 4.6670999999999996, "review_time_pending_update_days_median": 4.6670999999999996, "submitted": 20}