{"ReviewsWaitingForSubmitter": 0, "abandoned": 6, "merged": 117, "new": 2, "pending": 2, "review_time_days_avg": 11.395201851851848, "review_time_days_median": 0.44565, "review_time_pending_days_avg": 76.574849999999998, "review_time_pending_days_median": 76.574849999999998, "review_time_pending_update_days_avg": 39.006799999999998, "review_time_pending_update_days_median": 39.006799999999998, "submitted": 125}