{"ReviewsWaitingForReviewer": 1, "abandoned": 8, "merged": 68, "new": 2, "pending": 2, "review_time_days_avg": 10.30241636363636, "review_time_days_median": 2.1879, "review_time_pending_days_avg": 67.484399999999994, "review_time_pending_days_median": 67.484399999999994, "review_time_pending_update_days_avg": 65.523399999999995, "review_time_pending_update_days_median": 65.523399999999995, "submitted": 78}