{"abandoned": 5, "merged": 81, "new": 13, "pending": 13, "review_time_days_avg": 21.671042857142854, "review_time_days_median": 16.5602, "review_time_pending_days_avg": 115.06670769230769, "review_time_pending_days_median": 115.85809999999999, "review_time_pending_update_days_avg": 109.7333923076923, "review_time_pending_update_days_median": 104.79219999999999, "submitted": 99}