{"ReviewsWaitingForReviewer": 5, "abandoned": 156, "merged": 1713, "new": 15, "pending": 15, "review_time_days_avg": 3.5196276595744664, "review_time_days_median": 0.1416, "review_time_pending_days_avg": 246.79611249999999, "review_time_pending_days_median": 251.95094999999998, "review_time_pending_update_days_avg": 215.50447499999999, "review_time_pending_update_days_median": 203.92860000000002, "submitted": 1884}