{"ReviewsWaitingForSubmitter": 1, "abandoned": 0, "merged": 57, "new": 1, "pending": 1, "review_time_days_avg": 12.006977192982456, "review_time_days_median": 10.7847, "review_time_pending_days_avg": 41.761699999999998, "review_time_pending_days_median": 41.761699999999998, "review_time_pending_update_days_avg": 40.428100000000001, "review_time_pending_update_days_median": 40.428100000000001, "submitted": 58}