{"ReviewsWaitingForReviewer": 0, "abandoned": 1, "merged": 10, "new": 1, "pending": 1, "review_time_days_avg": 1.02811, "review_time_days_median": 0.0060999999999999995, "review_time_pending_days_avg": 38.420900000000003, "review_time_pending_days_median": 38.420900000000003, "review_time_pending_update_days_avg": 38.420499999999997, "review_time_pending_update_days_median": 38.420499999999997, "submitted": 12}