{"abandoned": 8, "merged": 32, "new": 7, "pending": 7, "review_time_days_avg": 6.36849375, "review_time_days_median": 0.56165, "review_time_pending_days_avg": 80.828449999999989, "review_time_pending_days_median": 75.847099999999998, "review_time_pending_update_days_avg": 70.492525000000001, "review_time_pending_update_days_median": 71.883299999999991, "submitted": 47}