{"abandoned": 1, "merged": 9, "new": 2, "pending": 2, "review_time_days_avg": 0.40785000000000005, "review_time_days_median": 0.40785000000000005, "review_time_pending_days_avg": 61.9998, "review_time_pending_days_median": 61.9998, "review_time_pending_update_days_avg": 61.999400000000001, "review_time_pending_update_days_median": 61.999400000000001, "submitted": 12}