{"ReviewsWaitingForReviewer": 1, "abandoned": 22, "merged": 527, "new": 1, "pending": 1, "review_time_days_avg": 1.2149841772151893, "review_time_days_median": 0.12625, "review_time_pending_days_avg": 3.5148999999999999, "review_time_pending_days_median": 3.5148999999999999, "review_time_pending_update_days_avg": 3.5135000000000001, "review_time_pending_update_days_median": 3.5135000000000001, "submitted": 550}