{"abandoned": 24, "merged": 349, "new": 3, "pending": 3, "review_time_days_avg": 1.514688571428571, "review_time_days_median": 0.2022, "review_time_pending_days_avg": 40.233899999999998, "review_time_pending_days_median": 52.578800000000001, "review_time_pending_update_days_avg": 1.0764, "review_time_pending_update_days_median": 1.2526999999999999, "submitted": 376}