{"abandoned": 325, "merged": 3795, "new": 40, "pending": 40, "review_time_days_avg": 5.323653149370125, "review_time_days_median": 0.7595, "review_time_pending_days_avg": 58.707628205128216, "review_time_pending_days_median": 13.6111, "review_time_pending_update_days_avg": 31.140946153846151, "review_time_pending_update_days_median": 6.2531999999999996, "submitted": 4160}