{"abandoned": 12, "merged": 348, "new": 9, "pending": 9, "review_time_days_avg": 12.141674157303376, "review_time_days_median": 1.2061, "review_time_pending_days_avg": 86.443411111111118, "review_time_pending_days_median": 74.423599999999993, "review_time_pending_update_days_avg": 74.135622222222224, "review_time_pending_update_days_median": 74.311899999999994, "submitted": 369}