{"ReviewsWaitingForReviewer": 1, "abandoned": 8, "merged": 49, "new": 1, "pending": 1, "review_time_days_avg": 4.552565789473683, "review_time_days_median": 1.5927, "review_time_pending_days_avg": 8.4773999999999994, "review_time_pending_days_median": 8.4773999999999994, "review_time_pending_update_days_avg": 4.3894000000000002, "review_time_pending_update_days_median": 4.3894000000000002, "submitted": 58}