{"abandoned": 1, "merged": 35, "new": 1, "pending": 1, "review_time_days_avg": 2.2350393939393935, "review_time_days_median": 0.0209, "review_time_pending_days_avg": 151.60890000000001, "review_time_pending_days_median": 151.60890000000001, "review_time_pending_update_days_avg": 82.749899999999997, "review_time_pending_update_days_median": 82.749899999999997, "submitted": 37}