{"abandoned": 23, "merged": 254, "new": 6, "pending": 6, "review_time_days_avg": 4.997107843137254, "review_time_days_median": 0.468, "review_time_pending_days_avg": 14.614916666666666, "review_time_pending_days_median": 8.8911999999999995, "review_time_pending_update_days_avg": 4.5383666666666667, "review_time_pending_update_days_median": 3.1149499999999999, "submitted": 283}