{"abandoned": 30, "merged": 466, "new": 13, "pending": 13, "review_time_days_avg": 4.317774999999998, "review_time_days_median": 0.9187, "review_time_pending_days_avg": 68.508100000000027, "review_time_pending_days_median": 28.9468, "review_time_pending_update_days_avg": 65.239084615384613, "review_time_pending_update_days_median": 21.763000000000002, "submitted": 509}