{"abandoned": 9, "merged": 137, "new": 10, "pending": 10, "review_time_days_avg": 9.378842168674696, "review_time_days_median": 0.0286, "review_time_pending_days_avg": 114.98503333333331, "review_time_pending_days_median": 98.405900000000003, "review_time_pending_update_days_avg": 97.16510000000001, "review_time_pending_update_days_median": 98.405000000000001, "submitted": 156}