{"abandoned": 2, "merged": 20, "new": 1, "pending": 1, "review_time_days_avg": 4.596557142857143, "review_time_days_median": 3.5146, "review_time_pending_days_avg": 85.676599999999993, "review_time_pending_days_median": 85.676599999999993, "review_time_pending_update_days_avg": 10.940799999999999, "review_time_pending_update_days_median": 10.940799999999999, "submitted": 23}