{"WaitingForSubmitter": 9, "abandoned": 6, "merged": 15, "new": 6, "pending": 6, "review_time_days_avg": 9.114692307692307, "review_time_days_median": 8.7234, "review_time_pending_days_avg": 37.264900000000004, "review_time_pending_days_median": 35.030249999999995, "review_time_pending_update_days_avg": 11.313733333333332, "review_time_pending_update_days_median": 11.980399999999999, "submitted": 27}