{"abandoned": 34, "merged": 247, "new": 5, "pending": 5, "review_time_days_avg": 6.1946577464788755, "review_time_days_median": 0.9155, "review_time_pending_days_avg": 82.178620000000009, "review_time_pending_days_median": 59.246299999999998, "review_time_pending_update_days_avg": 76.198560000000001, "review_time_pending_update_days_median": 59.225299999999997, "submitted": 286}