{"abandoned": 62, "merged": 373, "new": 28, "pending": 28, "review_time_days_avg": 3.936045522388059, "review_time_days_median": 0.0881, "review_time_pending_days_avg": 178.08278571428568, "review_time_pending_days_median": 153.87790000000001, "review_time_pending_update_days_avg": 158.09120714285717, "review_time_pending_update_days_median": 141.28519999999997, "submitted": 463}