{"ReviewsWaitingForReviewer": 256, "abandoned": 1444, "merged": 11631, "new": 482, "pending": 482, "review_time_days_avg": 14.10843706095042, "review_time_days_median": 0.81795, "review_time_pending_days_avg": 120.65530761421324, "review_time_pending_days_median": 90.125699999999995, "review_time_pending_update_days_avg": 65.542621827411168, "review_time_pending_update_days_median": 29.349899999999998, "submitted": 13557}