{"ReviewsWaitingForReviewer": 6, "abandoned": 14, "merged": 202, "new": 7, "pending": 7, "review_time_days_avg": 8.061912999999999, "review_time_days_median": 2.33925, "review_time_pending_days_avg": 22.011228571428571, "review_time_pending_days_median": 17.493200000000002, "review_time_pending_update_days_avg": 7.4600571428571429, "review_time_pending_update_days_median": 4.1905000000000001, "submitted": 223}