{"abandoned": 52, "merged": 189, "new": 5, "pending": 5, "review_time_days_avg": 7.958767088607594, "review_time_days_median": 0.3805, "review_time_pending_days_avg": 119.10533333333332, "review_time_pending_days_median": 14.8567, "review_time_pending_update_days_avg": 77.179500000000004, "review_time_pending_update_days_median": 2.8511000000000002, "submitted": 246}