{"ReviewsWaitingForReviewer": 14, "abandoned": 371, "merged": 3408, "new": 27, "pending": 27, "review_time_days_avg": 3.063475663129975, "review_time_days_median": 0.7746, "review_time_pending_days_avg": 17.211529629629631, "review_time_pending_days_median": 9.2554999999999996, "review_time_pending_update_days_avg": 8.6876777777777789, "review_time_pending_update_days_median": 6.2874999999999996, "submitted": 3806}