{"abandoned": 6, "merged": 117, "new": 2, "pending": 2, "review_time_days_avg": 11.395201851851848, "review_time_days_median": 0.44565, "review_time_pending_days_avg": 72.58805000000001, "review_time_pending_days_median": 72.58805000000001, "review_time_pending_update_days_avg": 35.019950000000001, "review_time_pending_update_days_median": 35.019950000000001, "submitted": 125}