{"abandoned": 880, "merged": 13017, "new": 150, "pending": 150, "review_time_days_avg": 6.945954591836739, "review_time_days_median": 0.37395, "review_time_pending_days_avg": 57.530410714285701, "review_time_pending_days_median": 23.287550000000003, "review_time_pending_update_days_avg": 32.090987857142871, "review_time_pending_update_days_median": 12.06335, "submitted": 14047}