{"abandoned": 4, "merged": 10, "new": 3, "pending": 3, "review_time_days_avg": 0.9587333333333334, "review_time_days_median": 0.0939, "review_time_pending_days_avg": 136.11153333333334, "review_time_pending_days_median": 126.45529999999999, "review_time_pending_update_days_avg": 110.06509999999999, "review_time_pending_update_days_median": 52.497999999999998, "submitted": 17}