{"ReviewsWaitingForReviewer": 4, "abandoned": 5, "merged": 34, "new": 5, "pending": 5, "review_time_days_avg": 11.482642857142858, "review_time_days_median": 0.0842, "review_time_pending_days_avg": 138.96541999999999, "review_time_pending_days_median": 79.206500000000005, "review_time_pending_update_days_avg": 81.688600000000008, "review_time_pending_update_days_median": 41.620899999999999, "submitted": 44}