{"abandoned": 35, "merged": 250, "new": 6, "pending": 6, "review_time_days_avg": 5.946187837837841, "review_time_days_median": 0.5922499999999999, "review_time_pending_days_avg": 69.680799999999991, "review_time_pending_days_median": 44.491749999999996, "review_time_pending_update_days_avg": 65.111966666666675, "review_time_pending_update_days_median": 43.438500000000005, "submitted": 291}