{"ReviewsWaitingForReviewer": 0, "abandoned": 0, "merged": 58, "new": 1, "pending": 1, "review_time_days_avg": 11.800036206896552, "review_time_days_median": 10.78395, "review_time_pending_days_avg": 50.766199999999998, "review_time_pending_days_median": 50.766199999999998, "review_time_pending_update_days_avg": 49.432499999999997, "review_time_pending_update_days_median": 49.432499999999997, "submitted": 59}