{"ReviewsWaitingForReviewer": 0, "abandoned": 1, "merged": 38, "new": 3, "pending": 3, "review_time_days_avg": 50.13094444444445, "review_time_days_median": 3.37765, "review_time_pending_days_avg": 57.142000000000003, "review_time_pending_days_median": 57.142000000000003, "review_time_pending_update_days_avg": 19.395849999999999, "review_time_pending_update_days_median": 19.395849999999999, "submitted": 42}