{"ReviewsWaitingForReviewer": 0, "abandoned": 24, "merged": 356, "new": 2, "pending": 2, "review_time_days_avg": 1.4760297297297291, "review_time_days_median": 0.2022, "review_time_pending_days_avg": 72.532550000000001, "review_time_pending_days_median": 72.532550000000001, "review_time_pending_update_days_avg": 11.933800000000002, "review_time_pending_update_days_median": 11.933800000000002, "submitted": 382}