{"ReviewsWaitingForReviewer": 1, "abandoned": 6, "merged": 117, "new": 2, "pending": 2, "review_time_days_avg": 11.395201851851848, "review_time_days_median": 0.44565, "review_time_pending_days_avg": 78.61160000000001, "review_time_pending_days_median": 78.61160000000001, "review_time_pending_update_days_avg": 41.043549999999996, "review_time_pending_update_days_median": 41.043549999999996, "submitted": 125}