{"abandoned": 20, "merged": 223, "new": 8, "pending": 8, "review_time_days_avg": 16.556051538461535, "review_time_days_median": 0.6789000000000001, "review_time_pending_days_avg": 105.25319999999999, "review_time_pending_days_median": 115.4466, "review_time_pending_update_days_avg": 31.158519999999999, "review_time_pending_update_days_median": 6.3516000000000004, "submitted": 251}