{"ReviewsWaitingForReviewer": 0, "abandoned": 3, "merged": 12, "new": 1, "pending": 1, "review_time_days_avg": 0.3946666666666667, "review_time_days_median": 0.4617, "review_time_pending_days_avg": 291.56459999999998, "review_time_pending_days_median": 291.56459999999998, "review_time_pending_update_days_avg": 6.3704999999999998, "review_time_pending_update_days_median": 6.3704999999999998, "submitted": 16}