{"abandoned": 6, "merged": 40, "new": 1, "pending": 1, "review_time_days_avg": 7.189963157894738, "review_time_days_median": 0.3617, "review_time_pending_days_avg": 113.21550000000001, "review_time_pending_days_median": 113.21550000000001, "review_time_pending_update_days_avg": 84.697000000000003, "review_time_pending_update_days_median": 84.697000000000003, "submitted": 47}