{"abandoned": 1, "merged": 35, "new": 3, "pending": 3, "review_time_days_avg": 53.03986666666667, "review_time_days_median": 3.9379, "review_time_pending_days_avg": 91.002899999999997, "review_time_pending_days_median": 91.002899999999997, "review_time_pending_update_days_avg": 56.643299999999996, "review_time_pending_update_days_median": 56.643299999999996, "submitted": 39}