{"ReviewsWaitingForReviewer": 7, "abandoned": 66, "merged": 1027, "new": 9, "pending": 9, "review_time_days_avg": 2.3104347107438, "review_time_days_median": 0.1763, "review_time_pending_days_avg": 100.08245555555555, "review_time_pending_days_median": 56.652099999999997, "review_time_pending_update_days_avg": 43.372177777777786, "review_time_pending_update_days_median": 40.579500000000003, "submitted": 1102}