{"ReviewsWaitingForReviewer": 5, "abandoned": 42, "merged": 507, "new": 7, "pending": 7, "review_time_days_avg": 5.688014473684214, "review_time_days_median": 0.47655000000000003, "review_time_pending_days_avg": 94.202514285714287, "review_time_pending_days_median": 47.864400000000003, "review_time_pending_update_days_avg": 80.904299999999992, "review_time_pending_update_days_median": 47.864199999999997, "submitted": 556}