{"abandoned": 3, "merged": 27, "new": 1, "pending": 1, "review_time_days_avg": 5.2354199999999995, "review_time_days_median": 0.3146, "review_time_pending_days_avg": 44.414700000000003, "review_time_pending_days_median": 44.414700000000003, "review_time_pending_update_days_avg": 24.663499999999999, "review_time_pending_update_days_median": 24.663499999999999, "submitted": 31}