{"ReviewsWaitingForReviewer": 3, "abandoned": 7, "merged": 48, "new": 3, "pending": 3, "review_time_days_avg": 6.391283333333331, "review_time_days_median": 1.0488, "review_time_pending_days_avg": 4.7492666666666672, "review_time_pending_days_median": 4.5189000000000004, "review_time_pending_update_days_avg": 4.4727999999999994, "review_time_pending_update_days_median": 4.5156999999999998, "submitted": 58}