{"abandoned": 10, "merged": 105, "new": 2, "pending": 2, "review_time_days_avg": 4.041350537634408, "review_time_days_median": 1.1688, "review_time_pending_days_avg": 10.439500000000001, "review_time_pending_days_median": 10.439500000000001, "review_time_pending_update_days_avg": 0.75900000000000001, "review_time_pending_update_days_median": 0.75900000000000001, "submitted": 117}