{"abandoned": 3, "merged": 37, "new": 2, "pending": 2, "review_time_days_avg": 3.014375, "review_time_days_median": 0.2458, "review_time_pending_days_avg": 130.05584999999999, "review_time_pending_days_median": 130.05584999999999, "review_time_pending_update_days_avg": 99.903199999999998, "review_time_pending_update_days_median": 99.903199999999998, "submitted": 42}