{"abandoned": 908, "merged": 13344, "new": 139, "pending": 139, "review_time_days_avg": 7.252673881499397, "review_time_days_median": 0.4224, "review_time_pending_days_avg": 61.042228461538478, "review_time_pending_days_median": 33.436549999999997, "review_time_pending_update_days_avg": 30.651090000000007, "review_time_pending_update_days_median": 13.17605, "submitted": 14391}