{"ReviewsWaitingForReviewer": 1, "abandoned": 1, "merged": 35, "new": 2, "pending": 2, "review_time_days_avg": 2.2350393939393935, "review_time_days_median": 0.0209, "review_time_pending_days_avg": 94.804249999999996, "review_time_pending_days_median": 94.804249999999996, "review_time_pending_update_days_avg": 57.834849999999996, "review_time_pending_update_days_median": 57.834849999999996, "submitted": 38}