{"abandoned": 23, "merged": 336, "new": 5, "pending": 5, "review_time_days_avg": 1.5782482758620688, "review_time_days_median": 0.2955, "review_time_pending_days_avg": 81.379679999999993, "review_time_pending_days_median": 43.487299999999998, "review_time_pending_update_days_avg": 71.355379999999997, "review_time_pending_update_days_median": 43.486899999999999, "submitted": 364}