{"abandoned": 6, "merged": 40, "new": 1, "pending": 1, "review_time_days_avg": 7.189963157894738, "review_time_days_median": 0.3617, "review_time_pending_days_avg": 112.17740000000001, "review_time_pending_days_median": 112.17740000000001, "review_time_pending_update_days_avg": 83.658900000000003, "review_time_pending_update_days_median": 83.658900000000003, "submitted": 47}