{"ReviewsWaitingForReviewer": 254, "abandoned": 1448, "merged": 11660, "new": 479, "pending": 479, "review_time_days_avg": 14.049728274268105, "review_time_days_median": 0.8221, "review_time_pending_days_avg": 120.12173401534521, "review_time_pending_days_median": 90.445899999999995, "review_time_pending_update_days_avg": 65.113301790281341, "review_time_pending_update_days_median": 29.560300000000002, "submitted": 13587}