{"ReviewsWaitingForReviewer": 9, "abandoned": 28, "merged": 277, "new": 10, "pending": 10, "review_time_days_avg": 4.976098484848485, "review_time_days_median": 0.5743499999999999, "review_time_pending_days_avg": 25.525039999999997, "review_time_pending_days_median": 27.638649999999998, "review_time_pending_update_days_avg": 24.716360000000002, "review_time_pending_update_days_median": 25.066800000000001, "submitted": 315}