{"ReviewsWaitingForReviewer": 114, "abandoned": 933, "merged": 13546, "new": 149, "pending": 149, "review_time_days_avg": 7.417547316219369, "review_time_days_median": 0.4108, "review_time_pending_days_avg": 54.564119285714291, "review_time_pending_days_median": 30.505299999999998, "review_time_pending_update_days_avg": 26.627631428571426, "review_time_pending_update_days_median": 11.613800000000001, "submitted": 14628}