{"abandoned": 8, "merged": 53, "new": 1, "pending": 1, "review_time_days_avg": 14.142863157894734, "review_time_days_median": 1.5179, "review_time_pending_days_avg": 54.050699999999999, "review_time_pending_days_median": 54.050699999999999, "review_time_pending_update_days_avg": 1.7092000000000001, "review_time_pending_update_days_median": 1.7092000000000001, "submitted": 62}