{"abandoned": 63, "merged": 1002, "new": 12, "pending": 12, "review_time_days_avg": 2.3086685025817544, "review_time_days_median": 0.1836, "review_time_pending_days_avg": 56.274141666666658, "review_time_pending_days_median": 15.41635, "review_time_pending_update_days_avg": 17.887825000000003, "review_time_pending_update_days_median": 12.047700000000001, "submitted": 1077}