{"abandoned": 888, "merged": 13063, "new": 147, "pending": 147, "review_time_days_avg": 6.913292658227851, "review_time_days_median": 0.3818, "review_time_pending_days_avg": 56.710156934306561, "review_time_pending_days_median": 25.334800000000001, "review_time_pending_update_days_avg": 32.278006569343084, "review_time_pending_update_days_median": 12.6746, "submitted": 14098}