{"ReviewsWaitingForReviewer": 10, "abandoned": 232, "merged": 3303, "new": 28, "pending": 28, "review_time_days_avg": 3.0057068706387513, "review_time_days_median": 0.2311, "review_time_pending_days_avg": 94.257307142857144, "review_time_pending_days_median": 36.354050000000001, "review_time_pending_update_days_avg": 42.531817857142862, "review_time_pending_update_days_median": 10.094950000000001, "submitted": 3563}