{"abandoned": 5, "merged": 178, "new": 9, "pending": 9, "review_time_days_avg": 35.23437142857143, "review_time_days_median": 17.0082, "review_time_pending_days_avg": 210.31550000000001, "review_time_pending_days_median": 211.81040000000002, "review_time_pending_update_days_avg": 171.49593333333334, "review_time_pending_update_days_median": 106.233, "submitted": 192}