{"ReviewsWaitingForReviewer": 6, "abandoned": 73, "merged": 760, "new": 33, "pending": 33, "review_time_days_avg": 4.650559441707715, "review_time_days_median": 0.7864, "review_time_pending_days_avg": 67.222360606060647, "review_time_pending_days_median": 20.445699999999999, "review_time_pending_update_days_avg": 41.813381818181824, "review_time_pending_update_days_median": 11.375299999999999, "submitted": 866}