{"abandoned": 3, "merged": 30, "new": 4, "pending": 4, "review_time_days_avg": 49.0431875, "review_time_days_median": 5.0723, "review_time_pending_days_avg": 78.996966666666665, "review_time_pending_days_median": 85.393900000000002, "review_time_pending_update_days_avg": 77.475133333333332, "review_time_pending_update_days_median": 85.393500000000003, "submitted": 37}