{"WaitingForSubmitter": 2, "abandoned": 3, "merged": 12, "new": 1, "pending": 1, "review_time_days_avg": 0.3946666666666667, "review_time_days_median": 0.4617, "review_time_pending_days_avg": 282.94779999999997, "review_time_pending_days_median": 282.94779999999997, "review_time_pending_update_days_avg": 135.67699999999999, "review_time_pending_update_days_median": 135.67699999999999, "submitted": 16}