{"ReviewsWaitingForReviewer": 1, "abandoned": 8, "merged": 49, "new": 1, "pending": 1, "review_time_days_avg": 4.552565789473683, "review_time_days_median": 1.5927, "review_time_pending_days_avg": 7.3640999999999996, "review_time_pending_days_median": 7.3640999999999996, "review_time_pending_update_days_avg": 3.2761999999999998, "review_time_pending_update_days_median": 3.2761999999999998, "submitted": 58}