{"abandoned": 3, "merged": 35, "new": 4, "pending": 4, "review_time_days_avg": 2.7594666666666665, "review_time_days_median": 0.13185, "review_time_pending_days_avg": 51.804224999999995, "review_time_pending_days_median": 35.542099999999998, "review_time_pending_update_days_avg": 36.604974999999996, "review_time_pending_update_days_median": 5.1981000000000002, "submitted": 42}