{"ReviewsWaitingForReviewer": 2, "abandoned": 31, "merged": 278, "new": 3, "pending": 3, "review_time_days_avg": 10.924917441860464, "review_time_days_median": 1.59165, "review_time_pending_days_avg": 40.606033333333336, "review_time_pending_days_median": 49.710299999999997, "review_time_pending_update_days_avg": 25.926000000000002, "review_time_pending_update_days_median": 6.6833999999999998, "submitted": 312}