{"ReviewsWaitingForReviewer": 1, "abandoned": 7, "merged": 64, "new": 2, "pending": 2, "review_time_days_avg": 6.257607407407405, "review_time_days_median": 0.61905, "review_time_pending_days_avg": 182.56300000000002, "review_time_pending_days_median": 182.56300000000002, "review_time_pending_update_days_avg": 39.033900000000003, "review_time_pending_update_days_median": 39.033900000000003, "submitted": 73}