{"abandoned": 15, "merged": 236, "new": 7, "pending": 7, "review_time_days_avg": 7.666505263157896, "review_time_days_median": 0.7073, "review_time_pending_days_avg": 198.31819999999999, "review_time_pending_days_median": 241.74639999999999, "review_time_pending_update_days_avg": 146.10936000000001, "review_time_pending_update_days_median": 150.3794, "submitted": 258}