{"ReviewsWaitingForReviewer": 3, "abandoned": 44, "merged": 459, "new": 23, "pending": 23, "review_time_days_avg": 3.2771969151670963, "review_time_days_median": 0.938, "review_time_pending_days_avg": 59.09414782608696, "review_time_pending_days_median": 52.070599999999999, "review_time_pending_update_days_avg": 44.601408695652175, "review_time_pending_update_days_median": 31.344000000000001, "submitted": 526}