{"ReviewsWaitingForSubmitter": 2, "abandoned": 4, "merged": 31, "new": 2, "pending": 2, "review_time_days_avg": 54.142635294117646, "review_time_days_median": 6.9699, "review_time_pending_days_avg": 111.40130000000001, "review_time_pending_days_median": 111.40130000000001, "review_time_pending_update_days_avg": 111.40089999999999, "review_time_pending_update_days_median": 111.40089999999999, "submitted": 37}