{"ReviewsWaitingForReviewer": 97, "abandoned": 940, "merged": 13789, "new": 134, "pending": 134, "review_time_days_avg": 7.566013116591929, "review_time_days_median": 0.41774999999999995, "review_time_pending_ReviewsWaitingForReviewer_days_avg": 60.484656842105231, "review_time_pending_ReviewsWaitingForReviewer_days_median": 33.367800000000003, "review_time_pending_days_avg": 65.436845599999998, "review_time_pending_days_median": 38.652700000000003, "review_time_pending_update_ReviewsWaitingForReviewer_days_avg": 31.343315789473696, "review_time_pending_update_ReviewsWaitingForReviewer_days_median": 18.686299999999999, "review_time_pending_update_days_avg": 35.721945600000012, "review_time_pending_update_days_median": 18.715199999999999, "submitted": 14863}