{"ReviewsWaitingForReviewer": 2, "abandoned": 10, "merged": 106, "new": 2, "pending": 2, "review_time_days_avg": 4.000613829787233, "review_time_days_median": 1.0717, "review_time_pending_days_avg": 19.422800000000002, "review_time_pending_days_median": 19.422800000000002, "review_time_pending_update_days_avg": 2.9921000000000002, "review_time_pending_update_days_median": 2.9921000000000002, "submitted": 118}