{"abandoned": 5, "merged": 13, "new": 3, "pending": 3, "review_time_days_avg": 22.467766666666666, "review_time_days_median": 0.3573, "review_time_pending_days_avg": 98.515499999999989, "review_time_pending_days_median": 14.4581, "review_time_pending_update_days_avg": 93.927299999999988, "review_time_pending_update_days_median": 0.87139999999999995, "submitted": 21}