{"ReviewsWaitingForReviewer": 2, "abandoned": 116, "merged": 664, "new": 4, "pending": 4, "review_time_days_avg": 2.986535135135135, "review_time_days_median": 0.3573, "review_time_pending_days_avg": 155.17955000000001, "review_time_pending_days_median": 142.28825000000001, "review_time_pending_update_days_avg": 78.794925000000006, "review_time_pending_update_days_median": 93.478700000000003, "submitted": 784}