{"abandoned": 8, "merged": 68, "new": 2, "pending": 2, "review_time_days_avg": 10.30241636363636, "review_time_days_median": 2.1879, "review_time_pending_days_avg": 55.489400000000003, "review_time_pending_days_median": 55.489400000000003, "review_time_pending_update_days_avg": 53.528349999999996, "review_time_pending_update_days_median": 53.528349999999996, "submitted": 78}