{"abandoned": 5, "merged": 178, "new": 9, "pending": 9, "review_time_days_avg": 35.23437142857143, "review_time_days_median": 17.0082, "review_time_pending_days_avg": 190.27240000000003, "review_time_pending_days_median": 191.76730000000001, "review_time_pending_update_days_avg": 151.45284999999998, "review_time_pending_update_days_median": 86.189899999999994, "submitted": 192}