{"abandoned": 3, "merged": 27, "new": 6, "pending": 6, "review_time_days_avg": 9.2891625, "review_time_days_median": 1.21705, "review_time_pending_days_avg": 43.632899999999992, "review_time_pending_days_median": 8.1746999999999996, "review_time_pending_update_days_avg": 42.506099999999996, "review_time_pending_update_days_median": 8.0040999999999993, "submitted": 36}