{"ReviewsWaitingForReviewer": 2, "abandoned": 10, "merged": 106, "new": 2, "pending": 2, "review_time_days_avg": 4.000613829787233, "review_time_days_median": 1.0717, "review_time_pending_days_avg": 17.438500000000001, "review_time_pending_days_median": 17.438500000000001, "review_time_pending_update_days_avg": 1.2650000000000001, "review_time_pending_update_days_median": 1.2650000000000001, "submitted": 118}