{"ReviewsWaitingForReviewer": 3, "abandoned": 8, "merged": 19, "new": 4, "pending": 4, "review_time_days_avg": 24.785114285714286, "review_time_days_median": 0.3849, "review_time_pending_days_avg": 181.33986666666667, "review_time_pending_days_median": 190.42169999999999, "review_time_pending_update_days_avg": 76.306733333333327, "review_time_pending_update_days_median": 37.520800000000001, "submitted": 31}