{"abandoned": 24, "merged": 351, "new": 2, "pending": 2, "review_time_days_avg": 1.5167222222222216, "review_time_days_median": 0.2039, "review_time_pending_days_avg": 62.528949999999995, "review_time_pending_days_median": 62.528949999999995, "review_time_pending_update_days_avg": 1.9301999999999999, "review_time_pending_update_days_median": 1.9301999999999999, "submitted": 377}