{"abandoned": 230, "merged": 3239, "new": 28, "pending": 28, "review_time_days_avg": 3.0336257600884426, "review_time_days_median": 0.2315, "review_time_pending_days_avg": 88.62652857142858, "review_time_pending_days_median": 34.092300000000002, "review_time_pending_update_days_avg": 43.003657142857165, "review_time_pending_update_days_median": 15.010999999999999, "submitted": 3497}