{"abandoned": 15, "merged": 236, "new": 7, "pending": 7, "review_time_days_avg": 7.666505263157896, "review_time_days_median": 0.7073, "review_time_pending_days_avg": 199.28400000000002, "review_time_pending_days_median": 242.7122, "review_time_pending_update_days_avg": 147.07513999999998, "review_time_pending_update_days_median": 151.34520000000001, "submitted": 258}