{"abandoned": 5, "merged": 34, "new": 5, "pending": 5, "review_time_days_avg": 11.482642857142858, "review_time_days_median": 0.0842, "review_time_pending_days_avg": 128.97762, "review_time_pending_days_median": 69.218699999999998, "review_time_pending_update_days_avg": 71.700800000000001, "review_time_pending_update_days_median": 31.633099999999999, "submitted": 44}