{"abandoned": 9, "merged": 137, "new": 10, "pending": 10, "review_time_days_avg": 9.378842168674696, "review_time_days_median": 0.0286, "review_time_pending_days_avg": 112.98963333333333, "review_time_pending_days_median": 96.410499999999999, "review_time_pending_update_days_avg": 95.169677777777778, "review_time_pending_update_days_median": 96.409499999999994, "submitted": 156}