{"abandoned": 154, "merged": 1708, "new": 17, "pending": 17, "review_time_days_avg": 3.3872833333333316, "review_time_days_median": 0.14015, "review_time_pending_days_avg": 211.57325, "review_time_pending_days_median": 221.31870000000001, "review_time_pending_update_days_avg": 158.62744999999998, "review_time_pending_update_days_median": 146.65645000000001, "submitted": 1879}