{"abandoned": 5, "merged": 28, "new": 2, "pending": 2, "review_time_days_avg": 8.524658333333335, "review_time_days_median": 2.2123999999999997, "review_time_pending_days_avg": 222.8056, "review_time_pending_days_median": 222.8056, "review_time_pending_update_days_avg": 170.26164999999997, "review_time_pending_update_days_median": 170.26164999999997, "submitted": 35}