{"abandoned": 3, "merged": 54, "new": 1, "pending": 1, "review_time_days_avg": 21.091453333333334, "review_time_days_median": 1.1305, "review_time_pending_days_avg": 189.62190000000001, "review_time_pending_days_median": 189.62190000000001, "review_time_pending_update_days_avg": 188.81379999999999, "review_time_pending_update_days_median": 188.81379999999999, "submitted": 58}