{"abandoned": 28, "merged": 426, "new": 11, "pending": 11, "review_time_days_avg": 4.603866666666664, "review_time_days_median": 0.9374, "review_time_pending_days_avg": 71.176872727272738, "review_time_pending_days_median": 25.040099999999999, "review_time_pending_update_days_avg": 66.811099999999996, "review_time_pending_update_days_median": 11.1355, "submitted": 465}