{"ReviewsWaitingForSubmitter": 1, "abandoned": 31, "merged": 278, "new": 3, "pending": 3, "review_time_days_avg": 10.924917441860464, "review_time_days_median": 1.59165, "review_time_pending_days_avg": 39.487933333333338, "review_time_pending_days_median": 48.592199999999998, "review_time_pending_update_days_avg": 25.132199999999997, "review_time_pending_update_days_median": 5.5652999999999997, "submitted": 312}