{"ReviewsWaitingForReviewer": 0, "abandoned": 18, "merged": 65, "new": 1, "pending": 1, "review_time_days_avg": 7.877903846153847, "review_time_days_median": 1.0230000000000001, "review_time_pending_days_avg": 59.231699999999996, "review_time_pending_days_median": 59.231699999999996, "review_time_pending_update_days_avg": 3.3936000000000002, "review_time_pending_update_days_median": 3.3936000000000002, "submitted": 84}