{"abandoned": 71, "merged": 389, "new": 40, "pending": 40, "review_time_days_avg": 17.957912337662332, "review_time_days_median": 1.36415, "review_time_pending_days_avg": 198.1178083333333, "review_time_pending_days_median": 188.64589999999998, "review_time_pending_update_days_avg": 160.18954166666666, "review_time_pending_update_days_median": 181.09215, "submitted": 500}