{"abandoned": 20, "merged": 474, "new": 2, "pending": 2, "review_time_days_avg": 1.2979808962264148, "review_time_days_median": 0.1293, "review_time_pending_days_avg": 25.462499999999999, "review_time_pending_days_median": 25.462499999999999, "review_time_pending_update_days_avg": 21.532049999999998, "review_time_pending_update_days_median": 21.532049999999998, "submitted": 496}