{"abandoned": 43, "merged": 422, "new": 26, "pending": 26, "review_time_days_avg": 3.4639703910614528, "review_time_days_median": 1.13155, "review_time_pending_days_avg": 44.976892307692303, "review_time_pending_days_median": 26.678049999999999, "review_time_pending_update_days_avg": 32.055084615384615, "review_time_pending_update_days_median": 17.891199999999998, "submitted": 491}