{"ReviewsWaitingForReviewer": 5, "abandoned": 21, "merged": 235, "new": 12, "pending": 12, "review_time_days_avg": 15.52345179856115, "review_time_days_median": 0.5764, "review_time_pending_days_avg": 62.49692222222221, "review_time_pending_days_median": 19.599399999999999, "review_time_pending_update_days_avg": 29.088211111111111, "review_time_pending_update_days_median": 12.572100000000001, "submitted": 268}