{"abandoned": 35, "merged": 253, "new": 6, "pending": 6, "review_time_days_avg": 5.72196363636364, "review_time_days_median": 0.5255, "review_time_pending_days_avg": 91.674800000000005, "review_time_pending_days_median": 66.485749999999996, "review_time_pending_update_days_avg": 87.105966666666674, "review_time_pending_update_days_median": 65.432500000000005, "submitted": 294}