{"WaitingForSubmitter": 0, "abandoned": 8, "merged": 49, "new": 1, "pending": 1, "review_time_days_avg": 4.552565789473683, "review_time_days_median": 1.5927, "review_time_pending_days_avg": 6.7502000000000004, "review_time_pending_days_median": 6.7502000000000004, "review_time_pending_update_days_avg": 2.6623000000000001, "review_time_pending_update_days_median": 2.6623000000000001, "submitted": 58}