{"ReviewsWaitingForReviewer": 1, "abandoned": 1, "merged": 38, "new": 3, "pending": 3, "review_time_days_avg": 50.13094444444445, "review_time_days_median": 3.37765, "review_time_pending_days_avg": 66.141550000000009, "review_time_pending_days_median": 66.141550000000009, "review_time_pending_update_days_avg": 28.395400000000002, "review_time_pending_update_days_median": 28.395400000000002, "submitted": 42}