{"ReviewsWaitingForReviewer": 2, "abandoned": 35, "merged": 268, "new": 4, "pending": 4, "review_time_days_avg": 5.613562345679011, "review_time_days_median": 0.6511, "review_time_pending_days_avg": 93.834550000000007, "review_time_pending_days_median": 84.623400000000004, "review_time_pending_update_days_avg": 91.455674999999999, "review_time_pending_update_days_median": 84.048150000000007, "submitted": 307}