{"abandoned": 116, "merged": 663, "new": 4, "pending": 4, "review_time_days_avg": 2.986535135135135, "review_time_days_median": 0.3573, "review_time_pending_days_avg": 139.16732500000001, "review_time_pending_days_median": 126.27605, "review_time_pending_update_days_avg": 62.782724999999999, "review_time_pending_update_days_median": 77.466499999999996, "submitted": 783}