{"abandoned": 340, "merged": 3924, "new": 47, "pending": 47, "review_time_days_avg": 5.199505215928211, "review_time_days_median": 0.7679, "review_time_pending_days_avg": 53.044313043478269, "review_time_pending_days_median": 21.972000000000001, "review_time_pending_update_days_avg": 31.014960869565233, "review_time_pending_update_days_median": 7.3412000000000006, "submitted": 4311}