{"abandoned": 5, "merged": 34, "new": 3, "pending": 3, "review_time_days_avg": 11.482642857142858, "review_time_days_median": 0.0842, "review_time_pending_days_avg": 189.34176666666667, "review_time_pending_days_median": 184.59350000000001, "review_time_pending_update_days_avg": 93.906166666666664, "review_time_pending_update_days_median": 51.808999999999997, "submitted": 42}