{"ReviewsWaitingForReviewer": 253, "abandoned": 1431, "merged": 11523, "new": 474, "pending": 474, "review_time_days_avg": 14.152665874901036, "review_time_days_median": 0.8283, "review_time_pending_days_avg": 120.96607953367861, "review_time_pending_days_median": 86.373899999999992, "review_time_pending_update_days_avg": 66.831850000000045, "review_time_pending_update_days_median": 30.555800000000001, "submitted": 13428}