{"ReviewsWaitingForReviewer": 10, "abandoned": 9, "merged": 145, "new": 15, "pending": 16, "review_time_days_avg": 9.555200000000001, "review_time_days_median": 1.6699000000000002, "review_time_pending_ReviewsWaitingForReviewer_days_avg": 191.40701000000001, "review_time_pending_ReviewsWaitingForReviewer_days_median": 248.67739999999998, "review_time_pending_days_avg": 159.50406249999997, "review_time_pending_days_median": 243.78620000000001, "review_time_pending_update_ReviewsWaitingForReviewer_days_avg": 168.69077999999999, "review_time_pending_update_ReviewsWaitingForReviewer_days_median": 224.01140000000001, "review_time_pending_update_days_avg": 142.24346249999999, "review_time_pending_update_days_median": 208.83215000000001, "submitted": 170}