{"abandoned": 20, "merged": 222, "new": 8, "pending": 8, "review_time_days_avg": 16.682841860465114, "review_time_days_median": 0.6839, "review_time_pending_days_avg": 99.852759999999989, "review_time_pending_days_median": 110.0461, "review_time_pending_update_days_avg": 66.942280000000011, "review_time_pending_update_days_median": 88.443299999999994, "submitted": 250}