{"abandoned": 1, "merged": 7, "new": 1, "pending": 1, "review_time_days_avg": 1.4055285714285712, "review_time_days_median": 0.008, "review_time_pending_days_avg": 27.408300000000001, "review_time_pending_days_median": 27.408300000000001, "review_time_pending_update_days_avg": 27.407900000000001, "review_time_pending_update_days_median": 27.407900000000001, "submitted": 9}