{"abandoned": 4, "merged": 13, "new": 7, "pending": 7, "review_time_days_avg": 8.968018181818183, "review_time_days_median": 5.6485, "review_time_pending_days_avg": 18.122485714285716, "review_time_pending_days_median": 16.983899999999998, "review_time_pending_update_days_avg": 9.9867428571428576, "review_time_pending_update_days_median": 4.5540000000000003, "submitted": 24}