{"abandoned": 24, "merged": 255, "new": 6, "pending": 6, "review_time_days_avg": 4.903205769230769, "review_time_days_median": 0.45775, "review_time_pending_days_avg": 17.626883333333332, "review_time_pending_days_median": 10.043200000000001, "review_time_pending_update_days_avg": 4.4318999999999997, "review_time_pending_update_days_median": 4.4786999999999999, "submitted": 285}