{"abandoned": 6, "merged": 15, "new": 6, "pending": 6, "review_time_days_avg": 9.114692307692307, "review_time_days_median": 8.7234, "review_time_pending_days_avg": 30.865233333333332, "review_time_pending_days_median": 28.630549999999999, "review_time_pending_update_days_avg": 6.7060666666666675, "review_time_pending_update_days_median": 5.9276499999999999, "submitted": 27}