{"ReviewsWaitingForReviewer": 11, "abandoned": 12, "merged": 59, "new": 17, "pending": 17, "review_time_days_avg": 10.644491176470586, "review_time_days_median": 3.82495, "review_time_pending_days_avg": 156.18619411764706, "review_time_pending_days_median": 113.60680000000001, "review_time_pending_update_days_avg": 113.1099411764706, "review_time_pending_update_days_median": 42.226399999999998, "submitted": 88}