{"abandoned": 23, "merged": 345, "new": 3, "pending": 3, "review_time_days_avg": 1.5987212121212118, "review_time_days_median": 0.2056, "review_time_pending_days_avg": 136.91259999999997, "review_time_pending_days_median": 69.275899999999993, "review_time_pending_update_days_avg": 122.02493333333332, "review_time_pending_update_days_median": 66.722499999999997, "submitted": 371}