{"abandoned": 1, "merged": 17, "new": 1, "pending": 1, "review_time_days_avg": 8.153775000000001, "review_time_days_median": 0.3895, "review_time_pending_days_avg": 0.85340000000000005, "review_time_pending_days_median": 0.85340000000000005, "review_time_pending_update_days_avg": 0.84650000000000003, "review_time_pending_update_days_median": 0.84650000000000003, "submitted": 19}