{"abandoned": 6, "merged": 117, "new": 2, "pending": 2, "review_time_days_avg": 11.395201851851848, "review_time_days_median": 0.44565, "review_time_pending_days_avg": 75.547600000000003, "review_time_pending_days_median": 75.547600000000003, "review_time_pending_update_days_avg": 37.979550000000003, "review_time_pending_update_days_median": 37.979550000000003, "submitted": 125}