{"abandoned": 42, "merged": 241, "new": 14, "pending": 14, "review_time_days_avg": 15.52249722222222, "review_time_days_median": 1.49335, "review_time_pending_days_avg": 90.502516666666665, "review_time_pending_days_median": 56.338050000000003, "review_time_pending_update_days_avg": 53.657283333333332, "review_time_pending_update_days_median": 17.095700000000001, "submitted": 297}