{"ReviewsWaitingForReviewer": 6, "abandoned": 5, "merged": 178, "new": 9, "pending": 9, "review_time_days_avg": 35.23437142857143, "review_time_days_median": 17.0082, "review_time_pending_days_avg": 217.32196666666664, "review_time_pending_days_median": 218.81684999999999, "review_time_pending_update_days_avg": 178.5024166666667, "review_time_pending_update_days_median": 113.23949999999999, "submitted": 192}