{"abandoned": 32, "merged": 411, "new": 4, "pending": 4, "review_time_days_avg": 3.963619999999999, "review_time_days_median": 0.8617999999999999, "review_time_pending_days_avg": 227.37366666666665, "review_time_pending_days_median": 241.71369999999999, "review_time_pending_update_days_avg": 114.06353333333334, "review_time_pending_update_days_median": 57.019599999999997, "submitted": 447}