{"abandoned": 28, "merged": 422, "new": 12, "pending": 12, "review_time_days_avg": 4.603866666666664, "review_time_days_median": 0.9374, "review_time_pending_days_avg": 62.414441666666669, "review_time_pending_days_median": 17.688500000000001, "review_time_pending_update_days_avg": 58.712041666666664, "review_time_pending_update_days_median": 5.7801, "submitted": 462}