{"abandoned": 12, "merged": 81, "new": 9, "pending": 9, "review_time_days_avg": 16.157209523809527, "review_time_days_median": 3.2898, "review_time_pending_days_avg": 133.06405555555557, "review_time_pending_days_median": 125.5142, "review_time_pending_update_days_avg": 69.592688888888873, "review_time_pending_update_days_median": 37.815399999999997, "submitted": 102}