{"ReviewsWaitingForReviewer": 6, "abandoned": 13, "merged": 351, "new": 8, "pending": 8, "review_time_days_avg": 12.023084444444448, "review_time_days_median": 1.22465, "review_time_pending_days_avg": 121.00211250000001, "review_time_pending_days_median": 108.14879999999999, "review_time_pending_update_days_avg": 92.08986250000001, "review_time_pending_update_days_median": 103.35894999999999, "submitted": 372}