{"abandoned": 25, "merged": 202, "new": 9, "pending": 9, "review_time_days_avg": 17.987215909090917, "review_time_days_median": 2.09545, "review_time_pending_days_avg": 165.81308750000002, "review_time_pending_days_median": 196.346, "review_time_pending_update_days_avg": 119.15758749999999, "review_time_pending_update_days_median": 135.03870000000001, "submitted": 236}