{"ReviewsWaitingForReviewer": 5, "abandoned": 156, "merged": 1713, "new": 15, "pending": 15, "review_time_days_avg": 3.5196276595744664, "review_time_days_median": 0.1416, "review_time_pending_days_avg": 242.78775000000002, "review_time_pending_days_median": 247.94260000000003, "review_time_pending_update_days_avg": 211.49608750000002, "review_time_pending_update_days_median": 199.92020000000002, "submitted": 1884}