{"abandoned": 16, "merged": 79, "new": 3, "pending": 3, "review_time_days_avg": 2.0749727272727267, "review_time_days_median": 0.25775000000000003, "review_time_pending_days_avg": 132.28960000000001, "review_time_pending_days_median": 132.28960000000001, "review_time_pending_update_days_avg": 63.473849999999999, "review_time_pending_update_days_median": 63.473849999999999, "submitted": 98}