{"ReviewsWaitingForReviewer": 0, "abandoned": 24, "merged": 356, "new": 2, "pending": 2, "review_time_days_avg": 1.4760297297297291, "review_time_days_median": 0.2022, "review_time_pending_days_avg": 69.535049999999998, "review_time_pending_days_median": 69.535049999999998, "review_time_pending_update_days_avg": 8.9362999999999992, "review_time_pending_update_days_median": 8.9362999999999992, "submitted": 382}