{"ReviewsWaitingForReviewer": 1, "abandoned": 31, "merged": 282, "new": 2, "pending": 2, "review_time_days_avg": 10.541975555555554, "review_time_days_median": 1.59165, "review_time_pending_days_avg": 68.006249999999994, "review_time_pending_days_median": 68.006249999999994, "review_time_pending_update_days_avg": 39.776999999999994, "review_time_pending_update_days_median": 39.776999999999994, "submitted": 315}