{"abandoned": 13, "merged": 168, "new": 14, "pending": 14, "review_time_days_avg": 10.07844255319149, "review_time_days_median": 1.3559999999999999, "review_time_pending_days_avg": 115.4764714285714, "review_time_pending_days_median": 130.61365000000001, "review_time_pending_update_days_avg": 42.702621428571426, "review_time_pending_update_days_median": 37.514749999999999, "submitted": 195}