{"abandoned": 369, "merged": 3383, "new": 22, "pending": 22, "review_time_days_avg": 3.092988567585745, "review_time_days_median": 0.7754, "review_time_pending_days_avg": 13.516968181818186, "review_time_pending_days_median": 2.5712999999999999, "review_time_pending_update_days_avg": 5.7645136363636373, "review_time_pending_update_days_median": 1.00305, "submitted": 3774}