{"abandoned": 2, "merged": 22, "new": 3, "pending": 3, "review_time_days_avg": 16.603399999999997, "review_time_days_median": 0.0694, "review_time_pending_days_avg": 359.43630000000002, "review_time_pending_days_median": 359.43630000000002, "review_time_pending_update_days_avg": 246.29179999999999, "review_time_pending_update_days_median": 246.29179999999999, "submitted": 27}