{"abandoned": 142, "merged": 848, "new": 9, "pending": 9, "review_time_days_avg": 12.24398225806452, "review_time_days_median": 0.25855, "review_time_pending_days_avg": 228.75867142857143, "review_time_pending_days_median": 254.08750000000001, "review_time_pending_update_days_avg": 96.366842857142842, "review_time_pending_update_days_median": 106.6288, "submitted": 999}