{"abandoned": 4, "merged": 32, "new": 2, "pending": 2, "review_time_days_avg": 2.112095454545454, "review_time_days_median": 0.29805000000000004, "review_time_pending_days_avg": 95.989350000000002, "review_time_pending_days_median": 95.989350000000002, "review_time_pending_update_days_avg": 44.851849999999999, "review_time_pending_update_days_median": 44.851849999999999, "submitted": 38}