{"abandoned": 25, "merged": 201, "new": 9, "pending": 9, "review_time_days_avg": 18.19207011494254, "review_time_days_median": 2.1456, "review_time_pending_days_avg": 143.8375375, "review_time_pending_days_median": 174.37045000000001, "review_time_pending_update_days_avg": 105.07433750000001, "review_time_pending_update_days_median": 113.06319999999999, "submitted": 235}