{"abandoned": 5, "merged": 81, "new": 15, "pending": 15, "review_time_days_avg": 21.671042857142854, "review_time_days_median": 16.5602, "review_time_pending_days_avg": 103.10535333333334, "review_time_pending_days_median": 110.825, "review_time_pending_update_days_avg": 52.397720000000014, "review_time_pending_update_days_median": 4.1669999999999998, "submitted": 101}