{"abandoned": 5, "merged": 178, "new": 9, "pending": 9, "review_time_days_avg": 35.23437142857143, "review_time_days_median": 17.0082, "review_time_pending_days_avg": 208.29096666666666, "review_time_pending_days_median": 209.78584999999998, "review_time_pending_update_days_avg": 169.47141666666667, "review_time_pending_update_days_median": 104.20849999999999, "submitted": 192}