{"ReviewsWaitingForReviewer": 110, "abandoned": 931, "merged": 13515, "new": 140, "pending": 140, "review_time_days_avg": 7.43693364540667, "review_time_days_median": 0.4111, "review_time_pending_days_avg": 55.012745801526698, "review_time_pending_days_median": 30.245999999999999, "review_time_pending_update_days_avg": 26.342951145038164, "review_time_pending_update_days_median": 10.3223, "submitted": 14586}