{"abandoned": 13, "merged": 168, "new": 14, "pending": 14, "review_time_days_avg": 10.07844255319149, "review_time_days_median": 1.3559999999999999, "review_time_pending_days_avg": 114.03307142857143, "review_time_pending_days_median": 129.17025000000001, "review_time_pending_update_days_avg": 41.259192857142857, "review_time_pending_update_days_median": 36.071350000000002, "submitted": 195}