{"ReviewsWaitingForReviewer": 2, "abandoned": 4, "merged": 33, "new": 2, "pending": 2, "review_time_days_avg": 2.0477217391304348, "review_time_days_median": 0.5118, "review_time_pending_days_avg": 108.99870000000001, "review_time_pending_days_median": 108.99870000000001, "review_time_pending_update_days_avg": 47.058100000000003, "review_time_pending_update_days_median": 47.058100000000003, "submitted": 39}