{"WaitingForSubmitter": 64, "abandoned": 72, "merged": 391, "new": 39, "pending": 39, "review_time_days_avg": 17.776537179487175, "review_time_days_median": 1.36415, "review_time_pending_days_avg": 219.11200416666665, "review_time_pending_days_median": 209.64010000000002, "review_time_pending_update_days_avg": 180.32402916666669, "review_time_pending_update_days_median": 202.08634999999998, "submitted": 502}