{"ReviewsWaitingForReviewer": 1, "abandoned": 25, "merged": 359, "new": 3, "pending": 3, "review_time_days_avg": 1.3657574999999995, "review_time_days_median": 0.17375000000000002, "review_time_pending_ReviewsWaitingForReviewer_days_avg": 2.0457000000000001, "review_time_pending_ReviewsWaitingForReviewer_days_median": 2.0457000000000001, "review_time_pending_days_avg": 57.042466666666677, "review_time_pending_days_median": 77.546800000000005, "review_time_pending_update_ReviewsWaitingForReviewer_days_avg": 1.2787999999999999, "review_time_pending_update_ReviewsWaitingForReviewer_days_median": 1.2787999999999999, "review_time_pending_update_days_avg": 16.387666666666664, "review_time_pending_update_days_median": 22.918199999999999, "submitted": 387}