{"ReviewsWaitingForReviewer": 1, "abandoned": 2, "merged": 21, "new": 1, "pending": 1, "review_time_days_avg": 4.3494399999999995, "review_time_days_median": 2.6798, "review_time_pending_days_avg": 115.71469999999999, "review_time_pending_days_median": 115.71469999999999, "review_time_pending_update_days_avg": 40.978900000000003, "review_time_pending_update_days_median": 40.978900000000003, "submitted": 24}