{"ReviewsWaitingForReviewer": 18, "abandoned": 73, "merged": 398, "new": 37, "pending": 37, "review_time_days_avg": 22.43624444444444, "review_time_days_median": 1.4173499999999999, "review_time_pending_days_avg": 197.96425909090905, "review_time_pending_days_median": 218.12535, "review_time_pending_update_days_avg": 127.11846363636364, "review_time_pending_update_days_median": 114.46025, "submitted": 508}