{"abandoned": 13, "merged": 168, "new": 14, "pending": 14, "review_time_days_avg": 10.07844255319149, "review_time_days_median": 1.3559999999999999, "review_time_pending_days_avg": 111.07188571428574, "review_time_pending_days_median": 126.20904999999999, "review_time_pending_update_days_avg": 64.580307142857151, "review_time_pending_update_days_median": 62.850549999999998, "submitted": 195}