{"abandoned": 226, "merged": 3146, "new": 26, "pending": 26, "review_time_days_avg": 3.05595205558772, "review_time_days_median": 0.235, "review_time_pending_days_avg": 87.879323076923058, "review_time_pending_days_median": 37.92445, "review_time_pending_update_days_avg": 39.023753846153845, "review_time_pending_update_days_median": 18.940999999999999, "submitted": 3398}