{"ReviewsWaitingForReviewer": 2, "abandoned": 16, "merged": 82, "new": 3, "pending": 3, "review_time_days_avg": 1.9461679999999995, "review_time_days_median": 0.2097, "review_time_pending_days_avg": 162.30000000000001, "review_time_pending_days_median": 162.30000000000001, "review_time_pending_update_days_avg": 93.484250000000003, "review_time_pending_update_days_median": 93.484250000000003, "submitted": 101}