{"WaitingForSubmitter": 4, "abandoned": 8, "merged": 40, "new": 6, "pending": 6, "review_time_days_avg": 8.808653846153847, "review_time_days_median": 2.0318, "review_time_pending_days_avg": 75.74433333333333, "review_time_pending_days_median": 21.642099999999999, "review_time_pending_update_days_avg": 69.442900000000009, "review_time_pending_update_days_median": 21.639800000000001, "submitted": 54}