{"ReviewsWaitingForReviewer": 18, "abandoned": 112, "merged": 1264, "new": 28, "pending": 28, "review_time_days_avg": 4.50560612840467, "review_time_days_median": 0.8776999999999999, "review_time_pending_ReviewsWaitingForReviewer_days_avg": 62.847410000000004, "review_time_pending_ReviewsWaitingForReviewer_days_median": 54.929850000000002, "review_time_pending_days_avg": 53.949292857142844, "review_time_pending_days_median": 40.882000000000005, "review_time_pending_update_ReviewsWaitingForReviewer_days_avg": 50.343590000000006, "review_time_pending_update_ReviewsWaitingForReviewer_days_median": 27.184800000000003, "review_time_pending_update_days_avg": 43.331599999999987, "review_time_pending_update_days_median": 20.228000000000002, "submitted": 1404}