{"abandoned": 29, "merged": 355, "new": 15, "pending": 15, "review_time_days_avg": 4.240970186335405, "review_time_days_median": 0.1321, "review_time_pending_days_avg": 114.76161333333334, "review_time_pending_days_median": 113.20610000000001, "review_time_pending_update_days_avg": 57.565633333333345, "review_time_pending_update_days_median": 57.523000000000003, "submitted": 399}