{"WaitingForSubmitter": 0, "abandoned": 6, "merged": 117, "new": 2, "pending": 2, "review_time_days_avg": 11.395201851851848, "review_time_days_median": 0.44565, "review_time_pending_days_avg": 75.966750000000005, "review_time_pending_days_median": 75.966750000000005, "review_time_pending_update_days_avg": 38.398650000000004, "review_time_pending_update_days_median": 38.398650000000004, "submitted": 125}