{"abandoned": 11, "merged": 50, "new": 16, "pending": 16, "review_time_days_avg": 10.644491176470586, "review_time_days_median": 3.82495, "review_time_pending_days_avg": 139.07070000000004, "review_time_pending_days_median": 87.907700000000006, "review_time_pending_update_days_avg": 93.302168749999993, "review_time_pending_update_days_median": 47.339400000000005, "submitted": 77}