{"abandoned": 65, "merged": 1009, "new": 9, "pending": 9, "review_time_days_avg": 2.3203011925042576, "review_time_days_median": 0.18, "review_time_pending_days_avg": 72.465811111111123, "review_time_pending_days_median": 26.637599999999999, "review_time_pending_update_days_avg": 21.937877777777775, "review_time_pending_update_days_median": 14.0764, "submitted": 1083}