{"abandoned": 40, "merged": 234, "new": 12, "pending": 12, "review_time_days_avg": 16.868315384615386, "review_time_days_median": 1.7655, "review_time_pending_days_avg": 94.848920000000021, "review_time_pending_days_median": 72.24475000000001, "review_time_pending_update_days_avg": 68.069490000000002, "review_time_pending_update_days_median": 31.987449999999999, "submitted": 286}