{"abandoned": 7, "merged": 61, "new": 4, "pending": 4, "review_time_days_avg": 6.454550980392155, "review_time_days_median": 0.2991, "review_time_pending_days_avg": 91.870799999999988, "review_time_pending_days_median": 38.370149999999995, "review_time_pending_update_days_avg": 19.090624999999999, "review_time_pending_update_days_median": 12.385149999999999, "submitted": 72}