{"abandoned": 12, "merged": 81, "new": 9, "pending": 9, "review_time_days_avg": 16.157209523809527, "review_time_days_median": 3.2898, "review_time_pending_days_avg": 131.94696666666664, "review_time_pending_days_median": 124.39709999999999, "review_time_pending_update_days_avg": 68.475611111111107, "review_time_pending_update_days_median": 36.698399999999999, "submitted": 102}