{"ReviewsWaitingForReviewer": 0, "abandoned": 3, "merged": 12, "new": 1, "pending": 1, "review_time_days_avg": 0.3946666666666667, "review_time_days_median": 0.4617, "review_time_pending_days_avg": 283.56150000000002, "review_time_pending_days_median": 283.56150000000002, "review_time_pending_update_days_avg": 136.29069999999999, "review_time_pending_update_days_median": 136.29069999999999, "submitted": 16}