{"ReviewsWaitingForSubmitter": 4, "abandoned": 6, "merged": 58, "new": 11, "pending": 11, "review_time_days_avg": 12.65417777777778, "review_time_days_median": 5.9316, "review_time_pending_days_avg": 126.98592857142857, "review_time_pending_days_median": 33.406500000000001, "review_time_pending_update_days_avg": 65.515185714285707, "review_time_pending_update_days_median": 33.276600000000002, "submitted": 75}