{"abandoned": 42, "merged": 241, "new": 14, "pending": 14, "review_time_days_avg": 15.52249722222222, "review_time_days_median": 1.49335, "review_time_pending_days_avg": 93.512208333333319, "review_time_pending_days_median": 59.347749999999998, "review_time_pending_update_days_avg": 56.666975000000015, "review_time_pending_update_days_median": 20.105399999999999, "submitted": 297}