{"ReviewsWaitingForReviewer": 7, "abandoned": 66, "merged": 1027, "new": 10, "pending": 10, "review_time_days_avg": 2.3104347107438, "review_time_days_median": 0.1763, "review_time_pending_days_avg": 95.040159999999986, "review_time_pending_days_median": 53.630800000000001, "review_time_pending_update_days_avg": 43.900320000000001, "review_time_pending_update_days_median": 45.575450000000004, "submitted": 1103}