{"abandoned": 10, "merged": 76, "new": 11, "pending": 11, "review_time_days_avg": 5.709674666666666, "review_time_days_median": 0.9123, "review_time_pending_days_avg": 67.375209090909095, "review_time_pending_days_median": 45.381399999999999, "review_time_pending_update_days_avg": 26.271418181818184, "review_time_pending_update_days_median": 13.936400000000001, "submitted": 97}