{"abandoned": 33, "merged": 247, "new": 7, "pending": 7, "review_time_days_avg": 6.1946577464788755, "review_time_days_median": 0.9155, "review_time_pending_days_avg": 100.53772857142857, "review_time_pending_days_median": 61.2819, "review_time_pending_update_days_avg": 56.089271428571429, "review_time_pending_update_days_median": 19.633600000000001, "submitted": 287}