{"abandoned": 13, "merged": 92, "new": 10, "pending": 10, "review_time_days_avg": 11.698962500000002, "review_time_days_median": 1.2558, "review_time_pending_days_avg": 135.99042000000003, "review_time_pending_days_median": 137.73374999999999, "review_time_pending_update_days_avg": 58.116, "review_time_pending_update_days_median": 17.471249999999998, "submitted": 115}