{"WaitingForSubmitter": 83, "abandoned": 97, "merged": 1081, "new": 39, "pending": 39, "review_time_days_avg": 4.001700447427296, "review_time_days_median": 0.8440000000000001, "review_time_pending_days_avg": 35.461841025641014, "review_time_pending_days_median": 19.586200000000002, "review_time_pending_update_days_avg": 24.88101025641026, "review_time_pending_update_days_median": 11.8927, "submitted": 1217}