{"ReviewsWaitingForReviewer": 2, "abandoned": 30, "merged": 580, "new": 2, "pending": 2, "review_time_days_avg": 5.512334482758621, "review_time_days_median": 1.5691000000000002, "review_time_pending_days_avg": 271.13015000000001, "review_time_pending_days_median": 271.13015000000001, "review_time_pending_update_days_avg": 171.75585000000001, "review_time_pending_update_days_median": 171.75585000000001, "submitted": 612}