{"abandoned": 8, "merged": 19, "new": 4, "pending": 4, "review_time_days_avg": 24.785114285714286, "review_time_days_median": 0.3849, "review_time_pending_days_avg": 170.31173333333334, "review_time_pending_days_median": 179.39359999999999, "review_time_pending_update_days_avg": 65.278633333333332, "review_time_pending_update_days_median": 26.492699999999999, "submitted": 31}