{"abandoned": 45, "merged": 495, "new": 16, "pending": 16, "review_time_days_avg": 9.475422058823531, "review_time_days_median": 2.1534500000000003, "review_time_pending_days_avg": 204.91118571428572, "review_time_pending_days_median": 193.08420000000001, "review_time_pending_update_days_avg": 131.28861428571432, "review_time_pending_update_days_median": 136.32044999999999, "submitted": 556}