{"ReviewsWaitingForReviewer": 3, "abandoned": 37, "merged": 287, "new": 6, "pending": 6, "review_time_days_avg": 4.848858947368418, "review_time_days_median": 0.2945, "review_time_pending_days_avg": 182.68040000000002, "review_time_pending_days_median": 191.25309999999999, "review_time_pending_update_days_avg": 182.25880000000001, "review_time_pending_update_days_median": 191.25280000000001, "submitted": 330}