{"abandoned": 13, "merged": 168, "new": 14, "pending": 14, "review_time_days_avg": 10.07844255319149, "review_time_days_median": 1.3559999999999999, "review_time_pending_days_avg": 108.04047142857142, "review_time_pending_days_median": 123.17765, "review_time_pending_update_days_avg": 62.080478571428579, "review_time_pending_update_days_median": 59.81915, "submitted": 195}