{"abandoned": 3, "merged": 12, "new": 1, "pending": 1, "review_time_days_avg": 0.3946666666666667, "review_time_days_median": 0.4617, "review_time_pending_days_avg": 258.66609999999997, "review_time_pending_days_median": 258.66609999999997, "review_time_pending_update_days_avg": 111.39530000000001, "review_time_pending_update_days_median": 111.39530000000001, "submitted": 16}