{"ReviewsWaitingForReviewer": 1, "abandoned": 22, "merged": 523, "new": 1, "pending": 1, "review_time_days_avg": 1.2194556263269631, "review_time_days_median": 0.1246, "review_time_pending_days_avg": 0.55559999999999998, "review_time_pending_days_median": 0.55559999999999998, "review_time_pending_update_days_avg": 0.55420000000000003, "review_time_pending_update_days_median": 0.55420000000000003, "submitted": 546}