{"abandoned": 882, "merged": 13063, "new": 153, "pending": 153, "review_time_days_avg": 6.913292658227851, "review_time_days_median": 0.3818, "review_time_pending_days_avg": 58.982751048951087, "review_time_pending_days_median": 24.830200000000001, "review_time_pending_update_days_avg": 33.284187412587407, "review_time_pending_update_days_median": 12.4505, "submitted": 14098}