{"abandoned": 65, "merged": 686, "new": 26, "pending": 26, "review_time_days_avg": 3.9943647272727256, "review_time_days_median": 0.7319500000000001, "review_time_pending_days_avg": 78.42906538461537, "review_time_pending_days_median": 37.54945, "review_time_pending_update_days_avg": 56.804753846153851, "review_time_pending_update_days_median": 22.417750000000002, "submitted": 777}