{"abandoned": 8, "merged": 142, "new": 13, "pending": 13, "review_time_days_avg": 9.918425423728815, "review_time_days_median": 1.5053, "review_time_pending_days_avg": 170.82860769230768, "review_time_pending_days_median": 226.7269, "review_time_pending_update_days_avg": 155.75166153846152, "review_time_pending_update_days_median": 216.93199999999999, "submitted": 163}