{"abandoned": 71, "merged": 422, "new": 25, "pending": 25, "review_time_days_avg": 3.143245303867404, "review_time_days_median": 0.0817, "review_time_pending_days_avg": 215.85639600000002, "review_time_pending_days_median": 207.21879999999999, "review_time_pending_update_days_avg": 193.60675199999997, "review_time_pending_update_days_median": 207.21270000000001, "submitted": 518}