{"abandoned": 71, "merged": 419, "new": 25, "pending": 25, "review_time_days_avg": 3.184694943820225, "review_time_days_median": 0.0803, "review_time_pending_days_avg": 213.94757200000004, "review_time_pending_days_median": 205.1942, "review_time_pending_update_days_avg": 191.66347200000007, "review_time_pending_update_days_median": 205.18809999999999, "submitted": 515}