{"abandoned": 12, "merged": 348, "new": 9, "pending": 9, "review_time_days_avg": 12.141674157303376, "review_time_days_median": 1.2061, "review_time_pending_days_avg": 89.70526666666666, "review_time_pending_days_median": 77.685400000000001, "review_time_pending_update_days_avg": 63.803966666666675, "review_time_pending_update_days_median": 74.604100000000003, "submitted": 369}