{"abandoned": 41, "merged": 236, "new": 10, "pending": 10, "review_time_days_avg": 16.557579104477615, "review_time_days_median": 1.7655, "review_time_pending_days_avg": 113.7361875, "review_time_pending_days_median": 101.62045000000001, "review_time_pending_update_days_avg": 64.208825000000004, "review_time_pending_update_days_median": 37.362200000000001, "submitted": 287}