{"abandoned": 38, "merged": 320, "new": 21, "pending": 21, "review_time_days_avg": 3.914127238805972, "review_time_days_median": 1.1144500000000002, "review_time_pending_days_avg": 38.450299999999999, "review_time_pending_days_median": 27.503900000000002, "review_time_pending_update_days_avg": 28.192247619047624, "review_time_pending_update_days_median": 19.4193, "submitted": 379}