{"ReviewsWaitingForReviewer": 7, "abandoned": 10, "merged": 82, "new": 9, "pending": 9, "review_time_days_avg": 6.293519753086419, "review_time_days_median": 0.9123, "review_time_pending_days_avg": 110.05147777777776, "review_time_pending_days_median": 96.415499999999994, "review_time_pending_update_days_avg": 55.827288888888887, "review_time_pending_update_days_median": 45.827399999999997, "submitted": 101}