{"abandoned": 323, "merged": 3774, "new": 47, "pending": 47, "review_time_days_avg": 5.236335844471446, "review_time_days_median": 0.758, "review_time_pending_days_avg": 53.226095652173903, "review_time_pending_days_median": 11.114049999999999, "review_time_pending_update_days_avg": 26.72573695652175, "review_time_pending_update_days_median": 4.8038500000000006, "submitted": 4144}