{"abandoned": 41, "merged": 493, "new": 6, "pending": 6, "review_time_days_avg": 5.855595454545457, "review_time_days_median": 0.4971, "review_time_pending_days_avg": 131.4437833333333, "review_time_pending_days_median": 159.50829999999999, "review_time_pending_update_days_avg": 112.90480000000001, "review_time_pending_update_days_median": 124.2859, "submitted": 540}