{"ReviewsWaitingForReviewer": 18, "abandoned": 103, "merged": 1129, "new": 25, "pending": 25, "review_time_days_avg": 4.271672864864867, "review_time_days_median": 0.8604, "review_time_pending_days_avg": 43.195891999999994, "review_time_pending_days_median": 32.637599999999999, "review_time_pending_update_days_avg": 30.849775999999988, "review_time_pending_update_days_median": 16.958100000000002, "submitted": 1257}