{"abandoned": 65, "merged": 1011, "new": 10, "pending": 10, "review_time_days_avg": 2.312753820033955, "review_time_days_median": 0.1786, "review_time_pending_days_avg": 68.851260000000011, "review_time_pending_days_median": 25.446899999999999, "review_time_pending_update_days_avg": 17.508800000000001, "review_time_pending_update_days_median": 14.521850000000001, "submitted": 1086}