{"abandoned": 12, "merged": 55, "new": 3, "pending": 3, "review_time_days_avg": 8.122493333333335, "review_time_days_median": 1.0072, "review_time_pending_days_avg": 35.297833333333337, "review_time_pending_days_median": 27.347799999999999, "review_time_pending_update_days_avg": 19.636566666666667, "review_time_pending_update_days_median": 27.347799999999999, "submitted": 70}