{"ReviewsWaitingForReviewer": 15, "abandoned": 29, "merged": 367, "new": 17, "pending": 17, "review_time_days_avg": 4.208246745562132, "review_time_days_median": 0.1692, "review_time_pending_days_avg": 106.23400000000002, "review_time_pending_days_median": 108.07380000000001, "review_time_pending_update_days_avg": 54.039117647058831, "review_time_pending_update_days_median": 39.581000000000003, "submitted": 413}