{"abandoned": 17, "merged": 399, "new": 1, "pending": 1, "review_time_days_avg": 0.93406, "review_time_days_median": 0.02785, "review_time_pending_days_avg": 10.876799999999999, "review_time_pending_days_median": 10.876799999999999, "review_time_pending_update_days_avg": 10.063700000000001, "review_time_pending_update_days_median": 10.063700000000001, "submitted": 417}