{"ReviewsWaitingForSubmitter": 0, "abandoned": 8, "merged": 53, "new": 1, "pending": 1, "review_time_days_avg": 14.142863157894734, "review_time_days_median": 1.5179, "review_time_pending_days_avg": 56.068899999999999, "review_time_pending_days_median": 56.068899999999999, "review_time_pending_update_days_avg": 3.7273999999999998, "review_time_pending_update_days_median": 3.7273999999999998, "submitted": 62}