{"abandoned": 1, "merged": 35, "new": 1, "pending": 1, "review_time_days_avg": 2.2350393939393935, "review_time_days_median": 0.0209, "review_time_pending_days_avg": 146.23429999999999, "review_time_pending_days_median": 146.23429999999999, "review_time_pending_update_days_avg": 77.375299999999996, "review_time_pending_update_days_median": 77.375299999999996, "submitted": 37}