{"ReviewsWaitingForReviewer": 2, "abandoned": 2, "merged": 9, "new": 3, "pending": 3, "review_time_days_avg": 0.40785000000000005, "review_time_days_median": 0.40785000000000005, "review_time_pending_ReviewsWaitingForReviewer_days_avg": 52.211649999999999, "review_time_pending_ReviewsWaitingForReviewer_days_median": 52.211649999999999, "review_time_pending_days_avg": 52.211649999999999, "review_time_pending_days_median": 52.211649999999999, "review_time_pending_update_ReviewsWaitingForReviewer_days_avg": 0.55794999999999995, "review_time_pending_update_ReviewsWaitingForReviewer_days_median": 0.55794999999999995, "review_time_pending_update_days_avg": 0.55794999999999995, "review_time_pending_update_days_median": 0.55794999999999995, "submitted": 14}