{"ReviewsWaitingForReviewer": 9, "abandoned": 8, "merged": 142, "new": 16, "pending": 16, "review_time_days_avg": 9.918425423728815, "review_time_days_median": 1.5053, "review_time_pending_days_avg": 150.09006250000002, "review_time_pending_days_median": 233.78100000000001, "review_time_pending_update_days_avg": 137.03544375000001, "review_time_pending_update_days_median": 198.82704999999999, "submitted": 166}