{"abandoned": 33, "merged": 475, "new": 8, "pending": 8, "review_time_days_avg": 4.34162222222222, "review_time_days_median": 0.9198, "review_time_pending_days_avg": 111.98536250000001, "review_time_pending_days_median": 107.26904999999999, "review_time_pending_update_days_avg": 107.73105, "review_time_pending_update_days_median": 107.25749999999999, "submitted": 516}