{"abandoned": 1, "merged": 49, "new": 3, "pending": 3, "review_time_days_avg": 1.029993333333333, "review_time_days_median": 0.048, "review_time_pending_days_avg": 120.93839999999999, "review_time_pending_days_median": 129.83260000000001, "review_time_pending_update_days_avg": 78.425133333333335, "review_time_pending_update_days_median": 3.3753000000000002, "submitted": 53}