{"abandoned": 6, "merged": 58, "new": 11, "pending": 11, "review_time_days_avg": 12.65417777777778, "review_time_days_median": 5.9316, "review_time_pending_days_avg": 125.95852857142857, "review_time_pending_days_median": 32.379100000000001, "review_time_pending_update_days_avg": 64.487785714285707, "review_time_pending_update_days_median": 32.249200000000002, "submitted": 75}