{"abandoned": 224, "merged": 3131, "new": 24, "pending": 24, "review_time_days_avg": 3.0757205607476594, "review_time_days_median": 0.2365, "review_time_pending_days_avg": 92.693608333333373, "review_time_pending_days_median": 54.9604, "review_time_pending_update_days_avg": 43.562679166666662, "review_time_pending_update_days_median": 24.237449999999999, "submitted": 3379}