{"abandoned": 16, "merged": 79, "new": 3, "pending": 3, "review_time_days_avg": 2.0749727272727267, "review_time_days_median": 0.25775000000000003, "review_time_pending_days_avg": 130.29624999999999, "review_time_pending_days_median": 130.29624999999999, "review_time_pending_update_days_avg": 61.480500000000006, "review_time_pending_update_days_median": 61.480500000000006, "submitted": 98}