{"ReviewsWaitingForReviewer": 5, "abandoned": 21, "merged": 235, "new": 12, "pending": 12, "review_time_days_avg": 15.52345179856115, "review_time_days_median": 0.5764, "review_time_pending_days_avg": 66.505311111111098, "review_time_pending_days_median": 23.607700000000001, "review_time_pending_update_days_avg": 31.491833333333332, "review_time_pending_update_days_median": 16.580500000000001, "submitted": 268}