{"abandoned": 6, "merged": 87, "new": 1, "pending": 1, "review_time_days_avg": 9.685978846153846, "review_time_days_median": 1.11415, "review_time_pending_days_avg": 4.5716999999999999, "review_time_pending_days_median": 4.5716999999999999, "review_time_pending_update_days_avg": 2.4327000000000001, "review_time_pending_update_days_median": 2.4327000000000001, "submitted": 94}