{"ReviewsWaitingForReviewer": 1, "abandoned": 4, "merged": 42, "new": 1, "pending": 1, "review_time_days_avg": 11.311040000000002, "review_time_days_median": 4.1637, "review_time_pending_days_avg": 149.76939999999999, "review_time_pending_days_median": 149.76939999999999, "review_time_pending_update_days_avg": 53.691699999999997, "review_time_pending_update_days_median": 53.691699999999997, "submitted": 47}