{"abandoned": 20, "merged": 481, "new": 3, "pending": 3, "review_time_days_avg": 1.2842238979118323, "review_time_days_median": 0.1279, "review_time_pending_days_avg": 20.5747, "review_time_pending_days_median": 2.9510999999999998, "review_time_pending_update_days_avg": 16.581066666666668, "review_time_pending_update_days_median": 0.86160000000000003, "submitted": 504}