{"abandoned": 72, "merged": 390, "new": 40, "pending": 40, "review_time_days_avg": 17.842059354838707, "review_time_days_median": 1.3241, "review_time_pending_days_avg": 204.49504400000001, "review_time_pending_days_median": 203.21940000000001, "review_time_pending_update_days_avg": 167.66045999999997, "review_time_pending_update_days_median": 195.68549999999999, "submitted": 502}