{"abandoned": 9, "merged": 106, "new": 7, "pending": 7, "review_time_days_avg": 17.773040506329114, "review_time_days_median": 2.7447, "review_time_pending_days_avg": 80.696399999999997, "review_time_pending_days_median": 83.793300000000002, "review_time_pending_update_days_avg": 42.411471428571424, "review_time_pending_update_days_median": 39.599899999999998, "submitted": 122}