{"abandoned": 35, "merged": 250, "new": 6, "pending": 6, "review_time_days_avg": 5.946187837837841, "review_time_days_median": 0.5922499999999999, "review_time_pending_days_avg": 72.064299999999989, "review_time_pending_days_median": 46.875250000000001, "review_time_pending_update_days_avg": 67.495450000000005, "review_time_pending_update_days_median": 45.822000000000003, "submitted": 291}