{"WaitingForSubmitter": 17, "abandoned": 45, "merged": 495, "new": 16, "pending": 16, "review_time_days_avg": 9.475422058823531, "review_time_days_median": 2.1534500000000003, "review_time_pending_days_avg": 208.28981428571433, "review_time_pending_days_median": 196.46280000000002, "review_time_pending_update_days_avg": 134.66726428571431, "review_time_pending_update_days_median": 139.69915, "submitted": 556}