{"ReviewsWaitingForReviewer": 5, "abandoned": 13, "merged": 170, "new": 12, "pending": 12, "review_time_days_avg": 12.212486458333332, "review_time_days_median": 1.4082, "review_time_pending_days_avg": 142.45610833333333, "review_time_pending_days_median": 155.22795000000002, "review_time_pending_update_days_avg": 73.998883333333325, "review_time_pending_update_days_median": 63.136099999999999, "submitted": 195}