{"abandoned": 6, "merged": 63, "new": 4, "pending": 4, "review_time_days_avg": 11.041165999999997, "review_time_days_median": 2.25155, "review_time_pending_days_avg": 24.080675000000003, "review_time_pending_days_median": 8.5465499999999999, "review_time_pending_update_days_avg": 20.746324999999999, "review_time_pending_update_days_median": 2.5598000000000001, "submitted": 73}