{"ReviewsWaitingForReviewer": 4, "abandoned": 6, "merged": 59, "new": 11, "pending": 11, "review_time_days_avg": 12.65417777777778, "review_time_days_median": 5.9316, "review_time_pending_days_avg": 135.99034285714285, "review_time_pending_days_median": 42.410899999999998, "review_time_pending_update_days_avg": 73.146614285714278, "review_time_pending_update_days_median": 42.280999999999999, "submitted": 76}