{"abandoned": 72, "merged": 391, "new": 39, "pending": 39, "review_time_days_avg": 17.776537179487175, "review_time_days_median": 1.36415, "review_time_pending_days_avg": 217.70262083333333, "review_time_pending_days_median": 208.23070000000001, "review_time_pending_update_days_avg": 178.91465833333334, "review_time_pending_update_days_median": 200.67695000000001, "submitted": 502}