{"abandoned": 25, "merged": 202, "new": 9, "pending": 9, "review_time_days_avg": 17.987215909090917, "review_time_days_median": 2.09545, "review_time_pending_days_avg": 163.83242499999997, "review_time_pending_days_median": 194.36529999999999, "review_time_pending_update_days_avg": 122.1255125, "review_time_pending_update_days_median": 133.05804999999998, "submitted": 236}