{"ReviewsWaitingForReviewer": 0, "abandoned": 10, "merged": 80, "new": 2, "pending": 2, "review_time_days_avg": 1.2256880597014925, "review_time_days_median": 0.0999, "review_time_pending_days_avg": 285.63295000000005, "review_time_pending_days_median": 285.63295000000005, "review_time_pending_update_days_avg": 270.07304999999997, "review_time_pending_update_days_median": 270.07304999999997, "submitted": 92}