{"abandoned": 9, "merged": 137, "new": 10, "pending": 10, "review_time_days_avg": 9.378842168674696, "review_time_days_median": 0.0286, "review_time_pending_days_avg": 114.10671111111111, "review_time_pending_days_median": 97.527600000000007, "review_time_pending_update_days_avg": 96.286755555555544, "review_time_pending_update_days_median": 97.526600000000002, "submitted": 156}