{"ReviewsWaitingForSubmitter": 1, "abandoned": 25, "merged": 206, "new": 2, "pending": 2, "review_time_days_avg": 8.103809374999999, "review_time_days_median": 1.186, "review_time_pending_days_avg": 117.87780000000001, "review_time_pending_days_median": 117.87780000000001, "review_time_pending_update_days_avg": 117.02619999999999, "review_time_pending_update_days_median": 117.02619999999999, "submitted": 233}