{"abandoned": 7, "merged": 140, "new": 13, "pending": 13, "review_time_days_avg": 9.891996491228072, "review_time_days_median": 1.5053, "review_time_pending_days_avg": 157.77790769230768, "review_time_pending_days_median": 211.08330000000001, "review_time_pending_update_days_avg": 143.6299153846154, "review_time_pending_update_days_median": 201.28829999999999, "submitted": 160}