{"abandoned": 37, "merged": 281, "new": 9, "pending": 9, "review_time_days_avg": 4.397849999999997, "review_time_days_median": 0.23070000000000002, "review_time_pending_days_avg": 95.987837500000012, "review_time_pending_days_median": 14.051349999999999, "review_time_pending_update_days_avg": 95.183712499999999, "review_time_pending_update_days_median": 12.334350000000001, "submitted": 327}