{"abandoned": 1, "merged": 35, "new": 3, "pending": 3, "review_time_days_avg": 53.03986666666667, "review_time_days_median": 3.9379, "review_time_pending_days_avg": 90.124600000000001, "review_time_pending_days_median": 90.124600000000001, "review_time_pending_update_days_avg": 55.765000000000001, "review_time_pending_update_days_median": 55.765000000000001, "submitted": 39}