{"ReviewsWaitingForReviewer": 28, "abandoned": 345, "merged": 3981, "new": 50, "pending": 50, "review_time_days_avg": 5.167380120152924, "review_time_days_median": 0.7679, "review_time_pending_days_avg": 58.935889795918371, "review_time_pending_days_median": 29.665299999999998, "review_time_pending_update_days_avg": 36.826359183673468, "review_time_pending_update_days_median": 14.740500000000001, "submitted": 4376}