{"abandoned": 7, "merged": 11, "new": 1, "pending": 1, "review_time_days_avg": 22.064533333333333, "review_time_days_median": 30.1796, "review_time_pending_days_avg": 62.842300000000002, "review_time_pending_days_median": 62.842300000000002, "review_time_pending_update_days_avg": 37.233699999999999, "review_time_pending_update_days_median": 37.233699999999999, "submitted": 19}