{"abandoned": 65, "merged": 1024, "new": 9, "pending": 9, "review_time_days_avg": 2.3207696013289025, "review_time_days_median": 0.17695, "review_time_pending_days_avg": 92.043511111111101, "review_time_pending_days_median": 48.613100000000003, "review_time_pending_update_days_avg": 35.333277777777788, "review_time_pending_update_days_median": 32.540599999999998, "submitted": 1098}