{"abandoned": 154, "merged": 1706, "new": 18, "pending": 18, "review_time_days_avg": 3.287243377483442, "review_time_days_median": 0.14015, "review_time_pending_days_avg": 191.27974545454543, "review_time_pending_days_median": 185.5266, "review_time_pending_update_days_avg": 143.14583636363636, "review_time_pending_update_days_median": 132.24369999999999, "submitted": 1878}