{"abandoned": 154, "merged": 1710, "new": 16, "pending": 16, "review_time_days_avg": 3.535002302631577, "review_time_days_median": 0.14135, "review_time_pending_days_avg": 245.6105444444444, "review_time_pending_days_median": 269.31099999999998, "review_time_pending_update_days_avg": 186.79523333333333, "review_time_pending_update_days_median": 173.26939999999999, "submitted": 1880}