{"ReviewsWaitingForReviewer": 2, "abandoned": 22, "merged": 527, "new": 2, "pending": 2, "review_time_days_avg": 1.2149841772151893, "review_time_days_median": 0.12625, "review_time_pending_days_avg": 2.9521999999999999, "review_time_pending_days_median": 2.9521999999999999, "review_time_pending_update_days_avg": 2.9486499999999998, "review_time_pending_update_days_median": 2.9486499999999998, "submitted": 551}