{"abandoned": 9, "merged": 140, "new": 18, "pending": 18, "review_time_days_avg": 9.463226744186045, "review_time_days_median": 0.036449999999999996, "review_time_pending_days_avg": 71.255570588235329, "review_time_pending_days_median": 4.2995000000000001, "review_time_pending_update_days_avg": 59.42144705882351, "review_time_pending_update_days_median": 4.2994000000000003, "submitted": 167}