{"abandoned": 6, "merged": 57, "new": 11, "pending": 11, "review_time_days_avg": 12.636638461538464, "review_time_days_median": 5.91535, "review_time_pending_days_avg": 105.35774285714285, "review_time_pending_days_median": 11.7783, "review_time_pending_update_days_avg": 50.306985714285709, "review_time_pending_update_days_median": 11.648400000000001, "submitted": 74}