{"abandoned": 15, "merged": 236, "new": 7, "pending": 7, "review_time_days_avg": 7.666505263157896, "review_time_days_median": 0.7073, "review_time_pending_days_avg": 197.43987999999999, "review_time_pending_days_median": 240.86799999999999, "review_time_pending_update_days_avg": 145.78763999999998, "review_time_pending_update_days_median": 149.50110000000001, "submitted": 258}