{"abandoned": 13, "merged": 168, "new": 14, "pending": 14, "review_time_days_avg": 10.07844255319149, "review_time_days_median": 1.3559999999999999, "review_time_pending_days_avg": 109.07854999999998, "review_time_pending_days_median": 124.2157, "review_time_pending_update_days_avg": 62.586971428571431, "review_time_pending_update_days_median": 60.857199999999999, "submitted": 195}