{"abandoned": 65, "merged": 1013, "new": 9, "pending": 9, "review_time_days_avg": 2.3067641285955998, "review_time_days_median": 0.1786, "review_time_pending_days_avg": 77.866266666666661, "review_time_pending_days_median": 32.037999999999997, "review_time_pending_update_days_avg": 20.617822222222223, "review_time_pending_update_days_median": 15.9655, "submitted": 1087}