{"abandoned": 14, "merged": 239, "new": 1, "pending": 1, "review_time_days_avg": 7.455222388059699, "review_time_days_median": 0.759, "review_time_pending_days_avg": 319.21140000000003, "review_time_pending_days_median": 319.21140000000003, "review_time_pending_update_days_avg": 292.33339999999998, "review_time_pending_update_days_median": 292.33339999999998, "submitted": 254}