{"abandoned": 37, "merged": 286, "new": 6, "pending": 6, "review_time_days_avg": 4.613831182795696, "review_time_days_median": 0.2559, "review_time_pending_days_avg": 168.67162000000002, "review_time_pending_days_median": 177.24430000000001, "review_time_pending_update_days_avg": 168.25005999999999, "review_time_pending_update_days_median": 177.2441, "submitted": 329}