{"ReviewsWaitingForReviewer": 0, "abandoned": 10, "merged": 80, "new": 2, "pending": 2, "review_time_days_avg": 1.2256880597014925, "review_time_days_median": 0.0999, "review_time_pending_days_avg": 288.64494999999999, "review_time_pending_days_median": 288.64494999999999, "review_time_pending_update_days_avg": 273.08494999999999, "review_time_pending_update_days_median": 273.08494999999999, "submitted": 92}