{"ReviewsWaitingForReviewer": 4, "abandoned": 5, "merged": 34, "new": 5, "pending": 5, "review_time_days_avg": 11.482642857142858, "review_time_days_median": 0.0842, "review_time_pending_days_avg": 139.96572000000003, "review_time_pending_days_median": 80.206800000000001, "review_time_pending_update_days_avg": 77.27297999999999, "review_time_pending_update_days_median": 42.621200000000002, "submitted": 44}