{"ReviewsWaitingForReviewer": 0, "abandoned": 12, "merged": 62, "new": 1, "pending": 1, "review_time_days_avg": 8.304900000000002, "review_time_days_median": 1.727, "review_time_pending_days_avg": 56.346400000000003, "review_time_pending_days_median": 56.346400000000003, "review_time_pending_update_days_avg": 0.50829999999999997, "review_time_pending_update_days_median": 0.50829999999999997, "submitted": 75}