{"abandoned": 13, "merged": 169, "new": 13, "pending": 13, "review_time_days_avg": 10.183592631578946, "review_time_days_median": 1.3901, "review_time_pending_days_avg": 140.77023846153847, "review_time_pending_days_median": 150.41999999999999, "review_time_pending_update_days_avg": 63.346553846153853, "review_time_pending_update_days_median": 55.773000000000003, "submitted": 195}