{"abandoned": 6, "merged": 57, "new": 11, "pending": 11, "review_time_days_avg": 12.636638461538464, "review_time_days_median": 5.91535, "review_time_pending_days_avg": 102.0959142857143, "review_time_pending_days_median": 8.5165000000000006, "review_time_pending_update_days_avg": 47.480185714285717, "review_time_pending_update_days_median": 8.3865999999999996, "submitted": 74}