{"abandoned": 35, "merged": 249, "new": 6, "pending": 6, "review_time_days_avg": 6.026167123287674, "review_time_days_median": 0.659, "review_time_pending_days_avg": 67.685399999999987, "review_time_pending_days_median": 42.49635, "review_time_pending_update_days_avg": 63.116566666666664, "review_time_pending_update_days_median": 41.443100000000001, "submitted": 290}