{"abandoned": 33, "merged": 260, "new": 2, "pending": 2, "review_time_days_avg": 5.730139490445859, "review_time_days_median": 0.659, "review_time_pending_days_avg": 141.08544999999998, "review_time_pending_days_median": 141.08544999999998, "review_time_pending_update_days_avg": 136.81104999999999, "review_time_pending_update_days_median": 136.81104999999999, "submitted": 295}