{"abandoned": 42, "merged": 240, "new": 15, "pending": 15, "review_time_days_avg": 15.718307042253523, "review_time_days_median": 1.3667, "review_time_pending_days_avg": 81.811715384615368, "review_time_pending_days_median": 44.381500000000003, "review_time_pending_update_days_avg": 51.017169230769234, "review_time_pending_update_days_median": 15.720000000000001, "submitted": 297}