{"abandoned": 6, "merged": 63, "new": 4, "pending": 4, "review_time_days_avg": 11.041165999999997, "review_time_days_median": 2.25155, "review_time_pending_days_avg": 26.076074999999999, "review_time_pending_days_median": 10.54195, "review_time_pending_update_days_avg": 21.033975000000002, "review_time_pending_update_days_median": 1.7513000000000001, "submitted": 73}