{"abandoned": 2, "merged": 21, "new": 1, "pending": 1, "review_time_days_avg": 4.3494399999999995, "review_time_days_median": 2.6798, "review_time_pending_days_avg": 111.65940000000001, "review_time_pending_days_median": 111.65940000000001, "review_time_pending_update_days_avg": 36.923499999999997, "review_time_pending_update_days_median": 36.923499999999997, "submitted": 24}