{"ReviewsWaitingForReviewer": 7, "abandoned": 15, "merged": 241, "new": 8, "pending": 8, "review_time_days_avg": 6.943295238095239, "review_time_days_median": 0.53175, "review_time_pending_days_avg": 189.63318333333333, "review_time_pending_days_median": 222.11124999999998, "review_time_pending_update_days_avg": 145.73893333333334, "review_time_pending_update_days_median": 175.00839999999999, "submitted": 264}