{"abandoned": 13, "merged": 169, "new": 13, "pending": 13, "review_time_days_avg": 10.183592631578946, "review_time_days_median": 1.3901, "review_time_pending_days_avg": 139.72984615384615, "review_time_pending_days_median": 149.37960000000001, "review_time_pending_update_days_avg": 62.306153846153848, "review_time_pending_update_days_median": 54.732599999999998, "submitted": 195}