{"abandoned": 12, "merged": 182, "new": 5, "pending": 5, "review_time_days_avg": 7.340737894736841, "review_time_days_median": 2.0425, "review_time_pending_days_avg": 20.905939999999998, "review_time_pending_days_median": 21.7803, "review_time_pending_update_days_avg": 12.690899999999999, "review_time_pending_update_days_median": 6.3472999999999997, "submitted": 199}