{"abandoned": 8, "merged": 32, "new": 7, "pending": 7, "review_time_days_avg": 6.36849375, "review_time_days_median": 0.56165, "review_time_pending_days_avg": 78.803925000000007, "review_time_pending_days_median": 73.822599999999994, "review_time_pending_update_days_avg": 68.921925000000002, "review_time_pending_update_days_median": 69.858699999999999, "submitted": 47}