{"abandoned": 6, "merged": 57, "new": 11, "pending": 11, "review_time_days_avg": 12.636638461538464, "review_time_days_median": 5.91535, "review_time_pending_days_avg": 102.97422857142858, "review_time_pending_days_median": 9.3948, "review_time_pending_update_days_avg": 48.358485714285713, "review_time_pending_update_days_median": 9.2649000000000008, "submitted": 74}