{"ReviewsWaitingForReviewer": 16, "abandoned": 73, "merged": 430, "new": 25, "pending": 25, "review_time_days_avg": 3.1220645502645517, "review_time_days_median": 0.0865, "review_time_pending_days_avg": 225.85057200000003, "review_time_pending_days_median": 217.22229999999999, "review_time_pending_update_days_avg": 203.40658799999994, "review_time_pending_update_days_median": 217.21610000000001, "submitted": 528}