{"WaitingForSubmitter": 13, "abandoned": 6, "merged": 58, "new": 11, "pending": 11, "review_time_days_avg": 12.65417777777778, "review_time_days_median": 5.9316, "review_time_pending_days_avg": 126.37764285714286, "review_time_pending_days_median": 32.798200000000001, "review_time_pending_update_days_avg": 64.906885714285721, "review_time_pending_update_days_median": 32.668300000000002, "submitted": 75}