{"ReviewsWaitingForSubmitter": 2, "abandoned": 33, "merged": 475, "new": 9, "pending": 9, "review_time_days_avg": 4.34162222222222, "review_time_days_median": 0.9198, "review_time_pending_days_avg": 100.52280000000002, "review_time_pending_days_median": 64.390799999999999, "review_time_pending_update_days_avg": 96.741155555555537, "review_time_pending_update_days_median": 64.389099999999999, "submitted": 517}