{"ReviewsWaitingForReviewer": 2, "abandoned": 1, "merged": 9, "new": 2, "pending": 2, "review_time_days_avg": 24.488175000000002, "review_time_days_median": 15.37955, "review_time_pending_days_avg": 39.962050000000005, "review_time_pending_days_median": 39.962050000000005, "review_time_pending_update_days_avg": 39.946849999999998, "review_time_pending_update_days_median": 39.946849999999998, "submitted": 12}