{"ReviewsWaitingForReviewer": 4, "abandoned": 5, "merged": 34, "new": 5, "pending": 5, "review_time_days_avg": 11.482642857142858, "review_time_days_median": 0.0842, "review_time_pending_days_avg": 140.97281999999998, "review_time_pending_days_median": 81.213899999999995, "review_time_pending_update_days_avg": 78.28006000000002, "review_time_pending_update_days_median": 43.628300000000003, "submitted": 44}