{"ReviewsWaitingForReviewer": 0, "abandoned": 1, "merged": 10, "new": 1, "pending": 1, "review_time_days_avg": 1.02811, "review_time_days_median": 0.0060999999999999995, "review_time_pending_days_avg": 37.429099999999998, "review_time_pending_days_median": 37.429099999999998, "review_time_pending_update_days_avg": 37.428800000000003, "review_time_pending_update_days_median": 37.428800000000003, "submitted": 12}