{"WaitingForSubmitter": 5, "abandoned": 9, "merged": 140, "new": 18, "pending": 18, "review_time_days_avg": 9.463226744186045, "review_time_days_median": 0.036449999999999996, "review_time_pending_days_avg": 72.664976470588272, "review_time_pending_days_median": 5.7088999999999999, "review_time_pending_update_days_avg": 60.830858823529404, "review_time_pending_update_days_median": 5.7088000000000001, "submitted": 167}