{"abandoned": 32, "merged": 411, "new": 4, "pending": 4, "review_time_days_avg": 3.963619999999999, "review_time_days_median": 0.8617999999999999, "review_time_pending_days_avg": 223.38493333333329, "review_time_pending_days_median": 237.72499999999999, "review_time_pending_update_days_avg": 110.0748333333333, "review_time_pending_update_days_median": 53.030900000000003, "submitted": 447}