{"abandoned": 1, "merged": 12, "new": 2, "pending": 2, "review_time_days_avg": 18.10145, "review_time_days_median": 18.10145, "review_time_pending_days_avg": 131.26760000000002, "review_time_pending_days_median": 131.26760000000002, "review_time_pending_update_days_avg": 124.82220000000001, "review_time_pending_update_days_median": 124.82220000000001, "submitted": 15}