{"abandoned": 4, "merged": 33, "new": 2, "pending": 2, "review_time_days_avg": 2.0477217391304348, "review_time_days_median": 0.5118, "review_time_pending_days_avg": 99.994500000000002, "review_time_pending_days_median": 99.994500000000002, "review_time_pending_update_days_avg": 38.053899999999999, "review_time_pending_update_days_median": 38.053899999999999, "submitted": 39}