{"abandoned": 9, "merged": 136, "new": 9, "pending": 9, "review_time_days_avg": 8.993973170731705, "review_time_days_median": 0.02815, "review_time_pending_days_avg": 128.95820000000001, "review_time_pending_days_median": 104.84735000000001, "review_time_pending_update_days_avg": 104.72160000000001, "review_time_pending_update_days_median": 104.84655000000001, "submitted": 154}