{"WaitingForSubmitter": 6, "abandoned": 41, "merged": 499, "new": 8, "pending": 8, "review_time_days_avg": 5.829668325791858, "review_time_days_median": 0.4861, "review_time_pending_days_avg": 104.21758749999999, "review_time_pending_days_median": 93.031450000000007, "review_time_pending_update_days_avg": 89.829975000000005, "review_time_pending_update_days_median": 76.299599999999998, "submitted": 548}