{"ReviewsWaitingForReviewer": 2, "abandoned": 25, "merged": 206, "new": 3, "pending": 3, "review_time_days_avg": 8.103809374999999, "review_time_days_median": 1.186, "review_time_pending_days_avg": 79.524500000000003, "review_time_pending_days_median": 75.612499999999997, "review_time_pending_update_days_avg": 78.948733333333337, "review_time_pending_update_days_median": 75.612499999999997, "submitted": 234}