{"abandoned": 13, "merged": 351, "new": 8, "pending": 8, "review_time_days_avg": 12.023084444444448, "review_time_days_median": 1.22465, "review_time_pending_days_avg": 109.99155000000002, "review_time_pending_days_median": 97.138249999999999, "review_time_pending_update_days_avg": 81.079287499999992, "review_time_pending_update_days_median": 92.348350000000011, "submitted": 372}