{"ReviewsWaitingForReviewer": 3, "abandoned": 45, "merged": 461, "new": 25, "pending": 25, "review_time_days_avg": 3.2668145780051163, "review_time_days_median": 0.9508, "review_time_pending_days_avg": 56.200615999999989, "review_time_pending_days_median": 41.054200000000002, "review_time_pending_update_days_avg": 42.766196000000001, "review_time_pending_update_days_median": 32.997900000000001, "submitted": 531}