{"abandoned": 1, "merged": 8, "new": 1, "pending": 1, "review_time_days_avg": 32.46686666666667, "review_time_days_median": 30.207, "review_time_pending_days_avg": 46.392000000000003, "review_time_pending_days_median": 46.392000000000003, "review_time_pending_update_days_avg": 46.362699999999997, "review_time_pending_update_days_median": 46.362699999999997, "submitted": 10}