{"ReviewsWaitingForReviewer": 2, "abandoned": 16, "merged": 82, "new": 3, "pending": 3, "review_time_days_avg": 1.9461679999999995, "review_time_days_median": 0.2097, "review_time_pending_days_avg": 166.30459999999999, "review_time_pending_days_median": 166.30459999999999, "review_time_pending_update_days_avg": 97.488849999999999, "review_time_pending_update_days_median": 97.488849999999999, "submitted": 101}