{"abandoned": 13, "merged": 168, "new": 14, "pending": 14, "review_time_days_avg": 10.07844255319149, "review_time_days_median": 1.3559999999999999, "review_time_pending_days_avg": 115.45078571428571, "review_time_pending_days_median": 130.58794999999998, "review_time_pending_update_days_avg": 42.676928571428576, "review_time_pending_update_days_median": 37.489100000000001, "submitted": 195}