{"ReviewsWaitingForReviewer": 3, "abandoned": 31, "merged": 281, "new": 3, "pending": 3, "review_time_days_avg": 10.602373033707863, "review_time_days_median": 1.4399, "review_time_pending_days_avg": 43.477066666666666, "review_time_pending_days_median": 53.588200000000001, "review_time_pending_update_days_avg": 25.779866666666663, "review_time_pending_update_days_median": 2.3041999999999998, "submitted": 315}