{"abandoned": 32, "merged": 415, "new": 4, "pending": 4, "review_time_days_avg": 3.463782608695652, "review_time_days_median": 0.7023, "review_time_pending_days_avg": 247.39843333333332, "review_time_pending_days_median": 261.73849999999999, "review_time_pending_update_days_avg": 127.3827, "review_time_pending_update_days_median": 77.044399999999996, "submitted": 451}