{"abandoned": 10, "merged": 81, "new": 10, "pending": 10, "review_time_days_avg": 5.640199999999998, "review_time_days_median": 0.8511, "review_time_pending_days_avg": 91.343339999999984, "review_time_pending_days_median": 72.834900000000005, "review_time_pending_update_days_avg": 44.929099999999991, "review_time_pending_update_days_median": 40.434100000000001, "submitted": 101}