{"abandoned": 23, "merged": 345, "new": 3, "pending": 3, "review_time_days_avg": 1.5987212121212118, "review_time_days_median": 0.2056, "review_time_pending_days_avg": 136.03426666666667, "review_time_pending_days_median": 68.397499999999994, "review_time_pending_update_days_avg": 121.14663333333333, "review_time_pending_update_days_median": 65.844200000000001, "submitted": 371}