{"abandoned": 5, "merged": 35, "new": 8, "pending": 8, "review_time_days_avg": 8.369599999999998, "review_time_days_median": 6.1133, "review_time_pending_days_avg": 45.543937499999991, "review_time_pending_days_median": 29.065249999999999, "review_time_pending_update_days_avg": 13.171487499999998, "review_time_pending_update_days_median": 10.677050000000001, "submitted": 48}