{"abandoned": 37, "merged": 286, "new": 6, "pending": 6, "review_time_days_avg": 4.895163829787232, "review_time_days_median": 0.2752, "review_time_pending_days_avg": 174.6523, "review_time_pending_days_median": 183.22499999999999, "review_time_pending_update_days_avg": 174.23070000000001, "review_time_pending_update_days_median": 183.22470000000001, "submitted": 329}