{"abandoned": 142, "merged": 848, "new": 9, "pending": 9, "review_time_days_avg": 12.24398225806452, "review_time_days_median": 0.25855, "review_time_pending_days_avg": 231.14222857142857, "review_time_pending_days_median": 256.47109999999998, "review_time_pending_update_days_avg": 98.750428571428557, "review_time_pending_update_days_median": 109.0123, "submitted": 999}