{"abandoned": 5, "merged": 13, "new": 8, "pending": 8, "review_time_days_avg": 8.968018181818183, "review_time_days_median": 5.6485, "review_time_pending_days_avg": 19.188312499999999, "review_time_pending_days_median": 14.030749999999999, "review_time_pending_update_days_avg": 11.771825, "review_time_pending_update_days_median": 6.6131500000000001, "submitted": 26}