{"abandoned": 1, "merged": 27, "new": 2, "pending": 2, "review_time_days_avg": 13.324150000000001, "review_time_days_median": 2.2389, "review_time_pending_days_avg": 106.19580000000001, "review_time_pending_days_median": 106.19580000000001, "review_time_pending_update_days_avg": 86.991600000000005, "review_time_pending_update_days_median": 86.991600000000005, "submitted": 30}