{"abandoned": 69, "merged": 388, "new": 42, "pending": 42, "review_time_days_avg": 17.949035294117643, "review_time_days_median": 1.3241, "review_time_pending_days_avg": 203.57886538461537, "review_time_pending_days_median": 184.26285000000001, "review_time_pending_update_days_avg": 165.25243846153847, "review_time_pending_update_days_median": 176.68900000000002, "submitted": 499}