{"abandoned": 116, "merged": 663, "new": 4, "pending": 4, "review_time_days_avg": 2.986535135135135, "review_time_days_median": 0.3573, "review_time_pending_days_avg": 140.21652499999999, "review_time_pending_days_median": 127.32525, "review_time_pending_update_days_avg": 63.831924999999998, "review_time_pending_update_days_median": 78.515699999999995, "submitted": 783}