{"abandoned": 4, "merged": 32, "new": 2, "pending": 2, "review_time_days_avg": 2.112095454545454, "review_time_days_median": 0.29805000000000004, "review_time_pending_days_avg": 78.985700000000008, "review_time_pending_days_median": 78.985700000000008, "review_time_pending_update_days_avg": 27.84815, "review_time_pending_update_days_median": 27.84815, "submitted": 38}