{"abandoned": 37, "merged": 282, "new": 9, "pending": 9, "review_time_days_avg": 4.349525274725272, "review_time_days_median": 0.2055, "review_time_pending_days_avg": 99.098224999999999, "review_time_pending_days_median": 17.161749999999998, "review_time_pending_update_days_avg": 98.294100000000014, "review_time_pending_update_days_median": 15.444750000000001, "submitted": 328}