{"abandoned": 64, "merged": 686, "new": 26, "pending": 26, "review_time_days_avg": 3.9943647272727256, "review_time_days_median": 0.7319500000000001, "review_time_pending_days_avg": 76.455065384615381, "review_time_pending_days_median": 35.513850000000005, "review_time_pending_update_days_avg": 54.812315384615388, "review_time_pending_update_days_median": 20.382149999999999, "submitted": 776}