{"abandoned": 43, "merged": 424, "new": 27, "pending": 27, "review_time_days_avg": 3.445675069252078, "review_time_days_median": 1.1309, "review_time_pending_days_avg": 46.132622222222217, "review_time_pending_days_median": 27.2562, "review_time_pending_update_days_avg": 33.58129259259259, "review_time_pending_update_days_median": 17.738700000000001, "submitted": 494}