{"abandoned": 37, "merged": 316, "new": 22, "pending": 22, "review_time_days_avg": 3.9366102272727304, "review_time_days_median": 1.09155, "review_time_pending_days_avg": 36.268804545454543, "review_time_pending_days_median": 21.748800000000003, "review_time_pending_update_days_avg": 26.839672727272728, "review_time_pending_update_days_median": 17.651699999999998, "submitted": 375}