{"ReviewsWaitingForReviewer": 14, "abandoned": 29, "merged": 361, "new": 15, "pending": 15, "review_time_days_avg": 4.304385975609757, "review_time_days_median": 0.14405, "review_time_pending_days_avg": 118.36618000000001, "review_time_pending_days_median": 118.23560000000001, "review_time_pending_update_days_avg": 60.787033333333348, "review_time_pending_update_days_median": 62.552399999999999, "submitted": 405}