{"ReviewsWaitingForReviewer": 4, "abandoned": 6, "merged": 59, "new": 11, "pending": 11, "review_time_days_avg": 12.65417777777778, "review_time_days_median": 5.9316, "review_time_pending_days_avg": 129.0226857142857, "review_time_pending_days_median": 35.443199999999997, "review_time_pending_update_days_avg": 67.321757142857138, "review_time_pending_update_days_median": 35.313400000000001, "submitted": 76}