{"abandoned": 9, "merged": 106, "new": 8, "pending": 8, "review_time_days_avg": 17.773040506329114, "review_time_days_median": 2.7447, "review_time_pending_days_avg": 72.873037499999995, "review_time_pending_days_median": 84.531450000000007, "review_time_pending_update_days_avg": 39.373737500000004, "review_time_pending_update_days_median": 31.389850000000003, "submitted": 123}