{"ReviewsWaitingForReviewer": 26, "abandoned": 343, "merged": 3973, "new": 47, "pending": 47, "review_time_days_avg": 5.186145858475044, "review_time_days_median": 0.7698, "review_time_pending_days_avg": 60.828028260869566, "review_time_pending_days_median": 31.010300000000001, "review_time_pending_update_days_avg": 38.267649999999996, "review_time_pending_update_days_median": 13.411850000000001, "submitted": 4363}