{"ReviewsWaitingForSubmitter": 2, "abandoned": 8, "merged": 40, "new": 6, "pending": 6, "review_time_days_avg": 8.808653846153847, "review_time_days_median": 2.0318, "review_time_pending_days_avg": 76.352666666666664, "review_time_pending_days_median": 22.250499999999999, "review_time_pending_update_days_avg": 70.051299999999998, "review_time_pending_update_days_median": 22.248200000000001, "submitted": 54}