{"abandoned": 10, "merged": 108, "new": 8, "pending": 8, "review_time_days_avg": 17.5639525, "review_time_days_median": 2.69825, "review_time_pending_days_avg": 84.015050000000002, "review_time_pending_days_median": 104.14195000000001, "review_time_pending_update_days_avg": 46.307612500000005, "review_time_pending_update_days_median": 35.083449999999999, "submitted": 126}