{"abandoned": 4, "merged": 13, "new": 6, "pending": 6, "review_time_days_avg": 8.968018181818183, "review_time_days_median": 5.6485, "review_time_pending_days_avg": 18.671533333333333, "review_time_pending_days_median": 20.491299999999999, "review_time_pending_update_days_avg": 9.7796500000000002, "review_time_pending_update_days_median": 7.2900499999999999, "submitted": 23}