{"abandoned": 12, "merged": 55, "new": 5, "pending": 5, "review_time_days_avg": 8.122493333333335, "review_time_days_median": 1.0072, "review_time_pending_days_avg": 23.252600000000001, "review_time_pending_days_median": 29.274100000000001, "review_time_pending_update_days_avg": 13.855799999999999, "review_time_pending_update_days_median": 3.3559000000000001, "submitted": 72}