{"WaitingForSubmitter": 52, "abandoned": 73, "merged": 742, "new": 39, "pending": 39, "review_time_days_avg": 4.7362728499156805, "review_time_days_median": 0.7549, "review_time_pending_days_avg": 54.310671794871773, "review_time_pending_days_median": 11.919499999999999, "review_time_pending_update_days_avg": 33.857030769230768, "review_time_pending_update_days_median": 5.1367000000000003, "submitted": 854}