{"abandoned": 9, "merged": 137, "new": 10, "pending": 10, "review_time_days_avg": 9.378842168674696, "review_time_days_median": 0.0286, "review_time_pending_days_avg": 111.99383333333334, "review_time_pending_days_median": 95.414699999999996, "review_time_pending_update_days_avg": 94.391755555555562, "review_time_pending_update_days_median": 95.413799999999995, "submitted": 156}