{"abandoned": 20, "merged": 470, "new": 1, "pending": 1, "review_time_days_avg": 1.308090476190476, "review_time_days_median": 0.1311, "review_time_pending_days_avg": 48.453200000000002, "review_time_pending_days_median": 48.453200000000002, "review_time_pending_update_days_avg": 40.644799999999996, "review_time_pending_update_days_median": 40.644799999999996, "submitted": 491}