{"abandoned": 5, "merged": 178, "new": 9, "pending": 9, "review_time_days_avg": 35.23437142857143, "review_time_days_median": 17.0082, "review_time_pending_days_avg": 212.29089999999999, "review_time_pending_days_median": 213.78579999999999, "review_time_pending_update_days_avg": 173.47131666666667, "review_time_pending_update_days_median": 108.20839999999998, "submitted": 192}