{"ReviewsWaitingForReviewer": 3, "abandoned": 35, "merged": 253, "new": 6, "pending": 6, "review_time_days_avg": 5.72196363636364, "review_time_days_median": 0.5255, "review_time_pending_days_avg": 96.704400000000007, "review_time_pending_days_median": 71.515349999999998, "review_time_pending_update_days_avg": 92.135549999999981, "review_time_pending_update_days_median": 70.462100000000007, "submitted": 294}