{"ReviewsWaitingForReviewer": 31, "abandoned": 100, "merged": 1104, "new": 37, "pending": 37, "review_time_days_avg": 4.139510253583245, "review_time_days_median": 0.8555, "review_time_pending_days_avg": 36.14158378378378, "review_time_pending_days_median": 22.565300000000001, "review_time_pending_update_days_avg": 25.192991891891893, "review_time_pending_update_days_median": 8.2644000000000002, "submitted": 1241}