{"abandoned": 154, "merged": 1706, "new": 18, "pending": 18, "review_time_days_avg": 3.287243377483442, "review_time_days_median": 0.14015, "review_time_pending_days_avg": 194.31110000000001, "review_time_pending_days_median": 188.55799999999999, "review_time_pending_update_days_avg": 146.17720909090909, "review_time_pending_update_days_median": 135.27510000000001, "submitted": 1878}