{"abandoned": 28, "merged": 426, "new": 11, "pending": 11, "review_time_days_avg": 4.603866666666664, "review_time_days_median": 0.9374, "review_time_pending_days_avg": 68.793354545454534, "review_time_pending_days_median": 22.656600000000001, "review_time_pending_update_days_avg": 64.427572727272732, "review_time_pending_update_days_median": 8.7520000000000007, "submitted": 465}