{"abandoned": 49, "merged": 163, "new": 10, "pending": 10, "review_time_days_avg": 5.93619298245614, "review_time_days_median": 0.5482, "review_time_pending_days_avg": 81.036699999999996, "review_time_pending_days_median": 50.815399999999997, "review_time_pending_update_days_avg": 48.998874999999991, "review_time_pending_update_days_median": 28.950900000000001, "submitted": 222}