{"abandoned": 28, "merged": 272, "new": 11, "pending": 11, "review_time_days_avg": 4.501862295081967, "review_time_days_median": 0.468, "review_time_pending_days_avg": 14.966790909090907, "review_time_pending_days_median": 13.684900000000001, "review_time_pending_update_days_avg": 11.119090909090909, "review_time_pending_update_days_median": 8.5412999999999997, "submitted": 311}