{"ReviewsWaitingForReviewer": 8, "abandoned": 68, "merged": 1044, "new": 10, "pending": 10, "review_time_days_avg": 2.300307395498392, "review_time_days_median": 0.18180000000000002, "review_time_pending_ReviewsWaitingForReviewer_days_avg": 98.368337499999996, "review_time_pending_ReviewsWaitingForReviewer_days_median": 85.346599999999995, "review_time_pending_days_avg": 119.82159999999999, "review_time_pending_days_median": 85.346599999999995, "review_time_pending_update_ReviewsWaitingForReviewer_days_avg": 70.268237500000012, "review_time_pending_update_ReviewsWaitingForReviewer_days_median": 66.310850000000002, "review_time_pending_update_days_avg": 67.202979999999997, "review_time_pending_update_days_median": 66.310850000000002, "submitted": 1122}