{"abandoned": 2, "merged": 9, "new": 2, "pending": 2, "review_time_days_avg": 89.97271666666666, "review_time_days_median": 27.00045, "review_time_pending_days_avg": 96.028999999999996, "review_time_pending_days_median": 96.028999999999996, "review_time_pending_update_days_avg": 96.028999999999996, "review_time_pending_update_days_median": 96.028999999999996, "submitted": 13}