{"abandoned": 28, "merged": 274, "new": 11, "pending": 11, "review_time_days_avg": 4.388174603174603, "review_time_days_median": 0.468, "review_time_pending_days_avg": 16.751027272727271, "review_time_pending_days_median": 15.7094, "review_time_pending_update_days_avg": 12.526745454545454, "review_time_pending_update_days_median": 10.565899999999999, "submitted": 313}