{"ReviewsWaitingForReviewer": 9, "abandoned": 28, "merged": 277, "new": 10, "pending": 10, "review_time_days_avg": 4.976098484848485, "review_time_days_median": 0.5743499999999999, "review_time_pending_days_avg": 22.521170000000001, "review_time_pending_days_median": 24.63475, "review_time_pending_update_days_avg": 21.712510000000002, "review_time_pending_update_days_median": 22.062999999999999, "submitted": 315}