{"ReviewsWaitingForReviewer": 1, "abandoned": 7, "merged": 11, "new": 1, "pending": 1, "review_time_days_avg": 22.064533333333333, "review_time_days_median": 30.1796, "review_time_pending_days_avg": 68.867000000000004, "review_time_pending_days_median": 68.867000000000004, "review_time_pending_update_days_avg": 43.258400000000002, "review_time_pending_update_days_median": 43.258400000000002, "submitted": 19}