{"abandoned": 42, "merged": 241, "new": 14, "pending": 14, "review_time_days_avg": 15.52249722222222, "review_time_days_median": 1.49335, "review_time_pending_days_avg": 92.527108333333331, "review_time_pending_days_median": 58.362650000000002, "review_time_pending_update_days_avg": 55.681874999999998, "review_time_pending_update_days_median": 19.1203, "submitted": 297}