{"ReviewsWaitingForReviewer": 88, "abandoned": 919, "merged": 13434, "new": 126, "pending": 126, "review_time_days_avg": 7.302159821428571, "review_time_days_median": 0.4143, "review_time_pending_days_avg": 69.988189743589743, "review_time_pending_days_median": 42.503300000000003, "review_time_pending_update_days_avg": 35.865591452991438, "review_time_pending_update_days_median": 14.624499999999999, "submitted": 14479}