{"WaitingForSubmitter": 4, "abandoned": 10, "merged": 105, "new": 2, "pending": 2, "review_time_days_avg": 4.041350537634408, "review_time_days_median": 1.1688, "review_time_pending_days_avg": 13.818199999999999, "review_time_pending_days_median": 13.818199999999999, "review_time_pending_update_days_avg": 4.1377000000000006, "review_time_pending_update_days_median": 4.1377000000000006, "submitted": 117}