{"abandoned": 15, "merged": 79, "new": 4, "pending": 4, "review_time_days_avg": 2.0749727272727267, "review_time_days_median": 0.25775000000000003, "review_time_pending_days_avg": 92.106933333333316, "review_time_pending_days_median": 79.276200000000003, "review_time_pending_update_days_avg": 46.229733333333343, "review_time_pending_update_days_median": 44.334200000000003, "submitted": 98}