{"ReviewsWaitingForSubmitter": 1, "abandoned": 35, "merged": 253, "new": 6, "pending": 6, "review_time_days_avg": 5.72196363636364, "review_time_days_median": 0.5255, "review_time_pending_days_avg": 93.692600000000013, "review_time_pending_days_median": 68.50354999999999, "review_time_pending_update_days_avg": 89.123749999999987, "review_time_pending_update_days_median": 67.450299999999999, "submitted": 294}