{"ReviewsWaitingForReviewer": 0, "abandoned": 0, "merged": 58, "new": 1, "pending": 1, "review_time_days_avg": 11.800036206896552, "review_time_days_median": 10.78395, "review_time_pending_days_avg": 48.762599999999999, "review_time_pending_days_median": 48.762599999999999, "review_time_pending_update_days_avg": 47.428899999999999, "review_time_pending_update_days_median": 47.428899999999999, "submitted": 59}