{"ReviewsWaitingForReviewer": 2, "abandoned": 90, "merged": 1590, "new": 3, "pending": 3, "review_time_days_avg": 4.702045073375256, "review_time_days_median": 0.2956, "review_time_pending_days_avg": 72.258499999999998, "review_time_pending_days_median": 66.368600000000001, "review_time_pending_update_days_avg": 5.4057666666666675, "review_time_pending_update_days_median": 7.7446000000000002, "submitted": 1683}