{"ReviewsWaitingForReviewer": 5, "abandoned": 156, "merged": 1713, "new": 15, "pending": 15, "review_time_days_avg": 3.5196276595744664, "review_time_days_median": 0.1416, "review_time_pending_days_avg": 240.8035625, "review_time_pending_days_median": 245.95839999999998, "review_time_pending_update_days_avg": 209.51192499999999, "review_time_pending_update_days_median": 197.93599999999998, "submitted": 1884}