{"abandoned": 13, "merged": 95, "new": 10, "pending": 10, "review_time_days_avg": 11.344493939393942, "review_time_days_median": 0.8298, "review_time_pending_days_avg": 138.94997999999998, "review_time_pending_days_median": 140.69335000000001, "review_time_pending_update_days_avg": 61.075580000000002, "review_time_pending_update_days_median": 20.43085, "submitted": 118}