{"ReviewsWaitingForReviewer": 5, "abandoned": 42, "merged": 506, "new": 7, "pending": 7, "review_time_days_avg": 5.7069339207048495, "review_time_days_median": 0.467, "review_time_pending_days_avg": 91.198628571428571, "review_time_pending_days_median": 44.860500000000002, "review_time_pending_update_days_avg": 77.900400000000005, "review_time_pending_update_days_median": 44.860300000000002, "submitted": 555}