{"ReviewsWaitingForReviewer": 6, "abandoned": 13, "merged": 202, "new": 7, "pending": 7, "review_time_days_avg": 8.061912999999999, "review_time_days_median": 2.33925, "review_time_pending_days_avg": 19.684914285714285, "review_time_pending_days_median": 13.529400000000001, "review_time_pending_update_days_avg": 5.6766285714285711, "review_time_pending_update_days_median": 3.1194000000000002, "submitted": 222}