{"abandoned": 6, "merged": 63, "new": 4, "pending": 4, "review_time_days_avg": 11.041165999999997, "review_time_days_median": 2.25155, "review_time_pending_days_avg": 25.197700000000001, "review_time_pending_days_median": 9.6635999999999989, "review_time_pending_update_days_avg": 21.863424999999999, "review_time_pending_update_days_median": 3.6768999999999998, "submitted": 73}