{"abandoned": 65, "merged": 1026, "new": 9, "pending": 9, "review_time_days_avg": 2.3139832781456944, "review_time_days_median": 0.17695, "review_time_pending_days_avg": 96.043511111111101, "review_time_pending_days_median": 52.613100000000003, "review_time_pending_update_days_avg": 39.333277777777788, "review_time_pending_update_days_median": 36.540599999999998, "submitted": 1100}