{"abandoned": 37, "merged": 282, "new": 9, "pending": 9, "review_time_days_avg": 4.349525274725272, "review_time_days_median": 0.2055, "review_time_pending_days_avg": 99.976525000000009, "review_time_pending_days_median": 18.040050000000001, "review_time_pending_update_days_avg": 99.172412500000007, "review_time_pending_update_days_median": 16.323050000000002, "submitted": 328}