{"abandoned": 3, "merged": 21, "new": 2, "pending": 2, "review_time_days_avg": 22.21178, "review_time_days_median": 8.1056, "review_time_pending_days_avg": 22.270800000000001, "review_time_pending_days_median": 22.270800000000001, "review_time_pending_update_days_avg": 0.43659999999999999, "review_time_pending_update_days_median": 0.43659999999999999, "submitted": 26}