{"ReviewsWaitingForReviewer": 8, "abandoned": 10, "merged": 81, "new": 10, "pending": 10, "review_time_days_avg": 5.640199999999998, "review_time_days_median": 0.8511, "review_time_pending_days_avg": 99.469610000000003, "review_time_pending_days_median": 80.961150000000004, "review_time_pending_update_days_avg": 45.459419999999994, "review_time_pending_update_days_median": 33.798950000000005, "submitted": 101}