{"abandoned": 34, "merged": 262, "new": 2, "pending": 2, "review_time_days_avg": 5.695668354430379, "review_time_days_median": 0.6511, "review_time_pending_days_avg": 146.11224999999999, "review_time_pending_days_median": 146.11224999999999, "review_time_pending_update_days_avg": 141.83780000000002, "review_time_pending_update_days_median": 141.83780000000002, "submitted": 298}