{"ReviewsWaitingForReviewer": 5, "abandoned": 156, "merged": 1713, "new": 15, "pending": 15, "review_time_days_avg": 3.5196276595744664, "review_time_days_median": 0.1416, "review_time_pending_days_avg": 241.79508749999999, "review_time_pending_days_median": 246.94990000000001, "review_time_pending_update_days_avg": 210.50344999999999, "review_time_pending_update_days_median": 198.92759999999998, "submitted": 1884}