{"abandoned": 4, "merged": 41, "new": 2, "pending": 2, "review_time_days_avg": 18.1997375, "review_time_days_median": 5.0418, "review_time_pending_days_avg": 110.84650000000001, "review_time_pending_days_median": 110.84650000000001, "review_time_pending_update_days_avg": 110.84569999999999, "review_time_pending_update_days_median": 110.84569999999999, "submitted": 47}