{"abandoned": 370, "merged": 3403, "new": 23, "pending": 23, "review_time_days_avg": 3.0670804651162804, "review_time_days_median": 0.7745, "review_time_pending_days_avg": 16.148795652173909, "review_time_pending_days_median": 6.2518000000000002, "review_time_pending_update_days_avg": 8.1873173913043473, "review_time_pending_update_days_median": 4.2430000000000003, "submitted": 3796}