{"abandoned": 4, "merged": 32, "new": 2, "pending": 2, "review_time_days_avg": 2.112095454545454, "review_time_days_median": 0.29805000000000004, "review_time_pending_days_avg": 81.369100000000003, "review_time_pending_days_median": 81.369100000000003, "review_time_pending_update_days_avg": 30.2316, "review_time_pending_update_days_median": 30.2316, "submitted": 38}