{"ReviewsWaitingForReviewer": 254, "abandoned": 1437, "merged": 11568, "new": 473, "pending": 473, "review_time_days_avg": 14.133508834291693, "review_time_days_median": 0.8276, "review_time_pending_days_avg": 121.89306415584409, "review_time_pending_days_median": 87.748900000000006, "review_time_pending_update_days_avg": 66.196837662337757, "review_time_pending_update_days_median": 28.625399999999999, "submitted": 13478}