{"abandoned": 6, "merged": 139, "new": 13, "pending": 13, "review_time_days_avg": 10.060985714285717, "review_time_days_median": 1.6699000000000002, "review_time_pending_days_avg": 151.92037692307696, "review_time_pending_days_median": 203.6473, "review_time_pending_update_days_avg": 139.1854153846154, "review_time_pending_update_days_median": 193.85230000000001, "submitted": 158}