{"abandoned": 39, "merged": 336, "new": 27, "pending": 27, "review_time_days_avg": 3.8158989399293293, "review_time_days_median": 1.1322, "review_time_pending_days_avg": 35.028944444444448, "review_time_pending_days_median": 17.660599999999999, "review_time_pending_update_days_avg": 26.742329629629626, "review_time_pending_update_days_median": 11.4168, "submitted": 402}