{"abandoned": 5, "merged": 178, "new": 9, "pending": 9, "review_time_days_avg": 35.23437142857143, "review_time_days_median": 17.0082, "review_time_pending_days_avg": 207.35946666666666, "review_time_pending_days_median": 208.85435000000001, "review_time_pending_update_days_avg": 168.53991666666664, "review_time_pending_update_days_median": 103.27699999999999, "submitted": 192}