{"abandoned": 154, "merged": 1708, "new": 17, "pending": 17, "review_time_days_avg": 3.3872833333333316, "review_time_days_median": 0.14015, "review_time_pending_days_avg": 210.15544999999997, "review_time_pending_days_median": 219.90090000000001, "review_time_pending_update_days_avg": 157.20967000000002, "review_time_pending_update_days_median": 145.23869999999999, "submitted": 1879}