{"abandoned": 87, "merged": 1570, "new": 10, "pending": 10, "review_time_days_avg": 4.6438155021834016, "review_time_days_median": 0.2881, "review_time_pending_days_avg": 66.083449999999999, "review_time_pending_days_median": 29.530000000000001, "review_time_pending_update_days_avg": 6.0248600000000012, "review_time_pending_update_days_median": 2.2549999999999999, "submitted": 1667}