{"ReviewsWaitingForSubmitter": 1, "abandoned": 10, "merged": 80, "new": 2, "pending": 2, "review_time_days_avg": 1.2256880597014925, "review_time_days_median": 0.0999, "review_time_pending_days_avg": 280.63694999999996, "review_time_pending_days_median": 280.63694999999996, "review_time_pending_update_days_avg": 265.07704999999999, "review_time_pending_update_days_median": 265.07704999999999, "submitted": 92}