{"abandoned": 12, "merged": 81, "new": 9, "pending": 9, "review_time_days_avg": 16.157209523809527, "review_time_days_median": 3.2898, "review_time_pending_days_avg": 128.91556666666668, "review_time_pending_days_median": 121.3657, "review_time_pending_update_days_avg": 65.772244444444439, "review_time_pending_update_days_median": 33.667000000000002, "submitted": 102}