{"ReviewsWaitingForReviewer": 14, "abandoned": 234, "merged": 3311, "new": 29, "pending": 29, "review_time_days_avg": 2.9996388115631656, "review_time_days_median": 0.23055, "review_time_pending_days_avg": 93.329196551724138, "review_time_pending_days_median": 38.0351, "review_time_pending_update_days_avg": 43.572468965517224, "review_time_pending_update_days_median": 11.386799999999999, "submitted": 3574}