{"abandoned": 15, "merged": 236, "new": 7, "pending": 7, "review_time_days_avg": 7.666505263157896, "review_time_days_median": 0.7073, "review_time_pending_days_avg": 193.29140000000001, "review_time_pending_days_median": 236.71960000000001, "review_time_pending_update_days_avg": 141.79335999999998, "review_time_pending_update_days_median": 145.3526, "submitted": 258}