{"abandoned": 10, "merged": 92, "new": 3, "pending": 3, "review_time_days_avg": 3.9141162499999993, "review_time_days_median": 0.80835, "review_time_pending_days_avg": 5.4615999999999998, "review_time_pending_days_median": 5.6483999999999996, "review_time_pending_update_days_avg": 0.6508666666666667, "review_time_pending_update_days_median": 0.65100000000000002, "submitted": 105}