{"abandoned": 4, "merged": 16, "new": 1, "pending": 1, "review_time_days_avg": 31.361812499999996, "review_time_days_median": 4.3705, "review_time_pending_days_avg": 184.08420000000001, "review_time_pending_days_median": 184.08420000000001, "review_time_pending_update_days_avg": 21.553000000000001, "review_time_pending_update_days_median": 21.553000000000001, "submitted": 21}