{"WaitingForSubmitter": 2, "abandoned": 1, "merged": 38, "new": 3, "pending": 3, "review_time_days_avg": 50.13094444444445, "review_time_days_median": 3.37765, "review_time_pending_days_avg": 56.528750000000002, "review_time_pending_days_median": 56.528750000000002, "review_time_pending_update_days_avg": 22.169149999999998, "review_time_pending_update_days_median": 22.169149999999998, "submitted": 42}