{"abandoned": 64, "merged": 686, "new": 26, "pending": 26, "review_time_days_avg": 3.9943647272727256, "review_time_days_median": 0.7319500000000001, "review_time_pending_days_avg": 77.49315, "review_time_pending_days_median": 36.551950000000005, "review_time_pending_update_days_avg": 55.807219230769228, "review_time_pending_update_days_median": 21.420199999999998, "submitted": 776}