{"abandoned": 8, "merged": 19, "new": 4, "pending": 4, "review_time_days_avg": 24.785114285714286, "review_time_days_median": 0.3849, "review_time_pending_days_avg": 169.38023333333334, "review_time_pending_days_median": 178.46209999999999, "review_time_pending_update_days_avg": 64.347133333333332, "review_time_pending_update_days_median": 25.561199999999999, "submitted": 31}