{"abandoned": 35, "merged": 265, "new": 4, "pending": 4, "review_time_days_avg": 5.681546540880502, "review_time_days_median": 0.659, "review_time_pending_days_avg": 84.608074999999985, "review_time_pending_days_median": 73.612799999999993, "review_time_pending_update_days_avg": 82.470075000000008, "review_time_pending_update_days_median": 73.037599999999998, "submitted": 304}