{"ReviewsWaitingForReviewer": 2, "abandoned": 23, "merged": 543, "new": 2, "pending": 2, "review_time_days_avg": 1.1881049484536073, "review_time_days_median": 0.1205, "review_time_pending_days_avg": 4.9557000000000002, "review_time_pending_days_median": 4.9557000000000002, "review_time_pending_update_days_avg": 4.9520999999999997, "review_time_pending_update_days_median": 4.9520999999999997, "submitted": 568}