{"abandoned": 226, "merged": 3146, "new": 26, "pending": 26, "review_time_days_avg": 3.05595205558772, "review_time_days_median": 0.235, "review_time_pending_days_avg": 86.461523076923058, "review_time_pending_days_median": 36.506649999999993, "review_time_pending_update_days_avg": 37.605950000000014, "review_time_pending_update_days_median": 17.523199999999999, "submitted": 3398}