{"abandoned": 16, "merged": 80, "new": 3, "pending": 3, "review_time_days_avg": 1.9860782608695648, "review_time_days_median": 0.2097, "review_time_pending_days_avg": 153.26929999999999, "review_time_pending_days_median": 153.26929999999999, "review_time_pending_update_days_avg": 84.453550000000007, "review_time_pending_update_days_median": 84.453550000000007, "submitted": 99}