{"abandoned": 49, "merged": 165, "new": 10, "pending": 10, "review_time_days_avg": 5.743301694915252, "review_time_days_median": 0.4908, "review_time_pending_days_avg": 82.034287499999991, "review_time_pending_days_median": 51.813000000000002, "review_time_pending_update_days_avg": 49.996399999999994, "review_time_pending_update_days_median": 29.948399999999999, "submitted": 224}