{"abandoned": 326, "merged": 3826, "new": 55, "pending": 55, "review_time_days_avg": 5.261921757075475, "review_time_days_median": 0.75925, "review_time_pending_days_avg": 44.388175925925935, "review_time_pending_days_median": 8.6504499999999993, "review_time_pending_update_days_avg": 24.160688888888878, "review_time_pending_update_days_median": 3.5193500000000002, "submitted": 4207}