{"abandoned": 5, "merged": 28, "new": 2, "pending": 2, "review_time_days_avg": 8.524658333333335, "review_time_days_median": 2.2123999999999997, "review_time_pending_days_avg": 241.86449999999999, "review_time_pending_days_median": 241.86449999999999, "review_time_pending_update_days_avg": 189.32055, "review_time_pending_update_days_median": 189.32055, "submitted": 35}