{"WaitingForSubmitter": 1, "abandoned": 1, "merged": 35, "new": 2, "pending": 2, "review_time_days_avg": 2.2350393939393935, "review_time_days_median": 0.0209, "review_time_pending_days_avg": 92.158299999999997, "review_time_pending_days_median": 92.158299999999997, "review_time_pending_update_days_avg": 55.188850000000002, "review_time_pending_update_days_median": 55.188850000000002, "submitted": 38}