{"abandoned": 8, "merged": 52, "new": 2, "pending": 2, "review_time_days_avg": 14.245394444444441, "review_time_days_median": 1.16615, "review_time_pending_days_avg": 30.448799999999999, "review_time_pending_days_median": 30.448799999999999, "review_time_pending_update_days_avg": 30.311450000000001, "review_time_pending_update_days_median": 30.311450000000001, "submitted": 62}