{"ReviewsWaitingForReviewer": 1, "abandoned": 1, "merged": 38, "new": 3, "pending": 3, "review_time_days_avg": 50.13094444444445, "review_time_days_median": 3.37765, "review_time_pending_days_avg": 58.255200000000002, "review_time_pending_days_median": 58.255200000000002, "review_time_pending_update_days_avg": 20.509049999999998, "review_time_pending_update_days_median": 20.509049999999998, "submitted": 42}