{"ReviewsWaitingForReviewer": 9, "abandoned": 42, "merged": 241, "new": 14, "pending": 14, "review_time_days_avg": 15.52249722222222, "review_time_days_median": 1.49335, "review_time_pending_days_avg": 95.534683333333319, "review_time_pending_days_median": 61.370200000000004, "review_time_pending_update_days_avg": 58.68944166666666, "review_time_pending_update_days_median": 22.127800000000001, "submitted": 297}