{"abandoned": 49, "merged": 165, "new": 10, "pending": 10, "review_time_days_avg": 5.743301694915252, "review_time_days_median": 0.4908, "review_time_pending_days_avg": 83.030087500000008, "review_time_pending_days_median": 52.808799999999998, "review_time_pending_update_days_avg": 50.992199999999997, "review_time_pending_update_days_median": 30.944200000000002, "submitted": 224}