{"ReviewsWaitingForSubmitter": 1, "abandoned": 6, "merged": 41, "new": 1, "pending": 1, "review_time_days_avg": 6.8358550000000005, "review_time_days_median": 0.2374, "review_time_pending_days_avg": 141.21610000000001, "review_time_pending_days_median": 141.21610000000001, "review_time_pending_update_days_avg": 112.69759999999999, "review_time_pending_update_days_median": 112.69759999999999, "submitted": 48}