{"abandoned": 44, "merged": 492, "new": 19, "pending": 19, "review_time_days_avg": 8.97138457711443, "review_time_days_median": 2.0951, "review_time_pending_days_avg": 159.12297058823529, "review_time_pending_days_median": 162.54349999999999, "review_time_pending_update_days_avg": 112.20409411764705, "review_time_pending_update_days_median": 116.233, "submitted": 555}