{"abandoned": 231, "merged": 3261, "new": 26, "pending": 26, "review_time_days_avg": 3.0403633679606292, "review_time_days_median": 0.2324, "review_time_pending_days_avg": 94.731949999999998, "review_time_pending_days_median": 36.0642, "review_time_pending_update_days_avg": 41.077249999999999, "review_time_pending_update_days_median": 9.9029500000000006, "submitted": 3518}