{"ReviewsWaitingForReviewer": 17, "abandoned": 76, "merged": 776, "new": 41, "pending": 41, "review_time_days_avg": 4.613396468699837, "review_time_days_median": 0.7896, "review_time_pending_days_avg": 48.532975609756107, "review_time_pending_days_median": 17.346299999999999, "review_time_pending_update_days_avg": 29.8830536585366, "review_time_pending_update_days_median": 5.0476000000000001, "submitted": 893}