{"abandoned": 4, "merged": 72, "new": 1, "pending": 1, "review_time_days_avg": 2.3794999999999997, "review_time_days_median": 0.4735, "review_time_pending_days_avg": 2.3664999999999998, "review_time_pending_days_median": 2.3664999999999998, "review_time_pending_update_days_avg": 2.3662000000000001, "review_time_pending_update_days_median": 2.3662000000000001, "submitted": 77}