{"WaitingForSubmitter": 2, "abandoned": 13, "merged": 351, "new": 8, "pending": 8, "review_time_days_avg": 12.023084444444448, "review_time_days_median": 1.22465, "review_time_pending_days_avg": 112.38605000000001, "review_time_pending_days_median": 99.532749999999993, "review_time_pending_update_days_avg": 83.473775000000003, "review_time_pending_update_days_median": 94.742850000000004, "submitted": 372}