{"abandoned": 4, "merged": 30, "new": 3, "pending": 3, "review_time_days_avg": 49.0431875, "review_time_days_median": 5.0723, "review_time_pending_days_avg": 111.29249999999999, "review_time_pending_days_median": 111.29249999999999, "review_time_pending_update_days_avg": 111.28944999999999, "review_time_pending_update_days_median": 111.28944999999999, "submitted": 37}