{"ReviewsWaitingForReviewer": 11, "abandoned": 12, "merged": 60, "new": 17, "pending": 17, "review_time_days_avg": 10.343288571428568, "review_time_days_median": 3.7447, "review_time_pending_days_avg": 162.17882352941177, "review_time_pending_days_median": 119.59950000000001, "review_time_pending_update_days_avg": 119.10254705882353, "review_time_pending_update_days_median": 48.219000000000001, "submitted": 89}