{"abandoned": 37, "merged": 281, "new": 9, "pending": 9, "review_time_days_avg": 4.397849999999997, "review_time_days_median": 0.23070000000000002, "review_time_pending_days_avg": 94.949812500000007, "review_time_pending_days_median": 13.013300000000001, "review_time_pending_update_days_avg": 94.145624999999995, "review_time_pending_update_days_median": 11.2963, "submitted": 327}