{"ReviewsWaitingForReviewer": 3, "abandoned": 19, "merged": 410, "new": 3, "pending": 3, "review_time_days_avg": 0.7744307692307694, "review_time_days_median": 0.0257, "review_time_pending_days_avg": 10.379266666666668, "review_time_pending_days_median": 3.4462999999999999, "review_time_pending_update_days_avg": 6.7234666666666669, "review_time_pending_update_days_median": 3.4171999999999998, "submitted": 432}