{"ReviewsWaitingForReviewer": 1, "abandoned": 3, "merged": 54, "new": 2, "pending": 2, "review_time_days_avg": 21.091453333333334, "review_time_days_median": 1.1305, "review_time_pending_days_avg": 100.07085000000001, "review_time_pending_days_median": 100.07085000000001, "review_time_pending_update_days_avg": 99.648400000000009, "review_time_pending_update_days_median": 99.648400000000009, "submitted": 59}