{"abandoned": 31, "merged": 278, "new": 2, "pending": 2, "review_time_days_avg": 10.924917441860464, "review_time_days_median": 1.59165, "review_time_pending_days_avg": 55.999300000000005, "review_time_pending_days_median": 55.999300000000005, "review_time_pending_update_days_avg": 34.485900000000001, "review_time_pending_update_days_median": 34.485900000000001, "submitted": 311}