{"abandoned": 39, "merged": 336, "new": 27, "pending": 27, "review_time_days_avg": 3.8158989399293293, "review_time_days_median": 1.1322, "review_time_pending_days_avg": 35.00325185185185, "review_time_pending_days_median": 17.634899999999998, "review_time_pending_update_days_avg": 26.716637037037046, "review_time_pending_update_days_median": 11.3911, "submitted": 402}