{"abandoned": 12, "merged": 347, "new": 10, "pending": 10, "review_time_days_avg": 12.237296590909096, "review_time_days_median": 1.1571500000000001, "review_time_pending_days_avg": 75.243430000000004, "review_time_pending_days_median": 71.259349999999998, "review_time_pending_update_days_avg": 64.16631000000001, "review_time_pending_update_days_median": 69.716650000000001, "submitted": 369}