{"abandoned": 5, "merged": 95, "new": 5, "pending": 5, "review_time_days_avg": 2.8298625, "review_time_days_median": 0.66905, "review_time_pending_days_avg": 107.25720000000001, "review_time_pending_days_median": 113.34190000000001, "review_time_pending_update_days_avg": 75.913774999999987, "review_time_pending_update_days_median": 72.440750000000008, "submitted": 105}