{"ReviewsWaitingForSubmitter": 2, "abandoned": 35, "merged": 265, "new": 4, "pending": 4, "review_time_days_avg": 5.681546540880502, "review_time_days_median": 0.659, "review_time_pending_days_avg": 87.610675000000015, "review_time_pending_days_median": 76.615399999999994, "review_time_pending_update_days_avg": 85.472674999999995, "review_time_pending_update_days_median": 76.040199999999999, "submitted": 304}