{"abandoned": 49, "merged": 163, "new": 10, "pending": 10, "review_time_days_avg": 5.93619298245614, "review_time_days_median": 0.5482, "review_time_pending_days_avg": 79.998612499999993, "review_time_pending_days_median": 49.777299999999997, "review_time_pending_update_days_avg": 47.960799999999999, "review_time_pending_update_days_median": 27.912800000000001, "submitted": 222}