{"abandoned": 41, "merged": 493, "new": 6, "pending": 6, "review_time_days_avg": 5.855595454545457, "review_time_days_median": 0.4971, "review_time_pending_days_avg": 132.49298333333334, "review_time_pending_days_median": 160.5575, "review_time_pending_update_days_avg": 113.95400000000001, "review_time_pending_update_days_median": 125.33510000000001, "submitted": 540}