{"abandoned": 49, "merged": 165, "new": 10, "pending": 10, "review_time_days_avg": 5.743301694915252, "review_time_days_median": 0.4908, "review_time_pending_days_avg": 85.025487500000011, "review_time_pending_days_median": 54.804200000000002, "review_time_pending_update_days_avg": 52.987599999999993, "review_time_pending_update_days_median": 32.939599999999999, "submitted": 224}