{"abandoned": 87, "merged": 1568, "new": 10, "pending": 10, "review_time_days_avg": 4.541331509846823, "review_time_days_median": 0.2806, "review_time_pending_days_avg": 68.955309999999997, "review_time_pending_days_median": 42.368300000000005, "review_time_pending_update_days_avg": 25.563399999999998, "review_time_pending_update_days_median": 18.046750000000003, "submitted": 1665}