{"abandoned": 8, "merged": 142, "new": 15, "pending": 15, "review_time_days_avg": 9.918425423728815, "review_time_days_median": 1.5053, "review_time_pending_days_avg": 152.8630866666667, "review_time_pending_days_median": 231.6302, "review_time_pending_update_days_avg": 139.79633999999999, "review_time_pending_update_days_median": 192.09309999999999, "submitted": 165}