{"abandoned": 13, "merged": 169, "new": 13, "pending": 13, "review_time_days_avg": 10.183592631578946, "review_time_days_median": 1.3901, "review_time_pending_days_avg": 137.74918461538462, "review_time_pending_days_median": 147.399, "review_time_pending_update_days_avg": 60.32548461538461, "review_time_pending_update_days_median": 52.752000000000002, "submitted": 195}