{"ReviewsWaitingForReviewer": 3, "abandoned": 18, "merged": 65, "new": 4, "pending": 4, "review_time_days_avg": 7.877903846153847, "review_time_days_median": 1.0230000000000001, "review_time_pending_days_avg": 15.624625, "review_time_pending_days_median": 0.82189999999999996, "review_time_pending_update_days_avg": 1.6219499999999998, "review_time_pending_update_days_median": 0.73560000000000003, "submitted": 87}