{"abandoned": 0, "merged": 57, "new": 1, "pending": 1, "review_time_days_avg": 12.006977192982456, "review_time_days_median": 10.7847, "review_time_pending_days_avg": 37.774000000000001, "review_time_pending_days_median": 37.774000000000001, "review_time_pending_update_days_avg": 36.440300000000001, "review_time_pending_update_days_median": 36.440300000000001, "submitted": 58}