{"abandoned": 52, "merged": 191, "new": 5, "pending": 5, "review_time_days_avg": 7.958767088607594, "review_time_days_median": 0.3805, "review_time_pending_days_avg": 121.12993333333334, "review_time_pending_days_median": 16.8813, "review_time_pending_update_days_avg": 79.204033333333328, "review_time_pending_update_days_median": 4.8756000000000004, "submitted": 248}