{"abandoned": 1, "merged": 9, "new": 2, "pending": 2, "review_time_days_avg": 0.40785000000000005, "review_time_days_median": 0.40785000000000005, "review_time_pending_days_avg": 43.0687, "review_time_pending_days_median": 43.0687, "review_time_pending_update_days_avg": 43.068199999999997, "review_time_pending_update_days_median": 43.068199999999997, "submitted": 12}