{"abandoned": 33, "merged": 260, "new": 2, "pending": 2, "review_time_days_avg": 5.730139490445859, "review_time_days_median": 0.659, "review_time_pending_days_avg": 145.23394999999999, "review_time_pending_days_median": 145.23394999999999, "review_time_pending_update_days_avg": 140.95949999999999, "review_time_pending_update_days_median": 140.95949999999999, "submitted": 295}