{"ReviewsWaitingForReviewer": 11, "abandoned": 12, "merged": 58, "new": 17, "pending": 17, "review_time_days_avg": 10.644491176470586, "review_time_days_median": 3.82495, "review_time_pending_days_avg": 153.17927647058823, "review_time_pending_days_median": 110.59990000000001, "review_time_pending_update_days_avg": 110.10303529411765, "review_time_pending_update_days_median": 39.219499999999996, "submitted": 87}