{"abandoned": 4, "merged": 10, "new": 3, "pending": 3, "review_time_days_avg": 0.9587333333333334, "review_time_days_median": 0.0939, "review_time_pending_days_avg": 138.10490000000001, "review_time_pending_days_median": 128.4486, "review_time_pending_update_days_avg": 112.05843333333335, "review_time_pending_update_days_median": 54.491300000000003, "submitted": 17}