{"ReviewsWaitingForReviewer": 2, "abandoned": 22, "merged": 538, "new": 2, "pending": 2, "review_time_days_avg": 1.197622869022868, "review_time_days_median": 0.1217, "review_time_pending_days_avg": 3.9592499999999999, "review_time_pending_days_median": 3.9592499999999999, "review_time_pending_update_days_avg": 3.9557000000000002, "review_time_pending_update_days_median": 3.9557000000000002, "submitted": 562}