{"abandoned": 5, "merged": 34, "new": 5, "pending": 5, "review_time_days_avg": 11.482642857142858, "review_time_days_median": 0.0842, "review_time_pending_days_avg": 127.00578, "review_time_pending_days_median": 67.246799999999993, "review_time_pending_update_days_avg": 69.728960000000001, "review_time_pending_update_days_median": 29.661200000000001, "submitted": 44}