{"ReviewsWaitingForReviewer": 7, "abandoned": 393, "merged": 3618, "new": 24, "pending": 24, "review_time_days_avg": 3.0828056413301663, "review_time_days_median": 0.7777499999999999, "review_time_pending_ReviewsWaitingForReviewer_days_avg": 29.586812500000001, "review_time_pending_ReviewsWaitingForReviewer_days_median": 16.869450000000001, "review_time_pending_days_avg": 35.740120833333322, "review_time_pending_days_median": 33.898800000000001, "review_time_pending_update_ReviewsWaitingForReviewer_days_avg": 12.993512500000003, "review_time_pending_update_ReviewsWaitingForReviewer_days_median": 7.1443499999999993, "review_time_pending_update_days_avg": 20.50107083333334, "review_time_pending_update_days_median": 22.605699999999999, "submitted": 4035}