{"ReviewsWaitingForSubmitter": 23, "abandoned": 73, "merged": 750, "new": 35, "pending": 35, "review_time_days_avg": 4.6957323873121855, "review_time_days_median": 0.7549, "review_time_pending_days_avg": 60.955954285714284, "review_time_pending_days_median": 16.805199999999999, "review_time_pending_update_days_avg": 38.083174285714271, "review_time_pending_update_days_median": 8.3773999999999997, "submitted": 858}