{"abandoned": 370, "merged": 3365, "new": 15, "pending": 15, "review_time_days_avg": 3.0929971994535523, "review_time_days_median": 0.7846, "review_time_pending_days_avg": 14.435926666666665, "review_time_pending_days_median": 5.4725000000000001, "review_time_pending_update_days_avg": 7.901113333333333, "review_time_pending_update_days_median": 4.9421999999999997, "submitted": 3750}