{"ReviewsWaitingForReviewer": 2, "abandoned": 25, "merged": 206, "new": 3, "pending": 3, "review_time_days_avg": 8.103809374999999, "review_time_days_median": 1.186, "review_time_pending_days_avg": 80.44316666666667, "review_time_pending_days_median": 76.531199999999998, "review_time_pending_update_days_avg": 79.867366666666669, "review_time_pending_update_days_median": 76.531099999999995, "submitted": 234}