{"abandoned": 37, "merged": 286, "new": 6, "pending": 6, "review_time_days_avg": 4.895163829787232, "review_time_days_median": 0.2752, "review_time_pending_days_avg": 172.67692000000002, "review_time_pending_days_median": 181.24959999999999, "review_time_pending_update_days_avg": 172.25533999999999, "review_time_pending_update_days_median": 181.24930000000001, "submitted": 329}