{"abandoned": 45, "merged": 495, "new": 16, "pending": 16, "review_time_days_avg": 9.475422058823531, "review_time_days_median": 2.1534500000000003, "review_time_pending_days_avg": 206.88046428571428, "review_time_pending_days_median": 195.05345, "review_time_pending_update_days_avg": 133.25790000000001, "review_time_pending_update_days_median": 138.28975, "submitted": 556}