{"ReviewsWaitingForReviewer": 5, "abandoned": 6, "merged": 15, "new": 6, "pending": 6, "review_time_days_avg": 9.114692307692307, "review_time_days_median": 8.7234, "review_time_pending_days_avg": 40.885633333333338, "review_time_pending_days_median": 38.650949999999995, "review_time_pending_update_days_avg": 14.140366666666667, "review_time_pending_update_days_median": 15.601150000000001, "submitted": 27}