{"ReviewsWaitingForReviewer": 3, "abandoned": 35, "merged": 253, "new": 6, "pending": 6, "review_time_days_avg": 5.72196363636364, "review_time_days_median": 0.5255, "review_time_pending_days_avg": 98.688600000000008, "review_time_pending_days_median": 73.499549999999999, "review_time_pending_update_days_avg": 94.119783333333331, "review_time_pending_update_days_median": 72.446300000000008, "submitted": 294}