{"abandoned": 23, "merged": 344, "new": 3, "pending": 3, "review_time_days_avg": 1.5987212121212118, "review_time_days_median": 0.2056, "review_time_pending_days_avg": 134.91720000000001, "review_time_pending_days_median": 67.280500000000004, "review_time_pending_update_days_avg": 120.02956666666667, "review_time_pending_update_days_median": 64.727199999999996, "submitted": 370}