{"abandoned": 29, "merged": 335, "new": 14, "pending": 14, "review_time_days_avg": 4.398399328859061, "review_time_days_median": 0.1615, "review_time_pending_days_avg": 99.84695714285715, "review_time_pending_days_median": 107.31274999999999, "review_time_pending_update_days_avg": 40.840957142857135, "review_time_pending_update_days_median": 38.800550000000001, "submitted": 378}