{"abandoned": 7, "merged": 60, "new": 4, "pending": 4, "review_time_days_avg": 6.582863999999998, "review_time_days_median": 0.61905, "review_time_pending_days_avg": 89.895399999999995, "review_time_pending_days_median": 36.394750000000002, "review_time_pending_update_days_avg": 17.675450000000001, "review_time_pending_update_days_median": 10.519549999999999, "submitted": 71}