{"abandoned": 221, "merged": 3127, "new": 24, "pending": 24, "review_time_days_avg": 3.0793151461988266, "review_time_days_median": 0.23665, "review_time_pending_days_avg": 97.435766666666623, "review_time_pending_days_median": 61.5032, "review_time_pending_update_days_avg": 47.274941666666649, "review_time_pending_update_days_median": 25.206299999999999, "submitted": 3372}