{"abandoned": 65, "merged": 1025, "new": 10, "pending": 10, "review_time_days_avg": 2.3170061359867318, "review_time_days_median": 0.1763, "review_time_pending_days_avg": 84.711820000000003, "review_time_pending_days_median": 42.620350000000002, "review_time_pending_update_days_avg": 33.672319999999992, "review_time_pending_update_days_median": 34.564999999999998, "submitted": 1100}