{"abandoned": 5, "merged": 178, "new": 9, "pending": 9, "review_time_days_avg": 35.23437142857143, "review_time_days_median": 17.0082, "review_time_pending_days_avg": 189.30661666666666, "review_time_pending_days_median": 190.8015, "review_time_pending_update_days_avg": 150.48705000000001, "review_time_pending_update_days_median": 85.224099999999993, "submitted": 192}