{"abandoned": 142, "merged": 849, "new": 9, "pending": 9, "review_time_days_avg": 12.05250793650794, "review_time_days_median": 0.2546, "review_time_pending_days_avg": 245.76232857142855, "review_time_pending_days_median": 271.09120000000001, "review_time_pending_update_days_avg": 113.37052857142855, "review_time_pending_update_days_median": 123.6324, "submitted": 1000}