{"ReviewsWaitingForReviewer": 259, "abandoned": 1441, "merged": 11594, "new": 476, "pending": 476, "review_time_days_avg": 14.184364127891872, "review_time_days_median": 0.8279, "review_time_pending_days_avg": 121.01751365979396, "review_time_pending_days_median": 88.456850000000003, "review_time_pending_update_days_avg": 66.281285309278388, "review_time_pending_update_days_median": 28.677099999999999, "submitted": 13511}