{"abandoned": 15, "merged": 236, "new": 7, "pending": 7, "review_time_days_avg": 7.666505263157896, "review_time_days_median": 0.7073, "review_time_pending_days_avg": 194.32948000000002, "review_time_pending_days_median": 237.7576, "review_time_pending_update_days_avg": 142.67722000000001, "review_time_pending_update_days_median": 146.39070000000001, "submitted": 258}