{"abandoned": 905, "merged": 13324, "new": 141, "pending": 141, "review_time_days_avg": 7.1040588592233025, "review_time_days_median": 0.41774999999999995, "review_time_pending_days_avg": 61.857004545454508, "review_time_pending_days_median": 34.592300000000002, "review_time_pending_update_days_avg": 30.565190151515157, "review_time_pending_update_days_median": 14.302199999999999, "submitted": 14370}