{"ReviewsWaitingForReviewer": 0, "abandoned": 3, "merged": 22, "new": 1, "pending": 1, "review_time_days_avg": 4.686629999999999, "review_time_days_median": 1.5213, "review_time_pending_days_avg": 1.0088999999999999, "review_time_pending_days_median": 1.0088999999999999, "review_time_pending_update_days_avg": 0.59040000000000004, "review_time_pending_update_days_median": 0.59040000000000004, "submitted": 26}