{"ReviewsWaitingForReviewer": 0, "abandoned": 32, "merged": 415, "new": 4, "pending": 4, "review_time_days_avg": 3.463782608695652, "review_time_days_median": 0.7023, "review_time_pending_days_avg": 254.39700000000002, "review_time_pending_days_median": 268.73700000000002, "review_time_pending_update_days_avg": 134.38126666666668, "review_time_pending_update_days_median": 84.043000000000006, "submitted": 451}