{"abandoned": 1, "merged": 35, "new": 5, "pending": 5, "review_time_days_avg": 53.03986666666667, "review_time_days_median": 3.9379, "review_time_pending_days_avg": 48.017049999999998, "review_time_pending_days_median": 44.011999999999993, "review_time_pending_update_days_avg": 30.837249999999997, "review_time_pending_update_days_median": 9.6524000000000001, "submitted": 41}