{"abandoned": 71, "merged": 422, "new": 27, "pending": 27, "review_time_days_avg": 3.143245303867404, "review_time_days_median": 0.0817, "review_time_pending_days_avg": 201.86189259259262, "review_time_pending_days_median": 187.32830000000001, "review_time_pending_update_days_avg": 181.25927037037039, "review_time_pending_update_days_median": 170.22200000000001, "submitted": 520}