{"abandoned": 4, "merged": 19, "new": 2, "pending": 2, "review_time_days_avg": 25.396849999999997, "review_time_days_median": 1.6232, "review_time_pending_days_avg": 108.45354999999999, "review_time_pending_days_median": 108.45354999999999, "review_time_pending_update_days_avg": 27.172450000000001, "review_time_pending_update_days_median": 27.172450000000001, "submitted": 25}