{"abandoned": 87, "merged": 976, "new": 40, "pending": 40, "review_time_days_avg": 3.6726568434032076, "review_time_days_median": 0.8555, "review_time_pending_days_avg": 31.033847499999979, "review_time_pending_days_median": 16.137650000000001, "review_time_pending_update_days_avg": 22.251797500000002, "review_time_pending_update_days_median": 2.5019999999999998, "submitted": 1103}