{"abandoned": 2, "merged": 9, "new": 2, "pending": 2, "review_time_days_avg": 89.97271666666666, "review_time_days_median": 27.00045, "review_time_pending_days_avg": 99.986000000000004, "review_time_pending_days_median": 99.986000000000004, "review_time_pending_update_days_avg": 99.986000000000004, "review_time_pending_update_days_median": 99.986000000000004, "submitted": 13}