{"ReviewsWaitingForReviewer": 3, "abandoned": 8, "merged": 19, "new": 4, "pending": 4, "review_time_days_avg": 24.785114285714286, "review_time_days_median": 0.3849, "review_time_pending_days_avg": 180.33533333333332, "review_time_pending_days_median": 189.41720000000001, "review_time_pending_update_days_avg": 75.302233333333334, "review_time_pending_update_days_median": 36.516300000000001, "submitted": 31}