{"ReviewsWaitingForReviewer": 5, "abandoned": 42, "merged": 507, "new": 7, "pending": 7, "review_time_days_avg": 5.688014473684214, "review_time_days_median": 0.47655000000000003, "review_time_pending_days_avg": 93.206071428571434, "review_time_pending_days_median": 46.867899999999999, "review_time_pending_update_days_avg": 79.907857142857139, "review_time_pending_update_days_median": 46.867800000000003, "submitted": 556}