{"abandoned": 24, "merged": 255, "new": 6, "pending": 6, "review_time_days_avg": 4.903205769230769, "review_time_days_median": 0.45775, "review_time_pending_days_avg": 18.592650000000003, "review_time_pending_days_median": 11.009, "review_time_pending_update_days_avg": 5.3976999999999995, "review_time_pending_update_days_median": 5.4444999999999997, "submitted": 285}