{"abandoned": 6, "merged": 57, "new": 11, "pending": 11, "review_time_days_avg": 12.636638461538464, "review_time_days_median": 5.91535, "review_time_pending_days_avg": 105.38344285714285, "review_time_pending_days_median": 11.804, "review_time_pending_update_days_avg": 50.332685714285716, "review_time_pending_update_days_median": 11.674099999999999, "submitted": 74}