{"abandoned": 142, "merged": 847, "new": 9, "pending": 9, "review_time_days_avg": 12.443295081967216, "review_time_days_median": 0.2625, "review_time_pending_days_avg": 225.76747142857147, "review_time_pending_days_median": 251.09630000000001, "review_time_pending_update_days_avg": 93.37565714285715, "review_time_pending_update_days_median": 103.63760000000001, "submitted": 998}