{"ReviewsWaitingForReviewer": 1, "abandoned": 3, "merged": 28, "new": 2, "pending": 2, "review_time_days_avg": 7.3509666666666655, "review_time_days_median": 0.37865, "review_time_pending_days_avg": 36.935499999999998, "review_time_pending_days_median": 36.935499999999998, "review_time_pending_update_days_avg": 14.031049999999999, "review_time_pending_update_days_median": 14.031049999999999, "submitted": 33}