{"ReviewsWaitingForReviewer": 4, "abandoned": 88, "merged": 1586, "new": 8, "pending": 8, "review_time_days_avg": 4.572934249471453, "review_time_days_median": 0.2797, "review_time_pending_days_avg": 80.918912499999976, "review_time_pending_days_median": 53.168899999999994, "review_time_pending_update_days_avg": 16.289312499999998, "review_time_pending_update_days_median": 11.768550000000001, "submitted": 1682}