{"abandoned": 30, "merged": 272, "new": 4, "pending": 4, "review_time_days_avg": 11.30799, "review_time_days_median": 1.8154, "review_time_pending_days_avg": 19.636499999999998, "review_time_pending_days_median": 16.206700000000001, "review_time_pending_update_days_avg": 18.281075000000001, "review_time_pending_update_days_median": 13.500499999999999, "submitted": 306}