{"abandoned": 6, "merged": 41, "new": 1, "pending": 1, "review_time_days_avg": 6.8358550000000005, "review_time_days_median": 0.2374, "review_time_pending_days_avg": 135.25710000000001, "review_time_pending_days_median": 135.25710000000001, "review_time_pending_update_days_avg": 106.73860000000001, "review_time_pending_update_days_median": 106.73860000000001, "submitted": 48}