{"abandoned": 12, "merged": 85, "new": 9, "pending": 9, "review_time_days_avg": 13.683800000000003, "review_time_days_median": 1.6818, "review_time_pending_days_avg": 133.94235555555554, "review_time_pending_days_median": 126.3925, "review_time_pending_update_days_avg": 70.47101111111111, "review_time_pending_update_days_median": 38.693800000000003, "submitted": 106}