{"ReviewsWaitingForReviewer": 5, "abandoned": 33, "merged": 479, "new": 7, "pending": 7, "review_time_days_avg": 4.360509756097559, "review_time_days_median": 0.9286, "review_time_pending_days_avg": 129.48772857142859, "review_time_pending_days_median": 153.31999999999999, "review_time_pending_update_days_avg": 124.62565714285714, "review_time_pending_update_days_median": 153.29859999999999, "submitted": 519}