{"abandoned": 3, "merged": 31, "new": 4, "pending": 4, "review_time_days_avg": 17.204025, "review_time_days_median": 1.21705, "review_time_pending_days_avg": 51.105233333333338, "review_time_pending_days_median": 27.898199999999999, "review_time_pending_update_days_avg": 51.104300000000002, "review_time_pending_update_days_median": 27.895499999999998, "submitted": 38}