{"abandoned": 37, "merged": 286, "new": 6, "pending": 6, "review_time_days_avg": 4.895163829787232, "review_time_days_median": 0.2752, "review_time_pending_days_avg": 169.72082000000003, "review_time_pending_days_median": 178.29349999999999, "review_time_pending_update_days_avg": 169.29926, "review_time_pending_update_days_median": 178.29329999999999, "submitted": 329}