{"abandoned": 23, "merged": 255, "new": 7, "pending": 7, "review_time_days_avg": 4.903205769230769, "review_time_days_median": 0.45775, "review_time_pending_days_avg": 16.542085714285715, "review_time_pending_days_median": 10.7761, "review_time_pending_update_days_avg": 5.9219999999999988, "review_time_pending_update_days_median": 6.7015000000000002, "submitted": 285}