{"ReviewsWaitingForReviewer": 10, "abandoned": 45, "merged": 495, "new": 16, "pending": 16, "review_time_days_avg": 9.475422058823531, "review_time_days_median": 2.1534500000000003, "review_time_pending_days_avg": 208.90277142857141, "review_time_pending_days_median": 197.07575, "review_time_pending_update_days_avg": 135.28019999999998, "review_time_pending_update_days_median": 140.31205, "submitted": 556}