{"abandoned": 94, "merged": 1038, "new": 45, "pending": 45, "review_time_days_avg": 3.796949071925757, "review_time_days_median": 0.8551, "review_time_pending_days_avg": 33.767437777777793, "review_time_pending_days_median": 24.431100000000001, "review_time_pending_update_days_avg": 18.614804444444442, "review_time_pending_update_days_median": 6.1874000000000002, "submitted": 1177}