{"abandoned": 88, "merged": 1584, "new": 8, "pending": 8, "review_time_days_avg": 4.589877282377914, "review_time_days_median": 0.2797, "review_time_pending_days_avg": 73.047462499999995, "review_time_pending_days_median": 45.173699999999997, "review_time_pending_update_days_avg": 13.295662499999999, "review_time_pending_update_days_median": 13.2834, "submitted": 1680}