{"abandoned": 1, "merged": 12, "new": 2, "pending": 2, "review_time_days_avg": 18.10145, "review_time_days_median": 18.10145, "review_time_pending_days_avg": 148.88310000000001, "review_time_pending_days_median": 148.88310000000001, "review_time_pending_update_days_avg": 142.43770000000001, "review_time_pending_update_days_median": 142.43770000000001, "submitted": 15}