{"abandoned": 69, "merged": 388, "new": 42, "pending": 42, "review_time_days_avg": 17.949035294117643, "review_time_days_median": 1.3241, "review_time_pending_days_avg": 202.58306153846155, "review_time_pending_days_median": 183.26704999999998, "review_time_pending_update_days_avg": 164.25663461538463, "review_time_pending_update_days_median": 175.69319999999999, "submitted": 499}