{"abandoned": 8, "merged": 68, "new": 2, "pending": 2, "review_time_days_avg": 10.30241636363636, "review_time_days_median": 2.1879, "review_time_pending_days_avg": 56.473550000000003, "review_time_pending_days_median": 56.473550000000003, "review_time_pending_update_days_avg": 54.512549999999997, "review_time_pending_update_days_median": 54.512549999999997, "submitted": 78}