{"abandoned": 95, "merged": 1067, "new": 40, "pending": 40, "review_time_days_avg": 4.033832687927111, "review_time_days_median": 0.8569500000000001, "review_time_pending_days_avg": 33.522837500000001, "review_time_pending_days_median": 16.38775, "review_time_pending_update_days_avg": 21.325084999999994, "review_time_pending_update_days_median": 8.51065, "submitted": 1202}