{"abandoned": 5, "merged": 178, "new": 9, "pending": 9, "review_time_days_avg": 35.23437142857143, "review_time_days_median": 17.0082, "review_time_pending_days_avg": 191.71579999999997, "review_time_pending_days_median": 193.2107, "review_time_pending_update_days_avg": 152.89623333333336, "review_time_pending_update_days_median": 87.633299999999991, "submitted": 192}