{"abandoned": 11, "merged": 182, "new": 6, "pending": 6, "review_time_days_avg": 7.340737894736841, "review_time_days_median": 2.0425, "review_time_pending_days_avg": 19.110949999999999, "review_time_pending_days_median": 20.183900000000001, "review_time_pending_update_days_avg": 11.019066666666665, "review_time_pending_update_days_median": 6.8818999999999999, "submitted": 199}