{"abandoned": 50, "merged": 168, "new": 10, "pending": 10, "review_time_days_avg": 5.557740983606555, "review_time_days_median": 0.3805, "review_time_pending_days_avg": 84.976724999999988, "review_time_pending_days_median": 57.1877, "review_time_pending_update_days_avg": 40.072600000000008, "review_time_pending_update_days_median": 18.296799999999998, "submitted": 228}