{"abandoned": 15, "merged": 241, "new": 8, "pending": 8, "review_time_days_avg": 6.943295238095239, "review_time_days_median": 0.53175, "review_time_pending_days_avg": 185.57883333333336, "review_time_pending_days_median": 218.05690000000001, "review_time_pending_update_days_avg": 141.68458333333334, "review_time_pending_update_days_median": 170.95405, "submitted": 264}