{"ReviewsWaitingForReviewer": 1, "abandoned": 1, "merged": 9, "new": 2, "pending": 2, "review_time_days_avg": 0.40785000000000005, "review_time_days_median": 0.40785000000000005, "review_time_pending_days_avg": 73.959800000000001, "review_time_pending_days_median": 73.959800000000001, "review_time_pending_update_days_avg": 73.959400000000002, "review_time_pending_update_days_median": 73.959400000000002, "submitted": 12}