{"ReviewsWaitingForReviewer": 5, "abandoned": 73, "merged": 758, "new": 33, "pending": 33, "review_time_days_avg": 4.66401285008237, "review_time_days_median": 0.7864, "review_time_pending_days_avg": 66.261390909090906, "review_time_pending_days_median": 19.470600000000001, "review_time_pending_update_days_avg": 41.327548484848492, "review_time_pending_update_days_median": 10.414199999999999, "submitted": 864}