{"abandoned": 8, "merged": 40, "new": 6, "pending": 6, "review_time_days_avg": 8.808653846153847, "review_time_days_median": 2.0318, "review_time_pending_days_avg": 74.334933333333325, "review_time_pending_days_median": 20.232700000000001, "review_time_pending_update_days_avg": 68.033533333333338, "review_time_pending_update_days_median": 20.230399999999999, "submitted": 54}