{"abandoned": 4, "merged": 32, "new": 2, "pending": 2, "review_time_days_avg": 2.112095454545454, "review_time_days_median": 0.29805000000000004, "review_time_pending_days_avg": 79.95150000000001, "review_time_pending_days_median": 79.95150000000001, "review_time_pending_update_days_avg": 28.813949999999998, "review_time_pending_update_days_median": 28.813949999999998, "submitted": 38}