{"abandoned": 358, "merged": 3254, "new": 16, "pending": 16, "review_time_days_avg": 3.127255661066475, "review_time_days_median": 0.809, "review_time_pending_days_avg": 24.961481249999999, "review_time_pending_days_median": 12.75315, "review_time_pending_update_days_avg": 8.8596625000000007, "review_time_pending_update_days_median": 6.0661500000000004, "submitted": 3628}