{"abandoned": 9, "merged": 139, "new": 9, "pending": 9, "review_time_days_avg": 9.565849411764704, "review_time_days_median": 0.0345, "review_time_pending_days_avg": 144.291425, "review_time_pending_days_median": 127.92704999999999, "review_time_pending_update_days_avg": 119.50965000000001, "review_time_pending_update_days_median": 127.92625000000001, "submitted": 157}