{"abandoned": 116, "merged": 663, "new": 4, "pending": 4, "review_time_days_avg": 2.986535135135135, "review_time_days_median": 0.3573, "review_time_pending_days_avg": 144.15772499999997, "review_time_pending_days_median": 131.26645000000002, "review_time_pending_update_days_avg": 67.773074999999992, "review_time_pending_update_days_median": 82.456900000000005, "submitted": 783}