{"abandoned": 5, "merged": 96, "new": 5, "pending": 5, "review_time_days_avg": 2.731533333333333, "review_time_days_median": 0.7073, "review_time_pending_days_avg": 126.86770000000001, "review_time_pending_days_median": 132.95240000000001, "review_time_pending_update_days_avg": 90.360599999999991, "review_time_pending_update_days_median": 92.05125000000001, "submitted": 106}