{"abandoned": 71, "merged": 415, "new": 28, "pending": 28, "review_time_days_avg": 3.241975287356322, "review_time_days_median": 0.07765, "review_time_pending_days_avg": 190.24709285714286, "review_time_pending_days_median": 169.52154999999999, "review_time_pending_update_days_avg": 170.38088214285713, "review_time_pending_update_days_median": 156.9289, "submitted": 514}