{"ReviewsWaitingForReviewer": 10, "abandoned": 9, "merged": 145, "new": 16, "pending": 16, "review_time_days_avg": 9.555200000000001, "review_time_days_median": 1.6699000000000002, "review_time_pending_ReviewsWaitingForReviewer_days_avg": 195.40787999999998, "review_time_pending_ReviewsWaitingForReviewer_days_median": 252.67829999999998, "review_time_pending_days_avg": 163.50493749999998, "review_time_pending_days_median": 247.78704999999999, "review_time_pending_update_ReviewsWaitingForReviewer_days_avg": 172.63294000000002, "review_time_pending_update_ReviewsWaitingForReviewer_days_median": 228.01224999999999, "review_time_pending_update_days_avg": 144.54157499999997, "review_time_pending_update_days_median": 212.83305000000001, "submitted": 170}