{"ReviewsWaitingForReviewer": 5, "abandoned": 21, "merged": 235, "new": 12, "pending": 12, "review_time_days_avg": 15.52345179856115, "review_time_days_median": 0.5764, "review_time_pending_days_avg": 60.512722222222223, "review_time_pending_days_median": 17.615200000000002, "review_time_pending_update_days_avg": 27.743199999999998, "review_time_pending_update_days_median": 10.587899999999999, "submitted": 268}