{"abandoned": 6, "merged": 57, "new": 11, "pending": 11, "review_time_days_avg": 12.636638461538464, "review_time_days_median": 5.91535, "review_time_pending_days_avg": 97.947414285714302, "review_time_pending_days_median": 4.3680000000000003, "review_time_pending_update_days_avg": 44.314999999999991, "review_time_pending_update_days_median": 4.2381000000000002, "submitted": 74}