{"abandoned": 5, "merged": 96, "new": 5, "pending": 5, "review_time_days_avg": 2.731533333333333, "review_time_days_median": 0.7073, "review_time_pending_days_avg": 125.8826, "review_time_pending_days_median": 131.96729999999999, "review_time_pending_update_days_avg": 89.375500000000002, "review_time_pending_update_days_median": 91.066149999999993, "submitted": 106}