{"abandoned": 9, "merged": 137, "new": 8, "pending": 8, "review_time_days_avg": 9.378842168674696, "review_time_days_median": 0.0286, "review_time_pending_days_avg": 142.64175714285713, "review_time_pending_days_median": 117.35380000000001, "review_time_pending_update_days_avg": 120.01058571428572, "review_time_pending_update_days_median": 117.3531, "submitted": 154}