{"abandoned": 13, "merged": 183, "new": 8, "pending": 8, "review_time_days_avg": 7.456616666666665, "review_time_days_median": 2.0909, "review_time_pending_days_avg": 20.533024999999999, "review_time_pending_days_median": 14.661950000000001, "review_time_pending_update_days_avg": 13.694862500000001, "review_time_pending_update_days_median": 4.4670500000000004, "submitted": 204}