{"abandoned": 94, "merged": 1053, "new": 36, "pending": 36, "review_time_days_avg": 4.0138034482758655, "review_time_days_median": 0.8585, "review_time_pending_days_avg": 35.846672222222224, "review_time_pending_days_median": 20.464100000000002, "review_time_pending_update_days_avg": 22.861249999999998, "review_time_pending_update_days_median": 6.9808000000000003, "submitted": 1183}