{"ReviewsWaitingForReviewer": 1, "abandoned": 7, "merged": 65, "new": 2, "pending": 2, "review_time_days_avg": 6.143876363636362, "review_time_days_median": 0.2991, "review_time_pending_days_avg": 186.44094999999999, "review_time_pending_days_median": 186.44094999999999, "review_time_pending_update_days_avg": 42.911850000000001, "review_time_pending_update_days_median": 42.911850000000001, "submitted": 74}