{"abandoned": 8, "merged": 32, "new": 7, "pending": 7, "review_time_days_avg": 6.36849375, "review_time_days_median": 0.56165, "review_time_pending_days_avg": 62.203049999999998, "review_time_pending_days_median": 57.221699999999998, "review_time_pending_update_days_avg": 57.689949999999996, "review_time_pending_update_days_median": 53.257899999999999, "submitted": 47}