{"ReviewsWaitingForReviewer": 4, "abandoned": 1, "merged": 65, "new": 5, "pending": 5, "review_time_days_avg": 1.2535771428571425, "review_time_days_median": 0.0477, "review_time_pending_days_avg": 89.150180000000006, "review_time_pending_days_median": 5.4298000000000002, "review_time_pending_update_days_avg": 54.896640000000005, "review_time_pending_update_days_median": 1.9510000000000001, "submitted": 71}