{"abandoned": 32, "merged": 415, "new": 4, "pending": 4, "review_time_days_avg": 3.463782608695652, "review_time_days_median": 0.7023, "review_time_pending_days_avg": 249.36773333333329, "review_time_pending_days_median": 263.70780000000002, "review_time_pending_update_days_avg": 129.35196666666664, "review_time_pending_update_days_median": 79.0137, "submitted": 451}