{"ReviewsWaitingForReviewer": 2, "abandoned": 21, "merged": 235, "new": 9, "pending": 9, "review_time_days_avg": 15.609301449275362, "review_time_days_median": 0.5572, "review_time_pending_days_avg": 86.786016666666683, "review_time_pending_days_median": 80.179000000000002, "review_time_pending_update_days_avg": 37.781683333333334, "review_time_pending_update_days_median": 14.125500000000001, "submitted": 265}