{"abandoned": 7, "merged": 92, "new": 1, "pending": 1, "review_time_days_avg": 8.929305263157895, "review_time_days_median": 0.5615, "review_time_pending_days_avg": 2.6236999999999999, "review_time_pending_days_median": 2.6236999999999999, "review_time_pending_update_days_avg": 2.6067999999999998, "review_time_pending_update_days_median": 2.6067999999999998, "submitted": 100}