{"abandoned": 3, "merged": 28, "new": 5, "pending": 5, "review_time_days_avg": 21.738122222222223, "review_time_days_median": 1.8928, "review_time_pending_days_avg": 26.999450000000003, "review_time_pending_days_median": 9.9154999999999998, "review_time_pending_update_days_avg": 26.956075000000002, "review_time_pending_update_days_median": 9.8288499999999992, "submitted": 36}