{"ReviewsWaitingForReviewer": 23, "abandoned": 7, "merged": 86, "new": 23, "pending": 23, "review_time_days_avg": 30.12673636363636, "review_time_days_median": 16.6364, "review_time_pending_days_avg": 52.286960869565192, "review_time_pending_days_median": 13.759399999999999, "review_time_pending_update_days_avg": 24.168952173913045, "review_time_pending_update_days_median": 13.739100000000001, "submitted": 116}