{"ReviewsWaitingForSubmitter": 4, "abandoned": 32, "merged": 415, "new": 4, "pending": 4, "review_time_days_avg": 3.463782608695652, "review_time_days_median": 0.7023, "review_time_pending_days_avg": 251.38513333333333, "review_time_pending_days_median": 265.72519999999997, "review_time_pending_update_days_avg": 131.36939999999998, "review_time_pending_update_days_median": 81.031099999999995, "submitted": 451}