{"ReviewsWaitingForReviewer": 1, "abandoned": 1, "merged": 63, "new": 2, "pending": 2, "review_time_days_avg": 1.259741176470588, "review_time_days_median": 0.047549999999999995, "review_time_pending_days_avg": 211.76939999999999, "review_time_pending_days_median": 211.76939999999999, "review_time_pending_update_days_avg": 142.52159999999998, "review_time_pending_update_days_median": 142.52159999999998, "submitted": 66}