{"abandoned": 11, "merged": 50, "new": 18, "pending": 18, "review_time_days_avg": 10.644491176470586, "review_time_days_median": 3.82495, "review_time_pending_days_avg": 126.71911666666672, "review_time_pending_days_median": 86.043999999999997, "review_time_pending_update_days_avg": 86.035949999999985, "review_time_pending_update_days_median": 14.420400000000001, "submitted": 79}