{"ReviewsWaitingForReviewer": 7, "abandoned": 9, "merged": 148, "new": 10, "pending": 10, "review_time_days_avg": 9.103676595744679, "review_time_days_median": 0.048549999999999996, "review_time_pending_days_avg": 136.20742222222222, "review_time_pending_days_median": 124.4546, "review_time_pending_update_days_avg": 114.17911111111113, "review_time_pending_update_days_median": 124.45359999999999, "submitted": 167}