{"ReviewsWaitingForReviewer": 1, "abandoned": 10, "merged": 105, "new": 2, "pending": 2, "review_time_days_avg": 4.041350537634408, "review_time_days_median": 1.1688, "review_time_pending_days_avg": 14.431600000000001, "review_time_pending_days_median": 14.431600000000001, "review_time_pending_update_days_avg": 2.5713500000000002, "review_time_pending_update_days_median": 2.5713500000000002, "submitted": 117}