{"abandoned": 1, "merged": 9, "new": 2, "pending": 2, "review_time_days_avg": 0.40785000000000005, "review_time_days_median": 0.40785000000000005, "review_time_pending_days_avg": 46.356099999999998, "review_time_pending_days_median": 46.356099999999998, "review_time_pending_update_days_avg": 46.355699999999999, "review_time_pending_update_days_median": 46.355699999999999, "submitted": 12}