{"ReviewsWaitingForReviewer": 3, "abandoned": 2, "merged": 22, "new": 3, "pending": 3, "review_time_days_avg": 16.603399999999997, "review_time_days_median": 0.0694, "review_time_pending_days_avg": 361.45949999999999, "review_time_pending_days_median": 361.45949999999999, "review_time_pending_update_days_avg": 248.31504999999999, "review_time_pending_update_days_median": 248.31504999999999, "submitted": 27}