{"abandoned": 909, "merged": 13371, "new": 142, "pending": 142, "review_time_days_avg": 7.227341962673088, "review_time_days_median": 0.4159, "review_time_pending_days_avg": 60.507669924812035, "review_time_pending_days_median": 33.116399999999999, "review_time_pending_update_days_avg": 30.46108045112782, "review_time_pending_update_days_median": 13.391, "submitted": 14422}