{"ReviewsWaitingForReviewer": 1, "abandoned": 4, "merged": 42, "new": 1, "pending": 1, "review_time_days_avg": 11.311040000000002, "review_time_days_median": 4.1637, "review_time_pending_days_avg": 152.78129999999999, "review_time_pending_days_median": 152.78129999999999, "review_time_pending_update_days_avg": 56.703699999999998, "review_time_pending_update_days_median": 56.703699999999998, "submitted": 47}