{"abandoned": 1, "merged": 51, "new": 3, "pending": 3, "review_time_days_avg": 0.9975193548387093, "review_time_days_median": 0.0477, "review_time_pending_days_avg": 128.37440000000001, "review_time_pending_days_median": 137.26859999999999, "review_time_pending_update_days_avg": 83.167066666666656, "review_time_pending_update_days_median": 10.008599999999999, "submitted": 55}