{"abandoned": 326, "merged": 3831, "new": 51, "pending": 51, "review_time_days_avg": 5.249327278071727, "review_time_days_median": 0.7601, "review_time_pending_days_avg": 48.844431999999969, "review_time_pending_days_median": 10.14785, "review_time_pending_update_days_avg": 26.991040000000012, "review_time_pending_update_days_median": 4.7095000000000002, "submitted": 4208}