{"ReviewsWaitingForReviewer": 7, "abandoned": 66, "merged": 1027, "new": 10, "pending": 10, "review_time_days_avg": 2.3104347107438, "review_time_days_median": 0.1763, "review_time_pending_days_avg": 93.032690000000002, "review_time_pending_days_median": 51.623350000000002, "review_time_pending_update_days_avg": 41.892880000000005, "review_time_pending_update_days_median": 43.567999999999998, "submitted": 1103}