{"ReviewsWaitingForReviewer": 5, "abandoned": 41, "merged": 499, "new": 8, "pending": 8, "review_time_days_avg": 5.829668325791858, "review_time_days_median": 0.4861, "review_time_pending_days_avg": 104.83066250000002, "review_time_pending_days_median": 93.64455000000001, "review_time_pending_update_days_avg": 90.443037500000003, "review_time_pending_update_days_median": 76.912649999999999, "submitted": 548}