{"abandoned": 12, "merged": 58, "new": 17, "pending": 17, "review_time_days_avg": 10.644491176470586, "review_time_days_median": 3.82495, "review_time_pending_days_avg": 129.16218823529405, "review_time_pending_days_median": 86.582800000000006, "review_time_pending_update_days_avg": 86.085935294117618, "review_time_pending_update_days_median": 15.202400000000001, "submitted": 87}