{"ReviewsWaitingForReviewer": 8, "abandoned": 10, "merged": 81, "new": 10, "pending": 10, "review_time_days_avg": 5.640199999999998, "review_time_days_median": 0.8511, "review_time_pending_days_avg": 98.356409999999997, "review_time_pending_days_median": 79.847949999999997, "review_time_pending_update_days_avg": 44.346219999999988, "review_time_pending_update_days_median": 32.685749999999999, "submitted": 101}