{"abandoned": 7, "merged": 140, "new": 13, "pending": 13, "review_time_days_avg": 9.891996491228072, "review_time_days_median": 1.5053, "review_time_pending_days_avg": 154.49037692307695, "review_time_pending_days_median": 207.79580000000001, "review_time_pending_update_days_avg": 141.09913076923078, "review_time_pending_update_days_median": 198.0008, "submitted": 160}