{"WaitingForSubmitter": 2, "abandoned": 33, "merged": 475, "new": 8, "pending": 8, "review_time_days_avg": 4.34162222222222, "review_time_days_median": 0.9198, "review_time_pending_days_avg": 112.40446249999999, "review_time_pending_days_median": 107.68815000000001, "review_time_pending_update_days_avg": 108.15015000000001, "review_time_pending_update_days_median": 107.67660000000001, "submitted": 516}