{"abandoned": 6, "merged": 59, "new": 3, "pending": 3, "review_time_days_avg": 6.7161346938775495, "review_time_days_median": 0.939, "review_time_pending_days_avg": 201.98240000000001, "review_time_pending_days_median": 254.97550000000001, "review_time_pending_update_days_avg": 100.82310000000001, "review_time_pending_update_days_median": 46.378300000000003, "submitted": 68}