{"abandoned": 52, "merged": 191, "new": 6, "pending": 6, "review_time_days_avg": 7.958767088607594, "review_time_days_median": 0.3805, "review_time_pending_days_avg": 92.470849999999999, "review_time_pending_days_median": 12.85515, "review_time_pending_update_days_avg": 60.086349999999996, "review_time_pending_update_days_median": 4.3121999999999998, "submitted": 249}