{"ReviewsWaitingForSubmitter": 0, "abandoned": 7, "merged": 86, "new": 22, "pending": 22, "review_time_days_avg": 30.12673636363636, "review_time_days_median": 16.6364, "review_time_pending_days_avg": 53.515359090909094, "review_time_pending_days_median": 12.643599999999999, "review_time_pending_update_days_avg": 24.119263636363641, "review_time_pending_update_days_median": 12.621500000000001, "submitted": 115}