{"abandoned": 5, "merged": 178, "new": 9, "pending": 9, "review_time_days_avg": 35.23437142857143, "review_time_days_median": 17.0082, "review_time_pending_days_avg": 211.30060000000003, "review_time_pending_days_median": 212.7955, "review_time_pending_update_days_avg": 172.48104999999998, "review_time_pending_update_days_median": 107.21809999999999, "submitted": 192}