{"ReviewsWaitingForReviewer": 4, "abandoned": 5, "merged": 34, "new": 5, "pending": 5, "review_time_days_avg": 11.482642857142858, "review_time_days_median": 0.0842, "review_time_pending_days_avg": 136.96827999999999, "review_time_pending_days_median": 77.209299999999999, "review_time_pending_update_days_avg": 79.691459999999992, "review_time_pending_update_days_median": 39.623699999999999, "submitted": 44}