{"abandoned": 1, "merged": 38, "new": 3, "pending": 3, "review_time_days_avg": 50.13094444444445, "review_time_days_median": 3.37765, "review_time_pending_days_avg": 56.109650000000002, "review_time_pending_days_median": 56.109650000000002, "review_time_pending_update_days_avg": 21.750049999999998, "review_time_pending_update_days_median": 21.750049999999998, "submitted": 42}