{"abandoned": 43, "merged": 414, "new": 23, "pending": 23, "review_time_days_avg": 3.5193140000000005, "review_time_days_median": 1.18675, "review_time_pending_days_avg": 49.065526086956517, "review_time_pending_days_median": 40.111400000000003, "review_time_pending_update_days_avg": 34.367773913043479, "review_time_pending_update_days_median": 19.384799999999998, "submitted": 480}