{"abandoned": 3, "merged": 30, "new": 4, "pending": 4, "review_time_days_avg": 49.0431875, "review_time_days_median": 5.0723, "review_time_pending_days_avg": 77.003566666666657, "review_time_pending_days_median": 83.400499999999994, "review_time_pending_update_days_avg": 75.481766666666658, "review_time_pending_update_days_median": 83.400099999999995, "submitted": 37}