{"abandoned": 16, "merged": 80, "new": 3, "pending": 3, "review_time_days_avg": 1.9860782608695648, "review_time_days_median": 0.2097, "review_time_pending_days_avg": 151.28865000000002, "review_time_pending_days_median": 151.28865000000002, "review_time_pending_update_days_avg": 82.472949999999997, "review_time_pending_update_days_median": 82.472949999999997, "submitted": 99}