{"ReviewsWaitingForReviewer": 1, "abandoned": 8, "merged": 68, "new": 2, "pending": 2, "review_time_days_avg": 10.30241636363636, "review_time_days_median": 2.1879, "review_time_pending_days_avg": 68.480800000000002, "review_time_pending_days_median": 68.480800000000002, "review_time_pending_update_days_avg": 66.519849999999991, "review_time_pending_update_days_median": 66.519849999999991, "submitted": 78}