{"abandoned": 32, "merged": 411, "new": 4, "pending": 4, "review_time_days_avg": 3.963619999999999, "review_time_days_median": 0.8617999999999999, "review_time_pending_days_avg": 222.34693333333334, "review_time_pending_days_median": 236.68700000000001, "review_time_pending_update_days_avg": 109.03676666666667, "review_time_pending_update_days_median": 51.992899999999999, "submitted": 447}