{"abandoned": 9, "merged": 106, "new": 8, "pending": 8, "review_time_days_avg": 17.773040506329114, "review_time_days_median": 2.7447, "review_time_pending_days_avg": 87.493250000000003, "review_time_pending_days_median": 99.151649999999989, "review_time_pending_update_days_avg": 49.787775000000003, "review_time_pending_update_days_median": 46.01005, "submitted": 123}