{"ReviewsWaitingForReviewer": 1, "abandoned": 7, "merged": 11, "new": 1, "pending": 1, "review_time_days_avg": 22.064533333333333, "review_time_days_median": 30.1796, "review_time_pending_days_avg": 65.907700000000006, "review_time_pending_days_median": 65.907700000000006, "review_time_pending_update_days_avg": 40.299100000000003, "review_time_pending_update_days_median": 40.299100000000003, "submitted": 19}