{"ReviewsWaitingForReviewer": 2, "abandoned": 35, "merged": 268, "new": 4, "pending": 4, "review_time_days_avg": 5.613562345679011, "review_time_days_median": 0.6511, "review_time_pending_days_avg": 90.822575000000001, "review_time_pending_days_median": 81.611400000000003, "review_time_pending_update_days_avg": 88.443749999999994, "review_time_pending_update_days_median": 81.036249999999995, "submitted": 307}