{"WaitingForSubmitter": 23, "abandoned": 116, "merged": 663, "new": 4, "pending": 4, "review_time_days_avg": 2.986535135135135, "review_time_days_median": 0.3573, "review_time_pending_days_avg": 145.56707499999999, "review_time_pending_days_median": 132.67580000000001, "review_time_pending_update_days_avg": 69.182474999999997, "review_time_pending_update_days_median": 83.866299999999995, "submitted": 783}