{"abandoned": 1, "merged": 17, "new": 1, "pending": 1, "review_time_days_avg": 8.1465625, "review_time_days_median": 0.6224000000000001, "review_time_pending_days_avg": 80.545699999999997, "review_time_pending_days_median": 80.545699999999997, "review_time_pending_update_days_avg": 80.545599999999993, "review_time_pending_update_days_median": 80.545599999999993, "submitted": 19}