{"ReviewsWaitingForReviewer": 2, "abandoned": 5, "merged": 28, "new": 2, "pending": 2, "review_time_days_avg": 8.524658333333335, "review_time_days_median": 2.2123999999999997, "review_time_pending_days_avg": 252.85269999999997, "review_time_pending_days_median": 252.85269999999997, "review_time_pending_update_days_avg": 200.30874999999997, "review_time_pending_update_days_median": 200.30874999999997, "submitted": 35}