{"abandoned": 58, "merged": 362, "new": 22, "pending": 22, "review_time_days_avg": 4.300859663865547, "review_time_days_median": 0.053, "review_time_pending_days_avg": 221.32006818181816, "review_time_pending_days_median": 315.74934999999999, "review_time_pending_update_days_avg": 196.03732272727277, "review_time_pending_update_days_median": 211.7698, "submitted": 442}