{"abandoned": 10, "merged": 76, "new": 10, "pending": 10, "review_time_days_avg": 5.709674666666666, "review_time_days_median": 0.9123, "review_time_pending_days_avg": 71.835349999999991, "review_time_pending_days_median": 52.840050000000005, "review_time_pending_update_days_avg": 52.267639999999993, "review_time_pending_update_days_median": 31.063050000000004, "submitted": 96}