{"ReviewsWaitingForReviewer": 7, "abandoned": 10, "merged": 82, "new": 9, "pending": 9, "review_time_days_avg": 6.293519753086419, "review_time_days_median": 0.9123, "review_time_pending_days_avg": 107.05401111111112, "review_time_pending_days_median": 93.418000000000006, "review_time_pending_update_days_avg": 52.82981111111112, "review_time_pending_update_days_median": 42.829900000000002, "submitted": 101}