{"abandoned": 21, "merged": 232, "new": 9, "pending": 9, "review_time_days_avg": 15.838742647058822, "review_time_days_median": 0.6174, "review_time_pending_days_avg": 80.822500000000005, "review_time_pending_days_median": 74.215499999999992, "review_time_pending_update_days_avg": 32.726483333333334, "review_time_pending_update_days_median": 8.1620000000000008, "submitted": 262}