{"abandoned": 1, "merged": 51, "new": 3, "pending": 3, "review_time_days_avg": 0.9975193548387093, "review_time_days_median": 0.0477, "review_time_pending_days_avg": 128.34869999999998, "review_time_pending_days_median": 137.24289999999999, "review_time_pending_update_days_avg": 83.141366666666656, "review_time_pending_update_days_median": 9.9829000000000008, "submitted": 55}