{"ReviewsWaitingForReviewer": 1, "abandoned": 22, "merged": 525, "new": 1, "pending": 1, "review_time_days_avg": 1.2169788135593214, "review_time_days_median": 0.12405, "review_time_pending_days_avg": 1.5306999999999999, "review_time_pending_days_median": 1.5306999999999999, "review_time_pending_update_days_avg": 1.5293000000000001, "review_time_pending_update_days_median": 1.5293000000000001, "submitted": 548}