{"ReviewsWaitingForReviewer": 3, "abandoned": 35, "merged": 253, "new": 6, "pending": 6, "review_time_days_avg": 5.72196363636364, "review_time_days_median": 0.5255, "review_time_pending_days_avg": 99.693150000000003, "review_time_pending_days_median": 74.504149999999996, "review_time_pending_update_days_avg": 95.124283333333324, "review_time_pending_update_days_median": 73.450800000000001, "submitted": 294}