{"abandoned": 20, "merged": 481, "new": 3, "pending": 3, "review_time_days_avg": 1.2842238979118323, "review_time_days_median": 0.1279, "review_time_pending_days_avg": 19.156966666666666, "review_time_pending_days_median": 1.5334000000000001, "review_time_pending_update_days_avg": 16.263733333333334, "review_time_pending_update_days_median": 1.0789, "submitted": 504}