{"abandoned": 12, "merged": 58, "new": 17, "pending": 17, "review_time_days_avg": 10.644491176470586, "review_time_days_median": 3.82495, "review_time_pending_days_avg": 151.15615882352947, "review_time_pending_days_median": 108.57680000000001, "review_time_pending_update_days_avg": 108.07988235294117, "review_time_pending_update_days_median": 37.196300000000001, "submitted": 87}