{"abandoned": 15, "merged": 240, "new": 8, "pending": 8, "review_time_days_avg": 7.112582926829268, "review_time_days_median": 0.5882, "review_time_pending_days_avg": 182.56915000000001, "review_time_pending_days_median": 215.04725000000002, "review_time_pending_update_days_avg": 138.67488333333333, "review_time_pending_update_days_median": 167.94434999999999, "submitted": 263}