{"ReviewsWaitingForReviewer": 1, "abandoned": 7, "merged": 65, "new": 2, "pending": 2, "review_time_days_avg": 6.143876363636362, "review_time_days_median": 0.2991, "review_time_pending_days_avg": 187.44550000000001, "review_time_pending_days_median": 187.44550000000001, "review_time_pending_update_days_avg": 43.916350000000001, "review_time_pending_update_days_median": 43.916350000000001, "submitted": 74}