{"abandoned": 7, "merged": 92, "new": 1, "pending": 1, "review_time_days_avg": 8.929305263157895, "review_time_days_median": 0.5615, "review_time_pending_days_avg": 3.6728000000000001, "review_time_pending_days_median": 3.6728000000000001, "review_time_pending_update_days_avg": 3.6560000000000001, "review_time_pending_update_days_median": 3.6560000000000001, "submitted": 100}