{"abandoned": 87, "merged": 1567, "new": 9, "pending": 9, "review_time_days_avg": 4.54252083333333, "review_time_days_median": 0.28015, "review_time_pending_days_avg": 74.870022222222204, "review_time_pending_days_median": 48.3919, "review_time_pending_update_days_avg": 26.985488888888888, "review_time_pending_update_days_median": 16.380600000000001, "submitted": 1663}