{"ReviewsWaitingForReviewer": 9, "abandoned": 28, "merged": 276, "new": 10, "pending": 10, "review_time_days_avg": 4.388174603174603, "review_time_days_median": 0.468, "review_time_pending_days_avg": 21.038799999999998, "review_time_pending_days_median": 18.815950000000001, "review_time_pending_update_days_avg": 16.617299999999997, "review_time_pending_update_days_median": 16.067299999999999, "submitted": 314}