{"abandoned": 66, "merged": 691, "new": 26, "pending": 26, "review_time_days_avg": 3.987027927927927, "review_time_days_median": 0.7354, "review_time_pending_days_avg": 83.348626923076921, "review_time_pending_days_median": 42.949849999999998, "review_time_pending_update_days_avg": 60.881665384615388, "review_time_pending_update_days_median": 27.818200000000001, "submitted": 783}