{"abandoned": 29, "merged": 334, "new": 13, "pending": 13, "review_time_days_avg": 4.4280871621621625, "review_time_days_median": 0.16535, "review_time_pending_days_avg": 105.49099999999999, "review_time_pending_days_median": 123.41549999999999, "review_time_pending_update_days_avg": 41.946099999999994, "review_time_pending_update_days_median": 42.074100000000001, "submitted": 376}