{"abandoned": 8, "merged": 68, "new": 2, "pending": 2, "review_time_days_avg": 10.30241636363636, "review_time_days_median": 2.1879, "review_time_pending_days_avg": 58.448949999999996, "review_time_pending_days_median": 58.448949999999996, "review_time_pending_update_days_avg": 56.487949999999998, "review_time_pending_update_days_median": 56.487949999999998, "submitted": 78}