{"abandoned": 8, "merged": 19, "new": 4, "pending": 4, "review_time_days_avg": 24.785114285714286, "review_time_days_median": 0.3849, "review_time_pending_days_avg": 173.32136666666668, "review_time_pending_days_median": 182.4032, "review_time_pending_update_days_avg": 68.288233333333338, "review_time_pending_update_days_median": 29.502300000000002, "submitted": 31}