{"abandoned": 6, "merged": 60, "new": 4, "pending": 4, "review_time_days_avg": 6.7161346938775495, "review_time_days_median": 0.939, "review_time_pending_days_avg": 153.05935000000002, "review_time_pending_days_median": 163.69695000000002, "review_time_pending_update_days_avg": 77.175775000000002, "review_time_pending_update_days_median": 33.928600000000003, "submitted": 70}