{"ReviewsWaitingForSubmitter": 2, "abandoned": 142, "merged": 850, "new": 9, "pending": 9, "review_time_days_avg": 11.864507812500003, "review_time_days_median": 0.2517, "review_time_pending_days_avg": 252.77004285714287, "review_time_pending_days_median": 278.09890000000001, "review_time_pending_update_days_avg": 120.37824285714285, "review_time_pending_update_days_median": 130.64019999999999, "submitted": 1001}