{"abandoned": 154, "merged": 1710, "new": 16, "pending": 16, "review_time_days_avg": 3.535002302631577, "review_time_days_median": 0.14135, "review_time_pending_days_avg": 241.66937777777775, "review_time_pending_days_median": 265.3698, "review_time_pending_update_days_avg": 182.85405555555556, "review_time_pending_update_days_median": 169.32830000000001, "submitted": 1880}