{"abandoned": 112, "merged": 658, "new": 8, "pending": 8, "review_time_days_avg": 2.9147260273972604, "review_time_days_median": 0.364, "review_time_pending_days_avg": 95.122237499999997, "review_time_pending_days_median": 96.364100000000008, "review_time_pending_update_days_avg": 51.454562499999987, "review_time_pending_update_days_median": 59.997349999999997, "submitted": 778}