{"abandoned": 87, "merged": 1563, "new": 8, "pending": 8, "review_time_days_avg": 4.582658628318581, "review_time_days_median": 0.29995, "review_time_pending_days_avg": 80.832112500000008, "review_time_pending_days_median": 53.404849999999996, "review_time_pending_update_days_avg": 27.2290125, "review_time_pending_update_days_median": 16.590249999999997, "submitted": 1658}