{"abandoned": 6, "merged": 58, "new": 11, "pending": 11, "review_time_days_avg": 12.65417777777778, "review_time_days_median": 5.9316, "review_time_pending_days_avg": 119.97791428571426, "review_time_pending_days_median": 26.398499999999999, "review_time_pending_update_days_avg": 62.629785714285724, "review_time_pending_update_days_median": 26.268599999999999, "submitted": 75}