{"abandoned": 325, "merged": 3802, "new": 50, "pending": 50, "review_time_days_avg": 5.30761421744325, "review_time_days_median": 0.758, "review_time_pending_days_avg": 47.558291836734711, "review_time_pending_days_median": 7.5420999999999996, "review_time_pending_update_days_avg": 25.496157142857136, "review_time_pending_update_days_median": 2.9163999999999999, "submitted": 4177}