{"ReviewsWaitingForReviewer": 29, "abandoned": 97, "merged": 1084, "new": 36, "pending": 36, "review_time_days_avg": 4.001700447427296, "review_time_days_median": 0.8440000000000001, "review_time_pending_days_avg": 38.511769444444475, "review_time_pending_days_median": 22.597000000000001, "review_time_pending_update_days_avg": 27.239749999999997, "review_time_pending_update_days_median": 12.5083, "submitted": 1217}