{"ReviewsWaitingForReviewer": 0, "abandoned": 24, "merged": 356, "new": 2, "pending": 2, "review_time_days_avg": 1.4760297297297291, "review_time_days_median": 0.2022, "review_time_pending_days_avg": 70.527649999999994, "review_time_pending_days_median": 70.527649999999994, "review_time_pending_update_days_avg": 9.9288999999999987, "review_time_pending_update_days_median": 9.9288999999999987, "submitted": 382}