{"abandoned": 3, "merged": 27, "new": 6, "pending": 6, "review_time_days_avg": 9.2891625, "review_time_days_median": 1.21705, "review_time_pending_days_avg": 40.641720000000007, "review_time_pending_days_median": 5.1835000000000004, "review_time_pending_update_days_avg": 39.514920000000004, "review_time_pending_update_days_median": 5.0129000000000001, "submitted": 36}