{"abandoned": 32, "merged": 415, "new": 4, "pending": 4, "review_time_days_avg": 3.463782608695652, "review_time_days_median": 0.7023, "review_time_pending_days_avg": 244.37733333333335, "review_time_pending_days_median": 258.7174, "review_time_pending_update_days_avg": 124.36163333333333, "review_time_pending_update_days_median": 74.023300000000006, "submitted": 451}