{"abandoned": 72, "merged": 738, "new": 25, "pending": 25, "review_time_days_avg": 4.742864189189187, "review_time_days_median": 0.7534000000000001, "review_time_pending_days_avg": 79.717915999999988, "review_time_pending_days_median": 45.590000000000003, "review_time_pending_update_days_avg": 48.644499999999972, "review_time_pending_update_days_median": 5.6200000000000001, "submitted": 835}