{"WaitingForSubmitter": 39, "abandoned": 8, "merged": 142, "new": 15, "pending": 15, "review_time_days_avg": 9.918425423728815, "review_time_days_median": 1.5053, "review_time_pending_days_avg": 153.28219999999996, "review_time_pending_days_median": 232.04929999999999, "review_time_pending_update_days_avg": 140.21543999999997, "review_time_pending_update_days_median": 192.51220000000001, "submitted": 165}