{"abandoned": 37, "merged": 282, "new": 9, "pending": 9, "review_time_days_avg": 4.349525274725272, "review_time_days_median": 0.2055, "review_time_pending_days_avg": 97.981137500000003, "review_time_pending_days_median": 16.044649999999997, "review_time_pending_update_days_avg": 97.177012500000004, "review_time_pending_update_days_median": 14.32765, "submitted": 328}