{"abandoned": 1365, "merged": 10980, "new": 458, "pending": 458, "review_time_days_avg": 14.632110543608151, "review_time_days_median": 0.9189, "review_time_pending_days_avg": 114.58834972527467, "review_time_pending_days_median": 79.547049999999999, "review_time_pending_update_days_avg": 66.216606043956048, "review_time_pending_update_days_median": 35.6509, "submitted": 12803}