{"WaitingForSubmitter": 5, "abandoned": 31, "merged": 278, "new": 2, "pending": 2, "review_time_days_avg": 10.924917441860464, "review_time_days_median": 1.59165, "review_time_pending_days_avg": 58.393799999999999, "review_time_pending_days_median": 58.393799999999999, "review_time_pending_update_days_avg": 36.880299999999998, "review_time_pending_update_days_median": 36.880299999999998, "submitted": 311}