{"abandoned": 917, "merged": 13424, "new": 137, "pending": 137, "review_time_days_avg": 7.300357712924359, "review_time_days_median": 0.4142, "review_time_pending_days_avg": 61.539961718750021, "review_time_pending_days_median": 34.627499999999998, "review_time_pending_update_days_avg": 30.903005468749985, "review_time_pending_update_days_median": 10.630749999999999, "submitted": 14478}