{"abandoned": 1, "merged": 6, "new": 1, "pending": 1, "review_time_days_avg": 0.15925999999999998, "review_time_days_median": 0.0214, "review_time_pending_days_avg": 10.447900000000001, "review_time_pending_days_median": 10.447900000000001, "review_time_pending_update_days_avg": 9.7723999999999993, "review_time_pending_update_days_median": 9.7723999999999993, "submitted": 8}