{"abandoned": 3, "merged": 30, "new": 4, "pending": 4, "review_time_days_avg": 49.0431875, "review_time_days_median": 5.0723, "review_time_pending_days_avg": 80.114066666666659, "review_time_pending_days_median": 86.510999999999996, "review_time_pending_update_days_avg": 78.592233333333326, "review_time_pending_update_days_median": 86.510599999999997, "submitted": 37}