{"ReviewsWaitingForReviewer": 314, "abandoned": 1531, "merged": 12247, "new": 542, "pending": 542, "review_time_days_avg": 14.200994820442022, "review_time_days_median": 0.8249500000000001, "review_time_pending_ReviewsWaitingForReviewer_days_avg": 99.424516254417028, "review_time_pending_ReviewsWaitingForReviewer_days_median": 51.357900000000001, "review_time_pending_days_avg": 118.16183628509714, "review_time_pending_days_median": 73.692899999999995, "review_time_pending_update_ReviewsWaitingForReviewer_days_avg": 54.009665371024724, "review_time_pending_update_ReviewsWaitingForReviewer_days_median": 22.377800000000001, "review_time_pending_update_days_avg": 66.972526997840205, "review_time_pending_update_days_median": 32.650100000000002, "submitted": 14320}