{"ReviewsWaitingForReviewer": 0, "abandoned": 32, "merged": 415, "new": 4, "pending": 4, "review_time_days_avg": 3.463782608695652, "review_time_days_median": 0.7023, "review_time_pending_days_avg": 255.3885333333333, "review_time_pending_days_median": 269.72859999999997, "review_time_pending_update_days_avg": 135.37279999999998, "review_time_pending_update_days_median": 85.034499999999994, "submitted": 451}