{"abandoned": 28, "merged": 274, "new": 12, "pending": 12, "review_time_days_avg": 4.388174603174603, "review_time_days_median": 0.468, "review_time_pending_days_avg": 17.353541666666665, "review_time_pending_days_median": 17.606749999999998, "review_time_pending_update_days_avg": 13.481258333333335, "review_time_pending_update_days_median": 12.47775, "submitted": 314}