{"ReviewsWaitingForReviewer": 2, "abandoned": 4, "merged": 82, "new": 3, "pending": 3, "review_time_days_avg": 1.1069285714285713, "review_time_days_median": 0.1798, "review_time_pending_days_avg": 3.1095000000000002, "review_time_pending_days_median": 3.1095000000000002, "review_time_pending_update_days_avg": 2.9984333333333333, "review_time_pending_update_days_median": 3.1093999999999999, "submitted": 89}