{"abandoned": 40, "merged": 236, "new": 11, "pending": 11, "review_time_days_avg": 16.557579104477615, "review_time_days_median": 1.7655, "review_time_pending_days_avg": 106.89823333333334, "review_time_pending_days_median": 79.208799999999997, "review_time_pending_update_days_avg": 78.232522222222229, "review_time_pending_update_days_median": 45.351399999999998, "submitted": 287}