{"abandoned": 13, "merged": 351, "new": 8, "pending": 8, "review_time_days_avg": 12.141674157303376, "review_time_days_median": 1.2061, "review_time_pending_days_avg": 107.03550000000001, "review_time_pending_days_median": 94.182199999999995, "review_time_pending_update_days_avg": 78.12326250000001, "review_time_pending_update_days_median": 89.392349999999993, "submitted": 372}