{"ReviewsWaitingForReviewer": 10, "abandoned": 45, "merged": 495, "new": 17, "pending": 17, "review_time_days_avg": 9.475422058823531, "review_time_days_median": 2.1534500000000003, "review_time_pending_days_avg": 203.93120000000005, "review_time_pending_days_median": 201.07810000000001, "review_time_pending_update_days_avg": 134.75539333333336, "review_time_pending_update_days_median": 149.24879999999999, "submitted": 557}