{"abandoned": 13, "merged": 184, "new": 8, "pending": 8, "review_time_days_avg": 7.385103092783504, "review_time_days_median": 2.0425, "review_time_pending_days_avg": 21.489137499999995, "review_time_pending_days_median": 15.71115, "review_time_pending_update_days_avg": 13.713950000000001, "review_time_pending_update_days_median": 3.0875499999999998, "submitted": 205}