{"abandoned": 4, "merged": 67, "new": 2, "pending": 2, "review_time_days_avg": 6.605842857142856, "review_time_days_median": 0.20415, "review_time_pending_days_avg": 2.7667999999999999, "review_time_pending_days_median": 2.7667999999999999, "review_time_pending_update_days_avg": 2.6886000000000001, "review_time_pending_update_days_median": 2.6886000000000001, "submitted": 73}