{"ReviewsWaitingForReviewer": 1, "abandoned": 6, "merged": 117, "new": 2, "pending": 2, "review_time_days_avg": 11.395201851851848, "review_time_days_median": 0.44565, "review_time_pending_days_avg": 80.578299999999999, "review_time_pending_days_median": 80.578299999999999, "review_time_pending_update_days_avg": 43.010199999999998, "review_time_pending_update_days_median": 43.010199999999998, "submitted": 125}