{"abandoned": 2, "merged": 9, "new": 2, "pending": 2, "review_time_days_avg": 0.900025, "review_time_days_median": 0.54445, "review_time_pending_days_avg": 3.6107500000000003, "review_time_pending_days_median": 3.6107500000000003, "review_time_pending_update_days_avg": 1.0302500000000001, "review_time_pending_update_days_median": 1.0302500000000001, "submitted": 13}