{"abandoned": 13, "merged": 135, "new": 1, "pending": 1, "review_time_days_avg": 35.44305531914894, "review_time_days_median": 3.221, "review_time_pending_days_avg": 3.3172000000000001, "review_time_pending_days_median": 3.3172000000000001, "review_time_pending_update_days_avg": 2.5861999999999998, "review_time_pending_update_days_median": 2.5861999999999998, "submitted": 149}