{"abandoned": 9, "merged": 181, "new": 1, "pending": 1, "review_time_days_avg": 3.038140229885058, "review_time_days_median": 0.7737, "review_time_pending_days_avg": 20.275700000000001, "review_time_pending_days_median": 20.275700000000001, "review_time_pending_update_days_avg": 7.2462999999999997, "review_time_pending_update_days_median": 7.2462999999999997, "submitted": 191}