{"abandoned": 7, "merged": 49, "new": 1, "pending": 1, "review_time_days_avg": 0.9707800000000001, "review_time_days_median": 0.2473, "review_time_pending_days_avg": 131.87350000000001, "review_time_pending_days_median": 131.87350000000001, "review_time_pending_update_days_avg": 94.901799999999994, "review_time_pending_update_days_median": 94.901799999999994, "submitted": 57}