{"abandoned": 23, "merged": 255, "new": 7, "pending": 7, "review_time_days_avg": 4.903205769230769, "review_time_days_median": 0.45775, "review_time_pending_days_avg": 15.425014285714285, "review_time_pending_days_median": 9.6590000000000007, "review_time_pending_update_days_avg": 4.8049285714285714, "review_time_pending_update_days_median": 5.5843999999999996, "submitted": 285}