{"abandoned": 8, "merged": 32, "new": 8, "pending": 8, "review_time_days_avg": 6.36849375, "review_time_days_median": 0.56165, "review_time_pending_days_avg": 66.47778000000001, "review_time_pending_days_median": 38.722299999999997, "review_time_pending_update_days_avg": 58.072160000000011, "review_time_pending_update_days_median": 38.527200000000001, "submitted": 48}