{"abandoned": 41, "merged": 499, "new": 8, "pending": 8, "review_time_days_avg": 5.829668325791858, "review_time_days_median": 0.4861, "review_time_pending_days_avg": 103.79848750000001, "review_time_pending_days_median": 92.612349999999992, "review_time_pending_update_days_avg": 89.410874999999976, "review_time_pending_update_days_median": 75.880499999999998, "submitted": 548}