{"abandoned": 5, "merged": 178, "new": 9, "pending": 9, "review_time_days_avg": 35.23437142857143, "review_time_days_median": 17.0082, "review_time_pending_days_avg": 209.33133333333333, "review_time_pending_days_median": 210.8262, "review_time_pending_update_days_avg": 170.51174999999998, "review_time_pending_update_days_median": 105.24879999999999, "submitted": 192}