{"abandoned": 12, "merged": 81, "new": 9, "pending": 9, "review_time_days_avg": 16.157209523809527, "review_time_days_median": 3.2898, "review_time_pending_days_avg": 130.95115555555557, "review_time_pending_days_median": 123.40130000000001, "review_time_pending_update_days_avg": 67.479811111111104, "review_time_pending_update_days_median": 35.702599999999997, "submitted": 102}