{"abandoned": 142, "merged": 848, "new": 9, "pending": 9, "review_time_days_avg": 12.24398225806452, "review_time_days_median": 0.25855, "review_time_pending_days_avg": 229.72444285714286, "review_time_pending_days_median": 255.05330000000001, "review_time_pending_update_days_avg": 97.332628571428572, "review_time_pending_update_days_median": 107.5945, "submitted": 999}