{"abandoned": 42, "merged": 240, "new": 15, "pending": 15, "review_time_days_avg": 15.718307042253523, "review_time_days_median": 1.3667, "review_time_pending_days_avg": 82.860907692307677, "review_time_pending_days_median": 45.430700000000002, "review_time_pending_update_days_avg": 52.066346153846162, "review_time_pending_update_days_median": 16.769200000000001, "submitted": 297}