{"abandoned": 73, "merged": 740, "new": 26, "pending": 26, "review_time_days_avg": 4.7362728499156805, "review_time_days_median": 0.7549, "review_time_pending_days_avg": 78.575969230769232, "review_time_pending_days_median": 44.937950000000001, "review_time_pending_update_days_avg": 48.50369615384615, "review_time_pending_update_days_median": 6.7446999999999999, "submitted": 839}