{"abandoned": 3, "merged": 27, "new": 1, "pending": 1, "review_time_days_avg": 5.2354199999999995, "review_time_days_median": 0.3146, "review_time_pending_days_avg": 40.457700000000003, "review_time_pending_days_median": 40.457700000000003, "review_time_pending_update_days_avg": 20.706499999999998, "review_time_pending_update_days_median": 20.706499999999998, "submitted": 31}