{"ReviewsWaitingForReviewer": 0, "abandoned": 6, "merged": 41, "new": 1, "pending": 1, "review_time_days_avg": 6.8358550000000005, "review_time_days_median": 0.2374, "review_time_pending_days_avg": 142.33420000000001, "review_time_pending_days_median": 142.33420000000001, "review_time_pending_update_days_avg": 113.81570000000001, "review_time_pending_update_days_median": 113.81570000000001, "submitted": 48}