{"abandoned": 1371, "merged": 11023, "new": 465, "pending": 465, "review_time_days_avg": 14.604045747194354, "review_time_days_median": 0.9116500000000001, "review_time_pending_days_avg": 114.50210216216233, "review_time_pending_days_median": 78.74815000000001, "review_time_pending_update_days_avg": 66.885605945945954, "review_time_pending_update_days_median": 36.680700000000002, "submitted": 12859}