{"ReviewsWaitingForReviewer": 98, "abandoned": 940, "merged": 13783, "new": 134, "pending": 134, "review_time_days_avg": 7.566013116591929, "review_time_days_median": 0.41774999999999995, "review_time_pending_ReviewsWaitingForReviewer_days_avg": 58.88356875000003, "review_time_pending_ReviewsWaitingForReviewer_days_median": 32.045299999999997, "review_time_pending_days_avg": 64.454550400000031, "review_time_pending_days_median": 37.666899999999998, "review_time_pending_update_ReviewsWaitingForReviewer_days_avg": 30.053403124999999, "review_time_pending_update_ReviewsWaitingForReviewer_days_median": 17.671600000000002, "review_time_pending_update_days_avg": 34.745542400000005, "review_time_pending_update_days_median": 17.729399999999998, "submitted": 14857}