{"abandoned": 3, "merged": 20, "new": 1, "pending": 1, "review_time_days_avg": 4.1117875, "review_time_days_median": 1.5213, "review_time_pending_days_avg": 8.2536000000000005, "review_time_pending_days_median": 8.2536000000000005, "review_time_pending_update_days_avg": 8.2535000000000007, "review_time_pending_update_days_median": 8.2535000000000007, "submitted": 24}