{"abandoned": 917, "merged": 13424, "new": 137, "pending": 137, "review_time_days_avg": 7.302159821428571, "review_time_days_median": 0.4143, "review_time_pending_days_avg": 62.525076562499962, "review_time_pending_days_median": 35.612650000000002, "review_time_pending_update_days_avg": 31.868678124999999, "review_time_pending_update_days_median": 11.61585, "submitted": 14478}