{"abandoned": 41, "merged": 236, "new": 10, "pending": 10, "review_time_days_avg": 16.557579104477615, "review_time_days_median": 1.7655, "review_time_pending_days_avg": 113.7618875, "review_time_pending_days_median": 101.64615000000001, "review_time_pending_update_days_avg": 64.234524999999991, "review_time_pending_update_days_median": 37.387900000000002, "submitted": 287}