{"abandoned": 35, "merged": 252, "new": 6, "pending": 6, "review_time_days_avg": 5.789846052631582, "review_time_days_median": 0.50535, "review_time_pending_days_avg": 86.684466666666665, "review_time_pending_days_median": 61.495449999999998, "review_time_pending_update_days_avg": 82.115600000000015, "review_time_pending_update_days_median": 60.442099999999996, "submitted": 293}