{"abandoned": 3, "merged": 28, "new": 5, "pending": 5, "review_time_days_avg": 21.738122222222223, "review_time_days_median": 1.8928, "review_time_pending_days_avg": 27.025124999999999, "review_time_pending_days_median": 9.9412000000000003, "review_time_pending_update_days_avg": 26.981774999999999, "review_time_pending_update_days_median": 9.8545499999999997, "submitted": 36}