{"abandoned": 5, "merged": 95, "new": 5, "pending": 5, "review_time_days_avg": 2.8298625, "review_time_days_median": 0.66905, "review_time_pending_days_avg": 102.87829999999998, "review_time_pending_days_median": 108.96299999999999, "review_time_pending_update_days_avg": 71.534900000000007, "review_time_pending_update_days_median": 68.061849999999993, "submitted": 105}