{"WaitingForSubmitter": 2, "abandoned": 3, "merged": 27, "new": 2, "pending": 2, "review_time_days_avg": 5.2354199999999995, "review_time_days_median": 0.3146, "review_time_pending_days_avg": 39.327849999999998, "review_time_pending_days_median": 39.327849999999998, "review_time_pending_update_days_avg": 12.215200000000001, "review_time_pending_update_days_median": 12.215200000000001, "submitted": 32}