{"abandoned": 72, "merged": 391, "new": 39, "pending": 39, "review_time_days_avg": 17.776537179487175, "review_time_days_median": 1.36415, "review_time_pending_days_avg": 215.73333333333332, "review_time_pending_days_median": 206.26139999999998, "review_time_pending_update_days_avg": 176.94537499999998, "review_time_pending_update_days_median": 198.70769999999999, "submitted": 502}