{"abandoned": 10, "merged": 105, "new": 2, "pending": 2, "review_time_days_avg": 4.041350537634408, "review_time_days_median": 1.1688, "review_time_pending_days_avg": 13.399100000000001, "review_time_pending_days_median": 13.399100000000001, "review_time_pending_update_days_avg": 3.7186000000000003, "review_time_pending_update_days_median": 3.7186000000000003, "submitted": 117}