{"abandoned": 4, "merged": 33, "new": 2, "pending": 2, "review_time_days_avg": 2.0477217391304348, "review_time_days_median": 0.5118, "review_time_pending_days_avg": 97.969999999999999, "review_time_pending_days_median": 97.969999999999999, "review_time_pending_update_days_avg": 36.029400000000003, "review_time_pending_update_days_median": 36.029400000000003, "submitted": 39}