{"abandoned": 1, "merged": 9, "new": 2, "pending": 2, "review_time_days_avg": 0.40785000000000005, "review_time_days_median": 0.40785000000000005, "review_time_pending_days_avg": 40.955800000000004, "review_time_pending_days_median": 40.955800000000004, "review_time_pending_update_days_avg": 40.955399999999997, "review_time_pending_update_days_median": 40.955399999999997, "submitted": 12}