{"abandoned": 6, "merged": 57, "new": 11, "pending": 11, "review_time_days_avg": 12.636638461538464, "review_time_days_median": 5.91535, "review_time_pending_days_avg": 99.983028571428576, "review_time_pending_days_median": 6.4036, "review_time_pending_update_days_avg": 45.581099999999992, "review_time_pending_update_days_median": 6.2736999999999998, "submitted": 74}