{"abandoned": 4, "merged": 12, "new": 2, "pending": 2, "review_time_days_avg": 59.5884, "review_time_days_median": 59.5884, "review_time_pending_days_avg": 334.65179999999998, "review_time_pending_days_median": 334.65179999999998, "review_time_pending_update_days_avg": 334.65179999999998, "review_time_pending_update_days_median": 334.65179999999998, "submitted": 18}