{"ReviewsWaitingForReviewer": 113, "abandoned": 933, "merged": 13545, "new": 148, "pending": 148, "review_time_days_avg": 7.4217276707530635, "review_time_days_median": 0.4111, "review_time_pending_days_avg": 52.953602158273362, "review_time_pending_days_median": 28.547799999999999, "review_time_pending_update_days_avg": 25.03897841726619, "review_time_pending_update_days_median": 9.7909000000000006, "submitted": 14626}