{"abandoned": 14, "merged": 239, "new": 1, "pending": 1, "review_time_days_avg": 7.455222388059699, "review_time_days_median": 0.759, "review_time_pending_days_avg": 320.20170000000002, "review_time_pending_days_median": 320.20170000000002, "review_time_pending_update_days_avg": 293.32369999999997, "review_time_pending_update_days_median": 293.32369999999997, "submitted": 254}