{"abandoned": 32, "merged": 411, "new": 4, "pending": 4, "review_time_days_avg": 3.963619999999999, "review_time_days_median": 0.8617999999999999, "review_time_pending_days_avg": 226.49533333333332, "review_time_pending_days_median": 240.83539999999999, "review_time_pending_update_days_avg": 113.18523333333333, "review_time_pending_update_days_median": 56.141300000000001, "submitted": 447}