{"abandoned": 29, "merged": 355, "new": 15, "pending": 15, "review_time_days_avg": 4.240970186335405, "review_time_days_median": 0.1321, "review_time_pending_days_avg": 115.75189333333333, "review_time_pending_days_median": 114.1964, "review_time_pending_update_days_avg": 58.555913333333329, "review_time_pending_update_days_median": 58.513199999999998, "submitted": 399}