{"abandoned": 20, "merged": 481, "new": 3, "pending": 3, "review_time_days_avg": 1.2842238979118323, "review_time_days_median": 0.1279, "review_time_pending_days_avg": 18.191166666666664, "review_time_pending_days_median": 0.56759999999999999, "review_time_pending_update_days_avg": 15.465466666666666, "review_time_pending_update_days_median": 0.36930000000000002, "submitted": 504}