{"ReviewsWaitingForReviewer": 15, "abandoned": 234, "merged": 3310, "new": 30, "pending": 30, "review_time_days_avg": 3.001080074986606, "review_time_days_median": 0.23, "review_time_pending_days_avg": 89.262836666666672, "review_time_pending_days_median": 35.373400000000004, "review_time_pending_update_days_avg": 41.164613333333321, "review_time_pending_update_days_median": 9.9568499999999993, "submitted": 3574}