{"abandoned": 1421, "merged": 11457, "new": 470, "pending": 470, "review_time_days_avg": 14.136695137590172, "review_time_days_median": 0.8197, "review_time_pending_days_avg": 119.7657513089006, "review_time_pending_days_median": 85.235399999999998, "review_time_pending_update_days_avg": 65.770147120418699, "review_time_pending_update_days_median": 29.672450000000001, "submitted": 13348}