{"abandoned": 28, "merged": 272, "new": 11, "pending": 11, "review_time_days_avg": 4.501862295081967, "review_time_days_median": 0.468, "review_time_pending_days_avg": 14.035290909090907, "review_time_pending_days_median": 12.753399999999999, "review_time_pending_update_days_avg": 10.278736363636362, "review_time_pending_update_days_median": 7.6097999999999999, "submitted": 311}