{"abandoned": 326, "merged": 3833, "new": 50, "pending": 50, "review_time_days_avg": 5.246245240893071, "review_time_days_median": 0.7598, "review_time_pending_days_avg": 51.251722448979578, "review_time_pending_days_median": 11.9468, "review_time_pending_update_days_avg": 27.721579591836729, "review_time_pending_update_days_median": 6.0373999999999999, "submitted": 4209}