{"ReviewsWaitingForReviewer": 4, "abandoned": 45, "merged": 460, "new": 25, "pending": 25, "review_time_days_avg": 3.271507435897437, "review_time_days_median": 0.9443999999999999, "review_time_pending_days_avg": 55.219487999999991, "review_time_pending_days_median": 40.047199999999997, "review_time_pending_update_days_avg": 41.852724000000009, "review_time_pending_update_days_median": 31.9909, "submitted": 530}