{"abandoned": 65, "merged": 1026, "new": 9, "pending": 9, "review_time_days_avg": 2.3139832781456944, "review_time_days_median": 0.17695, "review_time_pending_days_avg": 95.053233333333338, "review_time_pending_days_median": 51.622799999999998, "review_time_pending_update_days_avg": 38.342977777777783, "review_time_pending_update_days_median": 35.5503, "submitted": 1100}