{"abandoned": 154, "merged": 1706, "new": 18, "pending": 18, "review_time_days_avg": 3.287243377483442, "review_time_days_median": 0.14015, "review_time_pending_days_avg": 195.42818181818183, "review_time_pending_days_median": 189.67500000000001, "review_time_pending_update_days_avg": 147.29428181818182, "review_time_pending_update_days_median": 136.3921, "submitted": 1878}