{"abandoned": 69, "merged": 388, "new": 42, "pending": 42, "review_time_days_avg": 17.949035294117643, "review_time_days_median": 1.3241, "review_time_pending_days_avg": 204.69593846153845, "review_time_pending_days_median": 185.37995000000001, "review_time_pending_update_days_avg": 166.3695269230769, "review_time_pending_update_days_median": 177.80610000000001, "submitted": 499}