{"abandoned": 5, "merged": 178, "new": 9, "pending": 9, "review_time_days_avg": 35.23437142857143, "review_time_days_median": 17.0082, "review_time_pending_days_avg": 184.27978333333331, "review_time_pending_days_median": 185.77465000000001, "review_time_pending_update_days_avg": 145.46021666666667, "review_time_pending_update_days_median": 80.197299999999998, "submitted": 192}