{"ReviewsWaitingForReviewer": 258, "abandoned": 1442, "merged": 11603, "new": 475, "pending": 475, "review_time_days_avg": 14.157125239948128, "review_time_days_median": 0.8235, "review_time_pending_days_avg": 121.67635607235144, "review_time_pending_days_median": 89.439400000000006, "review_time_pending_update_days_avg": 67.000418604651074, "review_time_pending_update_days_median": 29.494199999999999, "submitted": 13520}