{"ReviewsWaitingForReviewer": 8, "abandoned": 28, "merged": 277, "new": 9, "pending": 9, "review_time_days_avg": 4.976098484848485, "review_time_days_median": 0.5743499999999999, "review_time_pending_days_avg": 20.801044444444443, "review_time_pending_days_median": 20.748999999999999, "review_time_pending_update_days_avg": 20.113455555555557, "review_time_pending_update_days_median": 20.5928, "submitted": 314}