{"abandoned": 13, "merged": 186, "new": 7, "pending": 7, "review_time_days_avg": 7.456183673469387, "review_time_days_median": 2.0909, "review_time_pending_days_avg": 25.693657142857145, "review_time_pending_days_median": 21.628499999999999, "review_time_pending_update_days_avg": 16.63824285714286, "review_time_pending_update_days_median": 3.1469999999999998, "submitted": 206}