{"WaitingForSubmitter": 83, "abandoned": 917, "merged": 13424, "new": 138, "pending": 138, "review_time_days_avg": 7.302159821428571, "review_time_days_median": 0.4143, "review_time_pending_days_avg": 63.44694883720932, "review_time_pending_days_median": 36.497399999999999, "review_time_pending_update_days_avg": 33.017727906976724, "review_time_pending_update_days_median": 13.025, "submitted": 14479}