{"abandoned": 32, "merged": 415, "new": 4, "pending": 4, "review_time_days_avg": 3.463782608695652, "review_time_days_median": 0.7023, "review_time_pending_days_avg": 250.35803333333334, "review_time_pending_days_median": 264.69810000000001, "review_time_pending_update_days_avg": 130.34226666666666, "review_time_pending_update_days_median": 80.004000000000005, "submitted": 451}