{"abandoned": 882, "merged": 13062, "new": 153, "pending": 153, "review_time_days_avg": 6.9058758708043095, "review_time_days_median": 0.3818, "review_time_pending_days_avg": 58.144767132867166, "review_time_pending_days_median": 23.8644, "review_time_pending_update_days_avg": 32.510293006993017, "review_time_pending_update_days_median": 11.672499999999999, "submitted": 14097}