{"abandoned": 5, "merged": 34, "new": 3, "pending": 3, "review_time_days_avg": 11.482642857142858, "review_time_days_median": 0.0842, "review_time_pending_days_avg": 184.93716666666668, "review_time_pending_days_median": 180.18889999999999, "review_time_pending_update_days_avg": 89.501566666666676, "review_time_pending_update_days_median": 47.404400000000003, "submitted": 42}