{"ReviewsWaitingForReviewer": 0, "abandoned": 24, "merged": 351, "new": 2, "pending": 2, "review_time_days_avg": 1.5167222222222216, "review_time_days_median": 0.2039, "review_time_pending_days_avg": 65.536550000000005, "review_time_pending_days_median": 65.536550000000005, "review_time_pending_update_days_avg": 4.9378000000000002, "review_time_pending_update_days_median": 4.9378000000000002, "submitted": 377}