{"abandoned": 1370, "merged": 11006, "new": 452, "pending": 452, "review_time_days_avg": 14.613661003861026, "review_time_days_median": 0.9149, "review_time_pending_days_avg": 116.82300614525143, "review_time_pending_days_median": 80.900099999999995, "review_time_pending_update_days_avg": 67.755550000000056, "review_time_pending_update_days_median": 37.937399999999997, "submitted": 12828}