{"ReviewsWaitingForReviewer": 1, "abandoned": 8, "merged": 68, "new": 2, "pending": 2, "review_time_days_avg": 10.30241636363636, "review_time_days_median": 2.1879, "review_time_pending_days_avg": 64.472450000000009, "review_time_pending_days_median": 64.472450000000009, "review_time_pending_update_days_avg": 62.511450000000004, "review_time_pending_update_days_median": 62.511450000000004, "submitted": 78}