{"ReviewsWaitingForReviewer": 14, "abandoned": 29, "merged": 370, "new": 17, "pending": 17, "review_time_days_avg": 4.185537058823531, "review_time_days_median": 0.17149999999999999, "review_time_pending_days_avg": 108.06765294117648, "review_time_pending_days_median": 110.0787, "review_time_pending_update_days_avg": 55.20559411764706, "review_time_pending_update_days_median": 41.585900000000002, "submitted": 416}