{"abandoned": 14, "merged": 239, "new": 1, "pending": 1, "review_time_days_avg": 7.455222388059699, "review_time_days_median": 0.759, "review_time_pending_days_avg": 292.19060000000002, "review_time_pending_days_median": 292.19060000000002, "review_time_pending_update_days_avg": 265.31259999999997, "review_time_pending_update_days_median": 265.31259999999997, "submitted": 254}