{"ReviewsWaitingForReviewer": 1, "abandoned": 1, "merged": 18, "new": 1, "pending": 1, "review_time_days_avg": 45.30188571428571, "review_time_days_median": 9.3586, "review_time_pending_days_avg": 5.1573000000000002, "review_time_pending_days_median": 5.1573000000000002, "review_time_pending_update_days_avg": 0.66259999999999997, "review_time_pending_update_days_median": 0.66259999999999997, "submitted": 20}