{"abandoned": 2, "merged": 9, "new": 1, "pending": 1, "review_time_days_avg": 0.900025, "review_time_days_median": 0.54445, "review_time_pending_days_avg": 5.0914999999999999, "review_time_pending_days_median": 5.0914999999999999, "review_time_pending_update_days_avg": 5.0914999999999999, "review_time_pending_update_days_median": 5.0914999999999999, "submitted": 12}