{"ReviewsWaitingForSubmitter": 2, "abandoned": 37, "merged": 286, "new": 6, "pending": 6, "review_time_days_avg": 4.895163829787232, "review_time_days_median": 0.2752, "review_time_pending_days_avg": 175.67941999999999, "review_time_pending_days_median": 184.25210000000001, "review_time_pending_update_days_avg": 175.25785999999999, "review_time_pending_update_days_median": 184.25190000000001, "submitted": 329}