{"WaitingForSubmitter": 3, "abandoned": 142, "merged": 850, "new": 9, "pending": 9, "review_time_days_avg": 11.864507812500003, "review_time_days_median": 0.2517, "review_time_pending_days_avg": 252.16209999999998, "review_time_pending_days_median": 277.49090000000001, "review_time_pending_update_days_avg": 119.77028571428571, "review_time_pending_update_days_median": 130.03219999999999, "submitted": 1001}