{"abandoned": 37, "merged": 474, "new": 8, "pending": 8, "review_time_days_avg": 4.867918571428573, "review_time_days_median": 0.5243, "review_time_pending_days_avg": 111.40499999999999, "review_time_pending_days_median": 126.5164, "review_time_pending_update_days_avg": 85.594262499999999, "review_time_pending_update_days_median": 86.776049999999998, "submitted": 519}