{"abandoned": 20, "merged": 222, "new": 8, "pending": 8, "review_time_days_avg": 16.682841860465114, "review_time_days_median": 0.6839, "review_time_pending_days_avg": 97.817159999999973, "review_time_pending_days_median": 108.01049999999999, "review_time_pending_update_days_avg": 65.169420000000017, "review_time_pending_update_days_median": 86.407700000000006, "submitted": 250}