{"abandoned": 38, "merged": 322, "new": 24, "pending": 24, "review_time_days_avg": 3.901047211895913, "review_time_days_median": 1.098, "review_time_pending_days_avg": 34.596112500000011, "review_time_pending_days_median": 16.747299999999999, "review_time_pending_update_days_avg": 25.184595833333329, "review_time_pending_update_days_median": 16.692499999999999, "submitted": 384}