{"abandoned": 880, "merged": 13020, "new": 151, "pending": 151, "review_time_days_avg": 6.942324474187385, "review_time_days_median": 0.3774, "review_time_pending_days_avg": 58.241782269503595, "review_time_pending_days_median": 24.401399999999999, "review_time_pending_update_days_avg": 32.982778723404245, "review_time_pending_update_days_median": 13.120200000000001, "submitted": 14051}