{"abandoned": 65, "merged": 1024, "new": 9, "pending": 9, "review_time_days_avg": 2.3207696013289025, "review_time_days_median": 0.17695, "review_time_pending_days_avg": 93.083966666666655, "review_time_pending_days_median": 49.653599999999997, "review_time_pending_update_days_avg": 36.373711111111106, "review_time_pending_update_days_median": 33.581000000000003, "submitted": 1098}