{"abandoned": 1, "merged": 27, "new": 2, "pending": 2, "review_time_days_avg": 13.324150000000001, "review_time_days_median": 2.2389, "review_time_pending_days_avg": 108.19119999999999, "review_time_pending_days_median": 108.19119999999999, "review_time_pending_update_days_avg": 88.986999999999995, "review_time_pending_update_days_median": 88.986999999999995, "submitted": 30}