{"abandoned": 28, "merged": 274, "new": 12, "pending": 12, "review_time_days_avg": 4.388174603174603, "review_time_days_median": 0.468, "review_time_pending_days_avg": 16.363258333333338, "review_time_pending_days_median": 16.616500000000002, "review_time_pending_update_days_avg": 12.490975000000001, "review_time_pending_update_days_median": 11.487449999999999, "submitted": 314}