{"abandoned": 356, "merged": 3246, "new": 21, "pending": 21, "review_time_days_avg": 3.113670432868675, "review_time_days_median": 0.7875, "review_time_pending_days_avg": 23.441657142857139, "review_time_pending_days_median": 11.4217, "review_time_pending_update_days_avg": 8.0063904761904752, "review_time_pending_update_days_median": 5.2527999999999997, "submitted": 3623}