{"abandoned": 1, "merged": 35, "new": 3, "pending": 3, "review_time_days_avg": 53.03986666666667, "review_time_days_median": 3.9379, "review_time_pending_days_avg": 85.976100000000002, "review_time_pending_days_median": 85.976100000000002, "review_time_pending_update_days_avg": 51.616500000000002, "review_time_pending_update_days_median": 51.616500000000002, "submitted": 39}