{"abandoned": 10, "merged": 76, "new": 10, "pending": 10, "review_time_days_avg": 5.709674666666666, "review_time_days_median": 0.9123, "review_time_pending_days_avg": 69.799700000000001, "review_time_pending_days_median": 50.804400000000001, "review_time_pending_update_days_avg": 50.232010000000017, "review_time_pending_update_days_median": 29.027450000000002, "submitted": 96}