{"ReviewsWaitingForReviewer": 9, "abandoned": 68, "merged": 1040, "new": 11, "pending": 11, "review_time_days_avg": 2.308577669902912, "review_time_days_median": 0.18180000000000002, "review_time_pending_ReviewsWaitingForReviewer_days_avg": 76.692544444444451, "review_time_pending_ReviewsWaitingForReviewer_days_median": 60.941099999999999, "review_time_pending_days_avg": 97.932309090909087, "review_time_pending_days_median": 60.941099999999999, "review_time_pending_update_ReviewsWaitingForReviewer_days_avg": 51.71444444444446, "review_time_pending_update_ReviewsWaitingForReviewer_days_median": 50.494500000000002, "review_time_pending_update_days_avg": 50.097027272727274, "review_time_pending_update_days_median": 50.494500000000002, "submitted": 1119}