{"ReviewsWaitingForReviewer": 250, "abandoned": 1422, "merged": 11475, "new": 483, "pending": 483, "review_time_days_avg": 14.231512670045351, "review_time_days_median": 0.8217, "review_time_pending_days_avg": 117.97817999999999, "review_time_pending_days_median": 84.326300000000003, "review_time_pending_update_days_avg": 65.843058227848204, "review_time_pending_update_days_median": 28.543399999999998, "submitted": 13380}