{"abandoned": 13, "merged": 168, "new": 14, "pending": 14, "review_time_days_avg": 10.07844255319149, "review_time_days_median": 1.3559999999999999, "review_time_pending_days_avg": 113.06727142857143, "review_time_pending_days_median": 128.20445000000001, "review_time_pending_update_days_avg": 66.316292857142855, "review_time_pending_update_days_median": 64.845949999999988, "submitted": 195}