{"abandoned": 71, "merged": 737, "new": 24, "pending": 24, "review_time_days_avg": 4.750677157360403, "review_time_days_median": 0.7549, "review_time_pending_days_avg": 82.064645833333344, "review_time_pending_days_median": 51.181299999999993, "review_time_pending_update_days_avg": 49.872966666666649, "review_time_pending_update_days_median": 5.7291000000000007, "submitted": 832}