{"abandoned": 65, "merged": 1023, "new": 9, "pending": 9, "review_time_days_avg": 2.3245595673876864, "review_time_days_median": 0.1776, "review_time_pending_days_avg": 91.112055555555543, "review_time_pending_days_median": 47.681699999999999, "review_time_pending_update_days_avg": 34.401811111111115, "review_time_pending_update_days_median": 31.609100000000002, "submitted": 1097}