{"abandoned": 28, "merged": 271, "new": 3, "pending": 3, "review_time_days_avg": 11.450705063291139, "review_time_days_median": 1.8874, "review_time_pending_days_avg": 21.496566666666666, "review_time_pending_days_median": 19.553899999999999, "review_time_pending_update_days_avg": 19.692433333333334, "review_time_pending_update_days_median": 14.153499999999999, "submitted": 302}