{"ReviewsWaitingForReviewer": 270, "abandoned": 1473, "merged": 11870, "new": 503, "pending": 503, "review_time_days_avg": 14.210033275777034, "review_time_days_median": 0.80025, "review_time_pending_ReviewsWaitingForReviewer_days_avg": 98.940065843621355, "review_time_pending_ReviewsWaitingForReviewer_days_median": 48.936799999999998, "review_time_pending_days_avg": 114.22237253012038, "review_time_pending_days_median": 73.728999999999999, "review_time_pending_update_ReviewsWaitingForReviewer_days_avg": 49.809832510288047, "review_time_pending_update_ReviewsWaitingForReviewer_days_median": 21.009599999999999, "review_time_pending_update_days_avg": 62.050874939759083, "review_time_pending_update_days_median": 28.075900000000001, "submitted": 13846}