{"abandoned": 25, "merged": 203, "new": 2, "pending": 2, "review_time_days_avg": 8.36512258064516, "review_time_days_median": 1.3763, "review_time_pending_days_avg": 94.831999999999994, "review_time_pending_days_median": 94.831999999999994, "review_time_pending_update_days_avg": 93.980450000000005, "review_time_pending_update_days_median": 93.980450000000005, "submitted": 230}