{"ReviewsWaitingForReviewer": 3, "abandoned": 18, "merged": 65, "new": 4, "pending": 4, "review_time_days_avg": 7.877903846153847, "review_time_days_median": 1.0230000000000001, "review_time_pending_days_avg": 17.629425000000001, "review_time_pending_days_median": 2.8267000000000002, "review_time_pending_update_days_avg": 3.6267500000000004, "review_time_pending_update_days_median": 2.7404000000000002, "submitted": 87}