{"WaitingForSubmitter": 9, "abandoned": 25, "merged": 202, "new": 9, "pending": 9, "review_time_days_avg": 17.987215909090917, "review_time_days_median": 2.09545, "review_time_pending_days_avg": 170.23216250000002, "review_time_pending_days_median": 200.76509999999999, "review_time_pending_update_days_avg": 123.57667499999998, "review_time_pending_update_days_median": 139.45779999999999, "submitted": 236}