{"abandoned": 917, "merged": 13424, "new": 138, "pending": 138, "review_time_days_avg": 7.302159821428571, "review_time_days_median": 0.4143, "review_time_pending_days_avg": 63.027829457364341, "review_time_pending_days_median": 36.078200000000002, "review_time_pending_update_days_avg": 32.598607751937998, "review_time_pending_update_days_median": 12.6059, "submitted": 14479}