{"abandoned": 88, "merged": 1585, "new": 8, "pending": 8, "review_time_days_avg": 4.582270550847452, "review_time_days_median": 0.28015, "review_time_pending_days_avg": 76.864812500000014, "review_time_pending_days_median": 49.114800000000002, "review_time_pending_update_days_avg": 17.109737499999998, "review_time_pending_update_days_median": 17.224599999999999, "submitted": 1681}