{"abandoned": 9, "merged": 140, "new": 14, "pending": 14, "review_time_days_avg": 9.463226744186045, "review_time_days_median": 0.036449999999999996, "review_time_pending_days_avg": 89.791961538461535, "review_time_pending_days_median": 85.398799999999994, "review_time_pending_update_days_avg": 74.541307692307697, "review_time_pending_update_days_median": 7.3369, "submitted": 163}