{"abandoned": 20, "merged": 222, "new": 8, "pending": 8, "review_time_days_avg": 16.682841860465114, "review_time_days_median": 0.6839, "review_time_pending_days_avg": 100.84855999999999, "review_time_pending_days_median": 111.0419, "review_time_pending_update_days_avg": 67.938119999999998, "review_time_pending_update_days_median": 89.439099999999996, "submitted": 250}