{"abandoned": 115, "merged": 658, "new": 6, "pending": 6, "review_time_days_avg": 2.9147260273972604, "review_time_days_median": 0.364, "review_time_pending_days_avg": 101.14954999999999, "review_time_pending_days_median": 99.219250000000002, "review_time_pending_update_days_avg": 46.020400000000002, "review_time_pending_update_days_median": 53.907600000000002, "submitted": 779}