{"ReviewsWaitingForReviewer": 2, "abandoned": 25, "merged": 206, "new": 3, "pending": 3, "review_time_days_avg": 8.103809374999999, "review_time_days_median": 1.186, "review_time_pending_days_avg": 83.402466666666669, "review_time_pending_days_median": 79.490499999999997, "review_time_pending_update_days_avg": 82.826633333333334, "review_time_pending_update_days_median": 79.490399999999994, "submitted": 234}