{"ReviewsWaitingForReviewer": 2, "abandoned": 90, "merged": 1590, "new": 3, "pending": 3, "review_time_days_avg": 4.702045073375256, "review_time_days_median": 0.2956, "review_time_pending_days_avg": 73.254966666666661, "review_time_pending_days_median": 67.365099999999998, "review_time_pending_update_days_avg": 6.4022333333333323, "review_time_pending_update_days_median": 8.7410999999999994, "submitted": 1683}