{"ReviewsWaitingForReviewer": 4, "abandoned": 6, "merged": 59, "new": 11, "pending": 11, "review_time_days_avg": 12.65417777777778, "review_time_days_median": 5.9316, "review_time_pending_days_avg": 132.98645714285712, "review_time_pending_days_median": 39.406999999999996, "review_time_pending_update_days_avg": 70.142728571428563, "review_time_pending_update_days_median": 39.277099999999997, "submitted": 76}