{"WaitingForSubmitter": 21, "abandoned": 42, "merged": 241, "new": 14, "pending": 14, "review_time_days_avg": 15.52249722222222, "review_time_days_median": 1.49335, "review_time_pending_days_avg": 94.921599999999998, "review_time_pending_days_median": 60.757150000000003, "review_time_pending_update_days_avg": 58.076366666666679, "review_time_pending_update_days_median": 21.514749999999999, "submitted": 297}