{"ReviewsWaitingForReviewer": 2, "abandoned": 21, "merged": 235, "new": 9, "pending": 9, "review_time_days_avg": 15.52345179856115, "review_time_days_median": 0.5764, "review_time_pending_days_avg": 87.899216666666689, "review_time_pending_days_median": 81.292200000000008, "review_time_pending_update_days_avg": 38.894883333333333, "review_time_pending_update_days_median": 15.238700000000001, "submitted": 265}