{"ReviewsWaitingForReviewer": 0, "abandoned": 10, "merged": 80, "new": 2, "pending": 2, "review_time_days_avg": 1.2256880597014925, "review_time_days_median": 0.0999, "review_time_pending_days_avg": 280.64184999999998, "review_time_pending_days_median": 280.64184999999998, "review_time_pending_update_days_avg": 265.08185000000003, "review_time_pending_update_days_median": 265.08185000000003, "submitted": 92}