{"ReviewsWaitingForReviewer": 5, "abandoned": 6, "merged": 15, "new": 6, "pending": 6, "review_time_days_avg": 9.114692307692307, "review_time_days_median": 8.7234, "review_time_pending_days_avg": 42.869933333333336, "review_time_pending_days_median": 40.635249999999999, "review_time_pending_update_days_avg": 15.893566666666667, "review_time_pending_update_days_median": 17.585450000000002, "submitted": 27}