{"abandoned": 25, "merged": 203, "new": 2, "pending": 2, "review_time_days_avg": 8.36512258064516, "review_time_days_median": 1.3763, "review_time_pending_days_avg": 89.877499999999998, "review_time_pending_days_median": 89.877499999999998, "review_time_pending_update_days_avg": 89.025949999999995, "review_time_pending_update_days_median": 89.025949999999995, "submitted": 230}