{"ReviewsWaitingForReviewer": 6, "abandoned": 142, "merged": 850, "new": 9, "pending": 9, "review_time_days_avg": 11.864507812500003, "review_time_days_median": 0.2517, "review_time_pending_days_avg": 259.77102857142864, "review_time_pending_days_median": 285.09989999999999, "review_time_pending_update_days_avg": 127.3792142857143, "review_time_pending_update_days_median": 137.64109999999999, "submitted": 1001}