{"ReviewsWaitingForReviewer": 2, "abandoned": 25, "merged": 206, "new": 3, "pending": 3, "review_time_days_avg": 8.103809374999999, "review_time_days_median": 1.186, "review_time_pending_days_avg": 82.409800000000004, "review_time_pending_days_median": 78.497799999999998, "review_time_pending_update_days_avg": 81.834033333333338, "review_time_pending_update_days_median": 78.497799999999998, "submitted": 234}