{"abandoned": 29, "merged": 348, "new": 15, "pending": 15, "review_time_days_avg": 4.405255844155845, "review_time_days_median": 0.16535, "review_time_pending_days_avg": 110.03834000000001, "review_time_pending_days_median": 108.2158, "review_time_pending_update_days_avg": 53.08870000000001, "review_time_pending_update_days_median": 52.532600000000002, "submitted": 392}