{"abandoned": 32, "merged": 411, "new": 4, "pending": 4, "review_time_days_avg": 3.963619999999999, "review_time_days_median": 0.8617999999999999, "review_time_pending_days_avg": 225.37826666666669, "review_time_pending_days_median": 239.7183, "review_time_pending_update_days_avg": 112.06813333333334, "review_time_pending_update_days_median": 55.0242, "submitted": 447}