{"abandoned": 3, "merged": 27, "new": 2, "pending": 2, "review_time_days_avg": 5.2354199999999995, "review_time_days_median": 0.3146, "review_time_pending_days_avg": 32.928149999999995, "review_time_pending_days_median": 32.928149999999995, "review_time_pending_update_days_avg": 7.8030500000000007, "review_time_pending_update_days_median": 7.8030500000000007, "submitted": 32}