{"ReviewsWaitingForReviewer": 7, "abandoned": 9, "merged": 148, "new": 10, "pending": 10, "review_time_days_avg": 9.103676595744679, "review_time_days_median": 0.048549999999999996, "review_time_pending_days_avg": 142.17864444444444, "review_time_pending_days_median": 130.42580000000001, "review_time_pending_update_days_avg": 120.15039999999999, "review_time_pending_update_days_median": 130.42490000000001, "submitted": 167}