{"ReviewsWaitingForReviewer": 14, "abandoned": 73, "merged": 393, "new": 36, "pending": 36, "review_time_days_avg": 20.250660126582275, "review_time_days_median": 1.4173499999999999, "review_time_pending_days_avg": 225.02585238095236, "review_time_pending_days_median": 215.26499999999999, "review_time_pending_update_days_avg": 160.18356190476192, "review_time_pending_update_days_median": 207.56120000000001, "submitted": 502}