{"abandoned": 0, "merged": 57, "new": 1, "pending": 1, "review_time_days_avg": 12.006977192982456, "review_time_days_median": 10.7847, "review_time_pending_days_avg": 39.743200000000002, "review_time_pending_days_median": 39.743200000000002, "review_time_pending_update_days_avg": 38.409599999999998, "review_time_pending_update_days_median": 38.409599999999998, "submitted": 58}