{"abandoned": 12, "merged": 348, "new": 9, "pending": 9, "review_time_days_avg": 12.141674157303376, "review_time_days_median": 1.2061, "review_time_pending_days_avg": 89.730955555555553, "review_time_pending_days_median": 77.711100000000002, "review_time_pending_update_days_avg": 63.829599999999999, "review_time_pending_update_days_median": 74.6297, "submitted": 369}