{"ReviewsWaitingForReviewer": 0, "abandoned": 0, "merged": 58, "new": 1, "pending": 1, "review_time_days_avg": 11.800036206896552, "review_time_days_median": 10.78395, "review_time_pending_days_avg": 46.757800000000003, "review_time_pending_days_median": 46.757800000000003, "review_time_pending_update_days_avg": 45.424100000000003, "review_time_pending_update_days_median": 45.424100000000003, "submitted": 59}