{"abandoned": 16, "merged": 79, "new": 3, "pending": 3, "review_time_days_avg": 2.0749727272727267, "review_time_days_median": 0.25775000000000003, "review_time_pending_days_avg": 131.2938, "review_time_pending_days_median": 131.2938, "review_time_pending_update_days_avg": 62.478049999999996, "review_time_pending_update_days_median": 62.478049999999996, "submitted": 98}