{"abandoned": 9, "merged": 179, "new": 2, "pending": 2, "review_time_days_avg": 2.9914552325581396, "review_time_days_median": 0.76065, "review_time_pending_days_avg": 5.6251500000000005, "review_time_pending_days_median": 5.6251500000000005, "review_time_pending_update_days_avg": 1.3966500000000002, "review_time_pending_update_days_median": 1.3966500000000002, "submitted": 190}