{"abandoned": 5, "merged": 34, "new": 3, "pending": 3, "review_time_days_avg": 11.482642857142858, "review_time_days_median": 0.0842, "review_time_pending_days_avg": 182.94380000000001, "review_time_pending_days_median": 178.19560000000001, "review_time_pending_update_days_avg": 87.508233333333337, "review_time_pending_update_days_median": 45.411099999999998, "submitted": 42}