{"ReviewsWaitingForReviewer": 6, "abandoned": 25, "merged": 204, "new": 10, "pending": 10, "review_time_days_avg": 17.594350000000006, "review_time_days_median": 1.9997500000000001, "review_time_pending_ReviewsWaitingForReviewer_days_avg": 162.66031666666666, "review_time_pending_ReviewsWaitingForReviewer_days_median": 163.00914999999998, "review_time_pending_days_avg": 185.46029999999999, "review_time_pending_days_median": 221.93440000000001, "review_time_pending_update_ReviewsWaitingForReviewer_days_avg": 114.01001666666666, "review_time_pending_update_ReviewsWaitingForReviewer_days_median": 56.890000000000001, "review_time_pending_update_days_avg": 131.53555555555556, "review_time_pending_update_days_median": 65.850999999999999, "submitted": 239}