{"abandoned": 5, "merged": 34, "new": 5, "pending": 5, "review_time_days_avg": 11.482642857142858, "review_time_days_median": 0.0842, "review_time_pending_days_avg": 131.93722000000002, "review_time_pending_days_median": 72.178299999999993, "review_time_pending_update_days_avg": 74.660399999999996, "review_time_pending_update_days_median": 34.592700000000001, "submitted": 44}