{"ReviewsWaitingForReviewer": 6, "abandoned": 13, "merged": 170, "new": 13, "pending": 13, "review_time_days_avg": 12.212486458333332, "review_time_days_median": 1.4082, "review_time_pending_days_avg": 135.33601538461537, "review_time_pending_days_median": 157.02619999999999, "review_time_pending_update_days_avg": 72.060976923076922, "review_time_pending_update_days_median": 66.760900000000007, "submitted": 196}