{"abandoned": 73, "merged": 742, "new": 39, "pending": 39, "review_time_days_avg": 4.7362728499156805, "review_time_days_median": 0.7549, "review_time_pending_days_avg": 53.891574358974339, "review_time_pending_days_median": 11.500400000000001, "review_time_pending_update_days_avg": 33.437930769230746, "review_time_pending_update_days_median": 4.7176, "submitted": 854}