{"abandoned": 9, "merged": 105, "new": 8, "pending": 8, "review_time_days_avg": 17.868611538461536, "review_time_days_median": 2.69825, "review_time_pending_days_avg": 69.258937499999988, "review_time_pending_days_median": 79.156749999999988, "review_time_pending_update_days_avg": 35.530300000000004, "review_time_pending_update_days_median": 26.015149999999998, "submitted": 122}