{"abandoned": 32, "merged": 415, "new": 4, "pending": 4, "review_time_days_avg": 3.463782608695652, "review_time_days_median": 0.7023, "review_time_pending_days_avg": 246.35803333333334, "review_time_pending_days_median": 260.69810000000001, "review_time_pending_update_days_avg": 126.34226666666666, "review_time_pending_update_days_median": 76.004000000000005, "submitted": 451}