{"ReviewsWaitingForReviewer": 120, "abandoned": 935, "merged": 13606, "new": 159, "pending": 159, "review_time_days_avg": 7.381627552204175, "review_time_days_median": 0.40364999999999995, "review_time_pending_days_avg": 53.626081333333318, "review_time_pending_days_median": 27.67925, "review_time_pending_update_days_avg": 26.750861333333326, "review_time_pending_update_days_median": 9.5579999999999998, "submitted": 14700}