{"ReviewsWaitingForReviewer": 4, "abandoned": 5, "merged": 34, "new": 5, "pending": 5, "review_time_days_avg": 11.482642857142858, "review_time_days_median": 0.0842, "review_time_pending_days_avg": 137.96091999999999, "review_time_pending_days_median": 78.201999999999998, "review_time_pending_update_days_avg": 80.684100000000001, "review_time_pending_update_days_median": 40.616399999999999, "submitted": 44}