{"abandoned": 5, "merged": 81, "new": 15, "pending": 15, "review_time_days_avg": 21.671042857142854, "review_time_days_median": 16.5602, "review_time_pending_days_avg": 101.68768666666666, "review_time_pending_days_median": 109.4074, "review_time_pending_update_days_avg": 50.980040000000002, "review_time_pending_update_days_median": 2.7492999999999999, "submitted": 101}