{"ReviewsWaitingForReviewer": 0, "abandoned": 13, "merged": 135, "new": 1, "pending": 1, "review_time_days_avg": 35.44305531914894, "review_time_days_median": 3.221, "review_time_pending_days_avg": 26.063300000000002, "review_time_pending_days_median": 26.063300000000002, "review_time_pending_update_days_avg": 18.631900000000002, "review_time_pending_update_days_median": 18.631900000000002, "submitted": 149}