{"abandoned": 8, "merged": 142, "new": 15, "pending": 15, "review_time_days_avg": 9.918425423728815, "review_time_days_median": 1.5053, "review_time_pending_days_avg": 151.87280666666663, "review_time_pending_days_median": 230.63990000000001, "review_time_pending_update_days_avg": 138.80604666666665, "review_time_pending_update_days_median": 191.1028, "submitted": 165}