{"ReviewsWaitingForReviewer": 2, "abandoned": 116, "merged": 663, "new": 4, "pending": 4, "review_time_days_avg": 2.986535135135135, "review_time_days_median": 0.3573, "review_time_pending_days_avg": 152.17567500000001, "review_time_pending_days_median": 139.28440000000001, "review_time_pending_update_days_avg": 75.791075000000006, "review_time_pending_update_days_median": 90.474900000000005, "submitted": 783}