{"abandoned": 66, "merged": 691, "new": 26, "pending": 26, "review_time_days_avg": 3.987027927927927, "review_time_days_median": 0.7354, "review_time_pending_days_avg": 83.322934615384597, "review_time_pending_days_median": 42.924149999999997, "review_time_pending_update_days_avg": 60.855980769230761, "review_time_pending_update_days_median": 27.7925, "submitted": 783}