{"abandoned": 57, "merged": 355, "new": 24, "pending": 24, "review_time_days_avg": 4.37064051724138, "review_time_days_median": 0.04875, "review_time_pending_days_avg": 209.80836086956518, "review_time_pending_days_median": 313.24610000000001, "review_time_pending_update_days_avg": 185.6207782608696, "review_time_pending_update_days_median": 197.3244, "submitted": 436}