{"ReviewsWaitingForReviewer": 1, "abandoned": 8, "merged": 53, "new": 1, "pending": 1, "review_time_days_avg": 14.142863157894734, "review_time_days_median": 1.5179, "review_time_pending_days_avg": 61.064999999999998, "review_time_pending_days_median": 61.064999999999998, "review_time_pending_update_days_avg": 8.7234999999999996, "review_time_pending_update_days_median": 8.7234999999999996, "submitted": 62}