{"abandoned": 340, "merged": 3931, "new": 49, "pending": 49, "review_time_days_avg": 5.202852711011738, "review_time_days_median": 0.7698, "review_time_pending_days_avg": 53.737477083333289, "review_time_pending_days_median": 24.9817, "review_time_pending_update_days_avg": 32.031414583333323, "review_time_pending_update_days_median": 9.2404499999999992, "submitted": 4320}