{"abandoned": 5, "merged": 15, "new": 3, "pending": 3, "review_time_days_avg": 16.89115, "review_time_days_median": 0.1613, "review_time_pending_days_avg": 118.10033333333332, "review_time_pending_days_median": 34.042900000000003, "review_time_pending_update_days_avg": 107.66223333333335, "review_time_pending_update_days_median": 20.456199999999999, "submitted": 23}