{"abandoned": 15, "merged": 239, "new": 8, "pending": 8, "review_time_days_avg": 7.288680000000001, "review_time_days_median": 0.6065499999999999, "review_time_pending_days_avg": 181.63768333333334, "review_time_pending_days_median": 214.11574999999999, "review_time_pending_update_days_avg": 137.74341666666666, "review_time_pending_update_days_median": 167.0129, "submitted": 262}