{"abandoned": 4, "merged": 16, "new": 1, "pending": 1, "review_time_days_avg": 31.361812499999996, "review_time_days_median": 4.3705, "review_time_pending_days_avg": 186.07759999999999, "review_time_pending_days_median": 186.07759999999999, "review_time_pending_update_days_avg": 23.546399999999998, "review_time_pending_update_days_median": 23.546399999999998, "submitted": 21}