{"ReviewsWaitingForReviewer": 8, "abandoned": 68, "merged": 1040, "new": 10, "pending": 10, "review_time_days_avg": 2.308577669902912, "review_time_days_median": 0.18180000000000002, "review_time_pending_ReviewsWaitingForReviewer_days_avg": 85.247837500000003, "review_time_pending_ReviewsWaitingForReviewer_days_median": 72.226100000000002, "review_time_pending_days_avg": 106.70109999999997, "review_time_pending_days_median": 72.226100000000002, "review_time_pending_update_ReviewsWaitingForReviewer_days_avg": 57.147712500000011, "review_time_pending_update_ReviewsWaitingForReviewer_days_median": 53.190300000000001, "review_time_pending_update_days_avg": 54.082460000000012, "review_time_pending_update_days_median": 53.190300000000001, "submitted": 1118}