{"abandoned": 3, "merged": 21, "new": 2, "pending": 2, "review_time_days_avg": 22.21178, "review_time_days_median": 8.1056, "review_time_pending_days_avg": 20.290099999999999, "review_time_pending_days_median": 20.290099999999999, "review_time_pending_update_days_avg": 0.87439999999999996, "review_time_pending_update_days_median": 0.87439999999999996, "submitted": 26}