{"ReviewsWaitingForReviewer": 1, "abandoned": 19, "merged": 408, "new": 1, "pending": 1, "review_time_days_avg": 0.8491909090909092, "review_time_days_median": 0.0257, "review_time_pending_days_avg": 20.391500000000001, "review_time_pending_days_median": 20.391500000000001, "review_time_pending_update_days_avg": 9.4588000000000001, "review_time_pending_update_days_median": 9.4588000000000001, "submitted": 428}