{"ReviewsWaitingForReviewer": 2, "abandoned": 116, "merged": 663, "new": 4, "pending": 4, "review_time_days_avg": 2.986535135135135, "review_time_days_median": 0.3573, "review_time_pending_days_avg": 151.17122499999999, "review_time_pending_days_median": 138.27994999999999, "review_time_pending_update_days_avg": 74.786574999999999, "review_time_pending_update_days_median": 89.470399999999998, "submitted": 783}