{"abandoned": 10, "merged": 76, "new": 10, "pending": 10, "review_time_days_avg": 5.709674666666666, "review_time_days_median": 0.9123, "review_time_pending_days_avg": 70.837790000000012, "review_time_pending_days_median": 51.842449999999999, "review_time_pending_update_days_avg": 51.270099999999992, "review_time_pending_update_days_median": 30.065550000000002, "submitted": 96}