{"abandoned": 1, "merged": 35, "new": 2, "pending": 2, "review_time_days_avg": 2.2350393939393935, "review_time_days_median": 0.0209, "review_time_pending_days_avg": 87.739249999999998, "review_time_pending_days_median": 87.739249999999998, "review_time_pending_update_days_avg": 50.769849999999998, "review_time_pending_update_days_median": 50.769849999999998, "submitted": 38}