{"abandoned": 6, "merged": 57, "new": 11, "pending": 11, "review_time_days_avg": 12.636638461538464, "review_time_days_median": 5.91535, "review_time_pending_days_avg": 100.97884285714284, "review_time_pending_days_median": 7.3994, "review_time_pending_update_days_avg": 46.363085714285724, "review_time_pending_update_days_median": 7.2694999999999999, "submitted": 74}