{"abandoned": 37, "merged": 475, "new": 8, "pending": 8, "review_time_days_avg": 5.495066824644552, "review_time_days_median": 0.5287, "review_time_pending_days_avg": 99.336137500000007, "review_time_pending_days_median": 108.4624, "review_time_pending_update_days_avg": 86.228587500000017, "review_time_pending_update_days_median": 91.730549999999994, "submitted": 520}