{"abandoned": 13, "merged": 184, "new": 8, "pending": 8, "review_time_days_avg": 7.385103092783504, "review_time_days_median": 2.0425, "review_time_pending_days_avg": 22.420599999999993, "review_time_pending_days_median": 16.642600000000002, "review_time_pending_update_days_avg": 13.757412499999999, "review_time_pending_update_days_median": 1.6658499999999998, "submitted": 205}