{"abandoned": 39, "merged": 336, "new": 24, "pending": 24, "review_time_days_avg": 3.8158989399293293, "review_time_days_median": 1.1322, "review_time_pending_days_avg": 36.656087499999998, "review_time_pending_days_median": 19.738499999999998, "review_time_pending_update_days_avg": 27.333904166666667, "review_time_pending_update_days_median": 19.683700000000002, "submitted": 399}