{"ReviewsWaitingForReviewer": 10, "abandoned": 45, "merged": 495, "new": 17, "pending": 17, "review_time_days_avg": 9.475422058823531, "review_time_days_median": 2.1534500000000003, "review_time_pending_days_avg": 197.93868666666665, "review_time_pending_days_median": 195.0856, "review_time_pending_update_days_avg": 129.22410666666667, "review_time_pending_update_days_median": 143.25630000000001, "submitted": 557}