{"ReviewsWaitingForReviewer": 21, "abandoned": 340, "merged": 3936, "new": 44, "pending": 44, "review_time_days_avg": 5.2014692178770945, "review_time_days_median": 0.77, "review_time_pending_days_avg": 60.838346511627911, "review_time_pending_days_median": 31.684200000000001, "review_time_pending_update_days_avg": 37.103290697674417, "review_time_pending_update_days_median": 12.847799999999999, "submitted": 4320}