{"ReviewsWaitingForReviewer": 1, "abandoned": 1, "merged": 9, "new": 2, "pending": 2, "review_time_days_avg": 0.40785000000000005, "review_time_days_median": 0.40785000000000005, "review_time_pending_days_avg": 74.960099999999997, "review_time_pending_days_median": 74.960099999999997, "review_time_pending_update_days_avg": 74.959699999999998, "review_time_pending_update_days_median": 74.959699999999998, "submitted": 12}