{"abandoned": 20, "merged": 222, "new": 9, "pending": 9, "review_time_days_avg": 16.682841860465114, "review_time_days_median": 0.6839, "review_time_pending_days_avg": 86.572116666666673, "review_time_pending_days_median": 110.96010000000001, "review_time_pending_update_days_avg": 24.826566666666665, "review_time_pending_update_days_median": 2.6774499999999999, "submitted": 251}