{"ReviewsWaitingForReviewer": 1, "abandoned": 6, "merged": 117, "new": 2, "pending": 2, "review_time_days_avg": 11.395201851851848, "review_time_days_median": 0.44565, "review_time_pending_days_avg": 79.586700000000008, "review_time_pending_days_median": 79.586700000000008, "review_time_pending_update_days_avg": 42.018599999999999, "review_time_pending_update_days_median": 42.018599999999999, "submitted": 125}