{"abandoned": 21, "merged": 234, "new": 10, "pending": 10, "review_time_days_avg": 15.609301449275362, "review_time_days_median": 0.5572, "review_time_pending_days_avg": 71.948928571428567, "review_time_pending_days_median": 26.382899999999999, "review_time_pending_update_days_avg": 30.132842857142855, "review_time_pending_update_days_median": 10.272, "submitted": 265}