{"abandoned": 97, "merged": 1073, "new": 38, "pending": 38, "review_time_days_avg": 4.028347796610173, "review_time_days_median": 0.8547, "review_time_pending_days_avg": 34.191376315789476, "review_time_pending_days_median": 17.371850000000002, "review_time_pending_update_days_avg": 23.117502631578944, "review_time_pending_update_days_median": 9.4984000000000002, "submitted": 1208}