{"abandoned": 13, "merged": 91, "new": 11, "pending": 11, "review_time_days_avg": 11.581561290322584, "review_time_days_median": 0.8298, "review_time_pending_days_avg": 123.19509090909092, "review_time_pending_days_median": 127.0784, "review_time_pending_update_days_avg": 52.400145454545459, "review_time_pending_update_days_median": 15.305999999999999, "submitted": 115}