{"abandoned": 7, "merged": 140, "new": 13, "pending": 13, "review_time_days_avg": 9.891996491228072, "review_time_days_median": 1.5053, "review_time_pending_days_avg": 155.36870769230768, "review_time_pending_days_median": 208.67410000000001, "review_time_pending_update_days_avg": 141.2207153846154, "review_time_pending_update_days_median": 198.87909999999999, "submitted": 160}