{"abandoned": 89, "merged": 985, "new": 39, "pending": 39, "review_time_days_avg": 3.7392548780487824, "review_time_days_median": 0.8569500000000001, "review_time_pending_days_avg": 28.764543589743589, "review_time_pending_days_median": 14.570600000000001, "review_time_pending_update_days_avg": 19.604828205128204, "review_time_pending_update_days_median": 4.6778000000000004, "submitted": 1113}