{"ReviewsWaitingForSubmitter": 3, "abandoned": 41, "merged": 500, "new": 8, "pending": 8, "review_time_days_avg": 5.804113063063067, "review_time_days_median": 0.47655000000000003, "review_time_pending_days_avg": 104.8257375, "review_time_pending_days_median": 93.639649999999989, "review_time_pending_update_days_avg": 90.438137499999996, "review_time_pending_update_days_median": 76.907749999999993, "submitted": 549}