{"abandoned": 35, "merged": 265, "new": 4, "pending": 4, "review_time_days_avg": 5.681546540880502, "review_time_days_median": 0.659, "review_time_pending_days_avg": 83.623874999999998, "review_time_pending_days_median": 72.628600000000006, "review_time_pending_update_days_avg": 81.485900000000001, "review_time_pending_update_days_median": 72.053449999999998, "submitted": 304}