{"ReviewsWaitingForReviewer": 12, "abandoned": 231, "merged": 3276, "new": 33, "pending": 33, "review_time_days_avg": 3.027342437431987, "review_time_days_median": 0.23055, "review_time_pending_days_avg": 79.023796969696988, "review_time_pending_days_median": 28.504799999999999, "review_time_pending_update_days_avg": 35.190615151515132, "review_time_pending_update_days_median": 5.6284000000000001, "submitted": 3540}