{"abandoned": 87, "merged": 1567, "new": 9, "pending": 9, "review_time_days_avg": 4.54252083333333, "review_time_days_median": 0.28015, "review_time_pending_days_avg": 75.987088888888891, "review_time_pending_days_median": 49.509, "review_time_pending_update_days_avg": 28.102555555555554, "review_time_pending_update_days_median": 17.497599999999998, "submitted": 1663}