{"abandoned": 7, "merged": 92, "new": 1, "pending": 1, "review_time_days_avg": 8.929305263157895, "review_time_days_median": 0.5615, "review_time_pending_days_avg": 4.6043000000000003, "review_time_pending_days_median": 4.6043000000000003, "review_time_pending_update_days_avg": 4.5875000000000004, "review_time_pending_update_days_median": 4.5875000000000004, "submitted": 100}