{"ReviewsWaitingForSubmitter": 0, "abandoned": 5, "merged": 178, "new": 9, "pending": 9, "review_time_days_avg": 35.23437142857143, "review_time_days_median": 17.0082, "review_time_pending_days_avg": 213.31856666666667, "review_time_pending_days_median": 214.81344999999999, "review_time_pending_update_days_avg": 174.49898333333331, "review_time_pending_update_days_median": 109.23605000000001, "submitted": 192}