{"abandoned": 28, "merged": 422, "new": 12, "pending": 12, "review_time_days_avg": 4.603866666666664, "review_time_days_median": 0.9374, "review_time_pending_days_avg": 61.297366666666655, "review_time_pending_days_median": 16.571400000000001, "review_time_pending_update_days_avg": 57.594966666666672, "review_time_pending_update_days_median": 4.6630500000000001, "submitted": 462}