{"abandoned": 2, "merged": 22, "new": 3, "pending": 3, "review_time_days_avg": 16.603399999999997, "review_time_days_median": 0.0694, "review_time_pending_days_avg": 333.45359999999999, "review_time_pending_days_median": 333.45359999999999, "review_time_pending_update_days_avg": 220.30905000000001, "review_time_pending_update_days_median": 220.30905000000001, "submitted": 27}