{"abandoned": 10, "merged": 76, "new": 11, "pending": 11, "review_time_days_avg": 5.709674666666666, "review_time_days_median": 0.9123, "review_time_pending_days_avg": 70.662709090909104, "review_time_pending_days_median": 48.668900000000001, "review_time_pending_update_days_avg": 29.369481818181814, "review_time_pending_update_days_median": 17.2239, "submitted": 97}