{"abandoned": 2, "merged": 9, "new": 2, "pending": 2, "review_time_days_avg": 0.900025, "review_time_days_median": 0.54445, "review_time_pending_days_avg": 6.6203000000000003, "review_time_pending_days_median": 6.6203000000000003, "review_time_pending_update_days_avg": 4.0397999999999996, "review_time_pending_update_days_median": 4.0397999999999996, "submitted": 13}