{"abandoned": 35, "merged": 253, "new": 6, "pending": 6, "review_time_days_avg": 5.72196363636364, "review_time_days_median": 0.5255, "review_time_pending_days_avg": 90.689700000000002, "review_time_pending_days_median": 65.500649999999993, "review_time_pending_update_days_avg": 86.120866666666657, "review_time_pending_update_days_median": 64.447400000000002, "submitted": 294}