{"abandoned": 45, "merged": 495, "new": 16, "pending": 16, "review_time_days_avg": 9.475422058823531, "review_time_days_median": 2.1534500000000003, "review_time_pending_days_avg": 205.89532142857141, "review_time_pending_days_median": 194.06830000000002, "review_time_pending_update_days_avg": 132.2727857142857, "review_time_pending_update_days_median": 137.30464999999998, "submitted": 556}