{"abandoned": 69, "merged": 389, "new": 42, "pending": 42, "review_time_days_avg": 17.957912337662332, "review_time_days_median": 1.36415, "review_time_pending_days_avg": 205.83280000000008, "review_time_pending_days_median": 187.22404999999998, "review_time_pending_update_days_avg": 167.85437692307693, "review_time_pending_update_days_median": 179.65019999999998, "submitted": 500}