{"abandoned": 1, "merged": 16, "new": 2, "pending": 2, "review_time_days_avg": 42.580625, "review_time_days_median": 2.7005, "review_time_pending_days_avg": 258.77449999999999, "review_time_pending_days_median": 258.77449999999999, "review_time_pending_update_days_avg": 201.14845000000003, "review_time_pending_update_days_median": 201.14845000000003, "submitted": 19}