{"abandoned": 0, "merged": 57, "new": 1, "pending": 1, "review_time_days_avg": 12.006977192982456, "review_time_days_median": 10.7847, "review_time_pending_days_avg": 17.749300000000002, "review_time_pending_days_median": 17.749300000000002, "review_time_pending_update_days_avg": 16.415600000000001, "review_time_pending_update_days_median": 16.415600000000001, "submitted": 58}