{"abandoned": 59, "merged": 362, "new": 30, "pending": 30, "review_time_days_avg": 4.179177235772358, "review_time_days_median": 0.0666, "review_time_pending_days_avg": 163.48840000000004, "review_time_pending_days_median": 137.71510000000001, "review_time_pending_update_days_avg": 144.94736999999995, "review_time_pending_update_days_median": 104.6314, "submitted": 451}