{"ReviewsWaitingForReviewer": 7, "abandoned": 66, "merged": 1027, "new": 10, "pending": 10, "review_time_days_avg": 2.3104347107438, "review_time_days_median": 0.1763, "review_time_pending_days_avg": 96.036569999999998, "review_time_pending_days_median": 54.627200000000002, "review_time_pending_update_days_avg": 44.896750000000004, "review_time_pending_update_days_median": 46.571849999999998, "submitted": 1103}