{"abandoned": 6, "merged": 63, "new": 3, "pending": 3, "review_time_days_avg": 11.041165999999997, "review_time_days_median": 2.25155, "review_time_pending_days_avg": 30.989566666666665, "review_time_pending_days_median": 12.4132, "review_time_pending_update_days_avg": 26.544733333333337, "review_time_pending_update_days_median": 1.5710999999999999, "submitted": 72}