{"abandoned": 29, "merged": 337, "new": 14, "pending": 14, "review_time_days_avg": 4.398399328859061, "review_time_days_median": 0.1615, "review_time_pending_days_avg": 104.14788571428571, "review_time_pending_days_median": 111.71735000000001, "review_time_pending_update_days_avg": 45.1419, "review_time_pending_update_days_median": 43.205100000000002, "submitted": 380}