{"abandoned": 7, "merged": 141, "new": 13, "pending": 13, "review_time_days_avg": 10.089315517241381, "review_time_days_median": 1.6699000000000002, "review_time_pending_days_avg": 169.77944615384615, "review_time_pending_days_median": 225.67779999999999, "review_time_pending_update_days_avg": 154.70250000000001, "review_time_pending_update_days_median": 215.8828, "submitted": 161}