{"abandoned": 6, "merged": 41, "new": 1, "pending": 1, "review_time_days_avg": 6.8358550000000005, "review_time_days_median": 0.2374, "review_time_pending_days_avg": 136.18860000000001, "review_time_pending_days_median": 136.18860000000001, "review_time_pending_update_days_avg": 107.67010000000001, "review_time_pending_update_days_median": 107.67010000000001, "submitted": 48}