{"abandoned": 3, "merged": 27, "new": 1, "pending": 1, "review_time_days_avg": 5.2354199999999995, "review_time_days_median": 0.3146, "review_time_pending_days_avg": 42.570599999999999, "review_time_pending_days_median": 42.570599999999999, "review_time_pending_update_days_avg": 22.819400000000002, "review_time_pending_update_days_median": 22.819400000000002, "submitted": 31}