{"ReviewsWaitingForReviewer": 10, "abandoned": 45, "merged": 495, "new": 17, "pending": 17, "review_time_days_avg": 9.475422058823531, "review_time_days_median": 2.1534500000000003, "review_time_pending_days_avg": 200.92732666666663, "review_time_pending_days_median": 198.07419999999999, "review_time_pending_update_days_avg": 132.21276666666668, "review_time_pending_update_days_median": 146.2449, "submitted": 557}