{"ReviewsWaitingForReviewer": 6, "abandoned": 48, "merged": 483, "new": 25, "pending": 25, "review_time_days_avg": 3.221836585365855, "review_time_days_median": 0.9291499999999999, "review_time_pending_ReviewsWaitingForReviewer_days_avg": 35.653633333333332, "review_time_pending_ReviewsWaitingForReviewer_days_median": 8.6403499999999998, "review_time_pending_days_avg": 67.635395999999986, "review_time_pending_days_median": 54.064599999999999, "review_time_pending_update_ReviewsWaitingForReviewer_days_avg": 19.656049999999997, "review_time_pending_update_ReviewsWaitingForReviewer_days_median": 7.7302999999999997, "review_time_pending_update_days_avg": 54.230935999999986, "review_time_pending_update_days_median": 46.008299999999998, "submitted": 556}