{"abandoned": 1, "merged": 16, "new": 2, "pending": 2, "review_time_days_avg": 42.580625, "review_time_days_median": 2.7005, "review_time_pending_days_avg": 279.81849999999997, "review_time_pending_days_median": 279.81849999999997, "review_time_pending_update_days_avg": 222.19254999999998, "review_time_pending_update_days_median": 222.19254999999998, "submitted": 19}