{"abandoned": 13, "merged": 186, "new": 7, "pending": 7, "review_time_days_avg": 7.456183673469387, "review_time_days_median": 2.0909, "review_time_pending_days_avg": 27.669028571428566, "review_time_pending_days_median": 23.603899999999999, "review_time_pending_update_days_avg": 18.613642857142857, "review_time_pending_update_days_median": 5.1223999999999998, "submitted": 206}