{"ReviewsWaitingForReviewer": 3, "abandoned": 14, "merged": 205, "new": 4, "pending": 4, "review_time_days_avg": 7.959495145631068, "review_time_days_median": 2.5392, "review_time_pending_days_avg": 36.450375000000001, "review_time_pending_days_median": 26.636299999999999, "review_time_pending_update_days_avg": 10.800975000000001, "review_time_pending_update_days_median": 7.1033000000000008, "submitted": 223}