{"abandoned": 5, "merged": 81, "new": 15, "pending": 15, "review_time_days_avg": 21.671042857142854, "review_time_days_median": 16.5602, "review_time_pending_days_avg": 100.72188666666668, "review_time_pending_days_median": 108.44159999999999, "review_time_pending_update_days_avg": 50.014240000000001, "review_time_pending_update_days_median": 1.7835000000000001, "submitted": 101}