{"abandoned": 9, "merged": 137, "new": 10, "pending": 10, "review_time_days_avg": 9.378842168674696, "review_time_days_median": 0.0286, "review_time_pending_days_avg": 115.95083333333335, "review_time_pending_days_median": 99.371700000000004, "review_time_pending_update_days_avg": 98.130899999999983, "review_time_pending_update_days_median": 99.370800000000003, "submitted": 156}