{"ReviewsWaitingForReviewer": 2, "abandoned": 16, "merged": 82, "new": 3, "pending": 3, "review_time_days_avg": 1.9461679999999995, "review_time_days_median": 0.2097, "review_time_pending_days_avg": 167.30099999999999, "review_time_pending_days_median": 167.30099999999999, "review_time_pending_update_days_avg": 98.485250000000008, "review_time_pending_update_days_median": 98.485250000000008, "submitted": 101}