{"abandoned": 324, "merged": 3786, "new": 43, "pending": 43, "review_time_days_avg": 5.333920627261759, "review_time_days_median": 0.75925, "review_time_pending_days_avg": 54.32279761904762, "review_time_pending_days_median": 12.588200000000001, "review_time_pending_update_days_avg": 28.779045238095257, "review_time_pending_update_days_median": 4.9167500000000004, "submitted": 4153}