{"abandoned": 62, "merged": 373, "new": 28, "pending": 28, "review_time_days_avg": 3.936045522388059, "review_time_days_median": 0.0881, "review_time_pending_days_avg": 178.05711785714288, "review_time_pending_days_median": 153.85225, "review_time_pending_update_days_avg": 158.06552857142856, "review_time_pending_update_days_median": 141.25954999999999, "submitted": 463}