{"WaitingForSubmitter": 3, "abandoned": 15, "merged": 241, "new": 8, "pending": 8, "review_time_days_avg": 6.943295238095239, "review_time_days_median": 0.53175, "review_time_pending_days_avg": 186.98821666666672, "review_time_pending_days_median": 219.46630000000002, "review_time_pending_update_days_avg": 143.09395000000001, "review_time_pending_update_days_median": 172.36340000000001, "submitted": 264}