{"ReviewsWaitingForReviewer": 1, "abandoned": 1, "merged": 63, "new": 2, "pending": 2, "review_time_days_avg": 1.259741176470588, "review_time_days_median": 0.047549999999999995, "review_time_pending_days_avg": 210.79435000000001, "review_time_pending_days_median": 210.79435000000001, "review_time_pending_update_days_avg": 141.54660000000001, "review_time_pending_update_days_median": 141.54660000000001, "submitted": 66}