{"abandoned": 13, "merged": 350, "new": 9, "pending": 9, "review_time_days_avg": 12.141674157303376, "review_time_days_median": 1.2061, "review_time_pending_days_avg": 94.297111111111121, "review_time_pending_days_median": 92.305599999999998, "review_time_pending_update_days_avg": 68.597322222222218, "review_time_pending_update_days_median": 84.492400000000004, "submitted": 372}