{"abandoned": 73, "merged": 740, "new": 25, "pending": 25, "review_time_days_avg": 4.7362728499156805, "review_time_days_median": 0.7549, "review_time_pending_days_avg": 80.711600000000004, "review_time_pending_days_median": 46.630400000000002, "review_time_pending_update_days_avg": 49.638191999999989, "review_time_pending_update_days_median": 6.6604000000000001, "submitted": 838}