{"abandoned": 142, "merged": 847, "new": 9, "pending": 9, "review_time_days_avg": 12.443295081967216, "review_time_days_median": 0.2625, "review_time_pending_days_avg": 227.88034285714284, "review_time_pending_days_median": 253.20920000000001, "review_time_pending_update_days_avg": 95.48854285714286, "review_time_pending_update_days_median": 105.7505, "submitted": 998}