{"ReviewsWaitingForReviewer": 1, "abandoned": 1, "merged": 17, "new": 1, "pending": 1, "review_time_days_avg": 8.153775000000001, "review_time_days_median": 0.3895, "review_time_pending_days_avg": 4.8929999999999998, "review_time_pending_days_median": 4.8929999999999998, "review_time_pending_update_days_avg": 4.8861999999999997, "review_time_pending_update_days_median": 4.8861999999999997, "submitted": 19}