{"abandoned": 65, "merged": 1009, "new": 9, "pending": 9, "review_time_days_avg": 2.3203011925042576, "review_time_days_median": 0.18, "review_time_pending_days_avg": 74.578699999999998, "review_time_pending_days_median": 28.750499999999999, "review_time_pending_update_days_avg": 23.953611111111108, "review_time_pending_update_days_median": 16.189299999999999, "submitted": 1083}