{"abandoned": 7, "merged": 86, "new": 21, "pending": 21, "review_time_days_avg": 30.12673636363636, "review_time_days_median": 16.6364, "review_time_pending_days_avg": 53.029004761904766, "review_time_pending_days_median": 9.6425999999999998, "review_time_pending_update_days_avg": 22.233104761904766, "review_time_pending_update_days_median": 9.6187000000000005, "submitted": 114}