{"abandoned": 10, "merged": 105, "new": 2, "pending": 2, "review_time_days_avg": 4.041350537634408, "review_time_days_median": 1.1688, "review_time_pending_days_avg": 12.408800000000001, "review_time_pending_days_median": 12.408800000000001, "review_time_pending_update_days_avg": 2.7282999999999999, "review_time_pending_update_days_median": 2.7282999999999999, "submitted": 117}