{"abandoned": 38, "merged": 325, "new": 27, "pending": 27, "review_time_days_avg": 3.8947533088235313, "review_time_days_median": 1.09155, "review_time_pending_days_avg": 32.59376296296297, "review_time_pending_days_median": 14.373100000000001, "review_time_pending_update_days_avg": 24.132674074074082, "review_time_pending_update_days_median": 8.1293000000000006, "submitted": 390}