{"ReviewsWaitingForReviewer": 1, "abandoned": 8, "merged": 53, "new": 1, "pending": 1, "review_time_days_avg": 14.142863157894734, "review_time_days_median": 1.5179, "review_time_pending_days_avg": 57.186999999999998, "review_time_pending_days_median": 57.186999999999998, "review_time_pending_update_days_avg": 4.8455000000000004, "review_time_pending_update_days_median": 4.8455000000000004, "submitted": 62}