{"abandoned": 20, "merged": 222, "new": 8, "pending": 8, "review_time_days_avg": 16.682841860465114, "review_time_days_median": 0.6839, "review_time_pending_days_avg": 101.96560000000001, "review_time_pending_days_median": 112.15900000000001, "review_time_pending_update_days_avg": 69.055179999999993, "review_time_pending_update_days_median": 90.556200000000004, "submitted": 250}