{"abandoned": 10, "merged": 105, "new": 2, "pending": 2, "review_time_days_avg": 4.041350537634408, "review_time_days_median": 1.1688, "review_time_pending_days_avg": 9.3992000000000004, "review_time_pending_days_median": 9.3992000000000004, "review_time_pending_update_days_avg": 4.2835000000000001, "review_time_pending_update_days_median": 4.2835000000000001, "submitted": 117}