{"abandoned": 9, "merged": 180, "new": 2, "pending": 2, "review_time_days_avg": 3.0205520231213874, "review_time_days_median": 0.766, "review_time_pending_days_avg": 3.7665499999999996, "review_time_pending_days_median": 3.7665499999999996, "review_time_pending_update_days_avg": 2.6962999999999999, "review_time_pending_update_days_median": 2.6962999999999999, "submitted": 191}