{"abandoned": 34, "merged": 262, "new": 3, "pending": 3, "review_time_days_avg": 5.695668354430379, "review_time_days_median": 0.6511, "review_time_pending_days_avg": 99.74563333333333, "review_time_pending_days_median": 125.78789999999999, "review_time_pending_update_days_avg": 96.896033333333335, "review_time_pending_update_days_median": 124.63760000000001, "submitted": 299}