{"ReviewsWaitingForReviewer": 0, "abandoned": 32, "merged": 415, "new": 4, "pending": 4, "review_time_days_avg": 3.463782608695652, "review_time_days_median": 0.7023, "review_time_pending_days_avg": 251.39006666666668, "review_time_pending_days_median": 265.73009999999999, "review_time_pending_update_days_avg": 131.37433333333334, "review_time_pending_update_days_median": 81.036000000000001, "submitted": 451}