{"ReviewsWaitingForReviewer": 21, "abandoned": 75, "merged": 764, "new": 44, "pending": 44, "review_time_days_avg": 4.63574836601307, "review_time_days_median": 0.7706500000000001, "review_time_pending_days_avg": 45.137559090909093, "review_time_pending_days_median": 10.2956, "review_time_pending_update_days_avg": 27.59025909090909, "review_time_pending_update_days_median": 4.0277499999999993, "submitted": 883}