{"ReviewsWaitingForReviewer": 2, "abandoned": 35, "merged": 266, "new": 4, "pending": 4, "review_time_days_avg": 5.647441874999998, "review_time_days_median": 0.6511, "review_time_pending_days_avg": 88.728774999999985, "review_time_pending_days_median": 77.733499999999992, "review_time_pending_update_days_avg": 86.590824999999995, "review_time_pending_update_days_median": 77.158349999999999, "submitted": 305}