{"WaitingForSubmitter": 1, "abandoned": 4, "merged": 19, "new": 2, "pending": 2, "review_time_days_avg": 25.396849999999997, "review_time_days_median": 1.6232, "review_time_pending_days_avg": 108.87265000000001, "review_time_pending_days_median": 108.87265000000001, "review_time_pending_update_days_avg": 27.591549999999998, "review_time_pending_update_days_median": 27.591549999999998, "submitted": 25}