{"abandoned": 2, "merged": 22, "new": 3, "pending": 3, "review_time_days_avg": 16.603399999999997, "review_time_days_median": 0.0694, "review_time_pending_days_avg": 360.42660000000001, "review_time_pending_days_median": 360.42660000000001, "review_time_pending_update_days_avg": 247.28205000000003, "review_time_pending_update_days_median": 247.28205000000003, "submitted": 27}