{"abandoned": 86, "merged": 972, "new": 32, "pending": 32, "review_time_days_avg": 3.6143735148514864, "review_time_days_median": 0.8551, "review_time_pending_days_avg": 38.016481249999998, "review_time_pending_days_median": 26.80565, "review_time_pending_update_days_avg": 25.663809375000003, "review_time_pending_update_days_median": 4.2309000000000001, "submitted": 1090}