{"ReviewsWaitingForReviewer": 3, "abandoned": 44, "merged": 447, "new": 24, "pending": 24, "review_time_days_avg": 3.395925675675676, "review_time_days_median": 1.09155, "review_time_pending_days_avg": 52.749195833333353, "review_time_pending_days_median": 40.676299999999998, "review_time_pending_update_days_avg": 38.575808333333335, "review_time_pending_update_days_median": 26.284800000000001, "submitted": 515}