{"ReviewsWaitingForReviewer": 5, "abandoned": 13, "merged": 170, "new": 12, "pending": 12, "review_time_days_avg": 12.212486458333332, "review_time_days_median": 1.4082, "review_time_pending_days_avg": 139.44920833333333, "review_time_pending_days_median": 152.22104999999999, "review_time_pending_update_days_avg": 70.991958333333329, "review_time_pending_update_days_median": 60.129199999999997, "submitted": 195}