{"abandoned": 12, "merged": 81, "new": 9, "pending": 9, "review_time_days_avg": 16.157209523809527, "review_time_days_median": 3.2898, "review_time_pending_days_avg": 129.95364444444445, "review_time_pending_days_median": 122.4038, "review_time_pending_update_days_avg": 66.482288888888903, "review_time_pending_update_days_median": 34.704999999999998, "submitted": 102}