{"ReviewsWaitingForReviewer": 8, "abandoned": 73, "merged": 763, "new": 37, "pending": 37, "review_time_days_avg": 4.643278559738132, "review_time_days_median": 0.7864, "review_time_pending_days_avg": 60.809686486486498, "review_time_pending_days_median": 20.325800000000001, "review_time_pending_update_days_avg": 38.092889189189179, "review_time_pending_update_days_median": 9.2639999999999993, "submitted": 873}