{"abandoned": 12, "merged": 54, "new": 3, "pending": 3, "review_time_days_avg": 8.307038636363638, "review_time_days_median": 1.3671000000000002, "review_time_pending_days_avg": 32.276833333333336, "review_time_pending_days_median": 24.326799999999999, "review_time_pending_update_days_avg": 25.25493333333333, "review_time_pending_update_days_median": 24.326799999999999, "submitted": 69}