{"abandoned": 15, "merged": 236, "new": 7, "pending": 7, "review_time_days_avg": 7.666505263157896, "review_time_days_median": 0.7073, "review_time_pending_days_avg": 200.70176000000001, "review_time_pending_days_median": 244.12989999999999, "review_time_pending_update_days_avg": 148.49289999999999, "review_time_pending_update_days_median": 152.7629, "submitted": 258}