{"ReviewsWaitingForReviewer": 3, "abandoned": 8, "merged": 19, "new": 4, "pending": 4, "review_time_days_avg": 24.785114285714286, "review_time_days_median": 0.3849, "review_time_pending_days_avg": 176.45736666666667, "review_time_pending_days_median": 185.53919999999999, "review_time_pending_update_days_avg": 71.424233333333333, "review_time_pending_update_days_median": 32.638300000000001, "submitted": 31}