{"ReviewsWaitingForReviewer": 1, "abandoned": 8, "merged": 68, "new": 2, "pending": 2, "review_time_days_avg": 10.30241636363636, "review_time_days_median": 2.1879, "review_time_pending_days_avg": 59.481299999999997, "review_time_pending_days_median": 59.481299999999997, "review_time_pending_update_days_avg": 57.520350000000001, "review_time_pending_update_days_median": 57.520350000000001, "submitted": 78}