{"abandoned": 154, "merged": 1708, "new": 17, "pending": 17, "review_time_days_avg": 3.281883966942147, "review_time_days_median": 0.1392, "review_time_pending_days_avg": 209.18967000000004, "review_time_pending_days_median": 218.93515000000002, "review_time_pending_update_days_avg": 156.24388000000002, "review_time_pending_update_days_median": 144.27294999999998, "submitted": 1879}