{"ReviewsWaitingForReviewer": 114, "abandoned": 933, "merged": 13546, "new": 148, "pending": 148, "review_time_days_avg": 7.417547316219369, "review_time_days_median": 0.4108, "review_time_pending_days_avg": 53.946272661870523, "review_time_pending_days_median": 29.540500000000002, "review_time_pending_update_days_avg": 25.831318705035958, "review_time_pending_update_days_median": 10.7486, "submitted": 14627}