{"abandoned": 3, "merged": 20, "new": 1, "pending": 1, "review_time_days_avg": 4.1117875, "review_time_days_median": 1.5213, "review_time_pending_days_avg": 7.2694000000000001, "review_time_pending_days_median": 7.2694000000000001, "review_time_pending_update_days_avg": 7.2694000000000001, "review_time_pending_update_days_median": 7.2694000000000001, "submitted": 24}