{"ReviewsWaitingForReviewer": 2, "abandoned": 4, "merged": 19, "new": 2, "pending": 2, "review_time_days_avg": 25.396849999999997, "review_time_days_median": 1.6232, "review_time_pending_days_avg": 116.48235000000001, "review_time_pending_days_median": 116.48235000000001, "review_time_pending_update_days_avg": 35.201250000000002, "review_time_pending_update_days_median": 35.201250000000002, "submitted": 25}