{"abandoned": 1, "merged": 61, "new": 2, "pending": 2, "review_time_days_avg": 1.259741176470588, "review_time_days_median": 0.047549999999999995, "review_time_pending_days_avg": 203.72954999999999, "review_time_pending_days_median": 203.72954999999999, "review_time_pending_update_days_avg": 134.48179999999999, "review_time_pending_update_days_median": 134.48179999999999, "submitted": 64}