{"ReviewsWaitingForReviewer": 4, "abandoned": 14, "merged": 210, "new": 4, "pending": 4, "review_time_days_avg": 7.959495145631068, "review_time_days_median": 2.5392, "review_time_pending_days_avg": 31.964199999999998, "review_time_pending_days_median": 26.069900000000001, "review_time_pending_update_days_avg": 11.606250000000001, "review_time_pending_update_days_median": 8.1103000000000005, "submitted": 228}