{"abandoned": 6, "merged": 63, "new": 4, "pending": 4, "review_time_days_avg": 11.041165999999997, "review_time_days_median": 2.25155, "review_time_pending_days_avg": 28.459575000000001, "review_time_pending_days_median": 12.925450000000001, "review_time_pending_update_days_avg": 23.417475, "review_time_pending_update_days_median": 4.1348000000000003, "submitted": 73}