{"WaitingForSubmitter": 0, "abandoned": 19, "merged": 407, "new": 1, "pending": 1, "review_time_days_avg": 0.8491909090909092, "review_time_days_median": 0.0257, "review_time_pending_days_avg": 18.665199999999999, "review_time_pending_days_median": 18.665199999999999, "review_time_pending_update_days_avg": 7.7324000000000002, "review_time_pending_update_days_median": 7.7324000000000002, "submitted": 427}