{"WaitingForSubmitter": 4, "abandoned": 12, "merged": 55, "new": 5, "pending": 5, "review_time_days_avg": 8.122493333333335, "review_time_days_median": 1.0072, "review_time_pending_days_avg": 24.661999999999999, "review_time_pending_days_median": 30.683499999999999, "review_time_pending_update_days_avg": 15.265200000000002, "review_time_pending_update_days_median": 4.7652999999999999, "submitted": 72}