{"ReviewsWaitingForReviewer": 0, "abandoned": 13, "merged": 135, "new": 1, "pending": 1, "review_time_days_avg": 35.44305531914894, "review_time_days_median": 3.221, "review_time_pending_days_avg": 31.946200000000001, "review_time_pending_days_median": 31.946200000000001, "review_time_pending_update_days_avg": 24.514700000000001, "review_time_pending_update_days_median": 24.514700000000001, "submitted": 149}