{"ReviewsWaitingForReviewer": 1, "abandoned": 8, "merged": 68, "new": 2, "pending": 2, "review_time_days_avg": 10.30241636363636, "review_time_days_median": 2.1879, "review_time_pending_days_avg": 65.477000000000004, "review_time_pending_days_median": 65.477000000000004, "review_time_pending_update_days_avg": 63.515949999999997, "review_time_pending_update_days_median": 63.515949999999997, "submitted": 78}