{"ReviewsWaitingForReviewer": 0, "abandoned": 24, "merged": 355, "new": 2, "pending": 2, "review_time_days_avg": 1.5167222222222216, "review_time_days_median": 0.2039, "review_time_pending_days_avg": 68.543449999999993, "review_time_pending_days_median": 68.543449999999993, "review_time_pending_update_days_avg": 7.9447000000000001, "review_time_pending_update_days_median": 7.9447000000000001, "submitted": 381}