{"ReviewsWaitingForReviewer": 1, "abandoned": 8, "merged": 53, "new": 1, "pending": 1, "review_time_days_avg": 14.142863157894734, "review_time_days_median": 1.5179, "review_time_pending_days_avg": 62.069499999999998, "review_time_pending_days_median": 62.069499999999998, "review_time_pending_update_days_avg": 9.7280999999999995, "review_time_pending_update_days_median": 9.7280999999999995, "submitted": 62}