{"abandoned": 12, "merged": 348, "new": 9, "pending": 9, "review_time_days_avg": 12.141674157303376, "review_time_days_median": 1.2061, "review_time_pending_days_avg": 88.287511111111115, "review_time_pending_days_median": 76.267700000000005, "review_time_pending_update_days_avg": 62.386188888888881, "review_time_pending_update_days_median": 73.186300000000003, "submitted": 369}