{"abandoned": 29, "merged": 337, "new": 14, "pending": 14, "review_time_days_avg": 4.398399328859061, "review_time_days_median": 0.1615, "review_time_pending_days_avg": 101.73866428571428, "review_time_pending_days_median": 109.30815000000001, "review_time_pending_update_days_avg": 42.732692857142858, "review_time_pending_update_days_median": 40.795900000000003, "submitted": 380}