{"ReviewsWaitingForReviewer": 117, "abandoned": 935, "merged": 13583, "new": 153, "pending": 153, "review_time_days_avg": 7.398269709302324, "review_time_days_median": 0.4083, "review_time_pending_days_avg": 54.850938888888855, "review_time_pending_days_median": 31.128149999999998, "review_time_pending_update_days_avg": 27.057525694444433, "review_time_pending_update_days_median": 9.6826499999999989, "submitted": 14671}