{"ReviewsWaitingForReviewer": 271, "abandoned": 1449, "merged": 11668, "new": 496, "pending": 497, "review_time_days_avg": 14.02572622404512, "review_time_days_median": 0.8197, "review_time_pending_days_avg": 115.80720904645479, "review_time_pending_days_median": 82.019800000000004, "review_time_pending_update_days_avg": 62.938298777506112, "review_time_pending_update_days_median": 27.1691, "submitted": 13614}