{"abandoned": 13, "merged": 182, "new": 5, "pending": 5, "review_time_days_avg": 7.340737894736841, "review_time_days_median": 2.0425, "review_time_pending_days_avg": 17.376440000000002, "review_time_pending_days_median": 14.827199999999999, "review_time_pending_update_days_avg": 11.0566, "review_time_pending_update_days_median": 3.1575000000000002, "submitted": 200}