{"abandoned": 12, "merged": 58, "new": 17, "pending": 17, "review_time_days_avg": 10.644491176470586, "review_time_days_median": 3.82495, "review_time_pending_days_avg": 147.21502941176473, "review_time_pending_days_median": 104.6357, "review_time_pending_update_days_avg": 104.13875294117646, "review_time_pending_update_days_median": 33.255200000000002, "submitted": 87}