{"abandoned": 9, "merged": 179, "new": 2, "pending": 2, "review_time_days_avg": 3.0089380116959066, "review_time_days_median": 0.766, "review_time_pending_days_avg": 4.5080499999999999, "review_time_pending_days_median": 4.5080499999999999, "review_time_pending_update_days_avg": 0.27960000000000002, "review_time_pending_update_days_median": 0.27960000000000002, "submitted": 190}