{"abandoned": 3, "merged": 35, "new": 4, "pending": 4, "review_time_days_avg": 2.7594666666666665, "review_time_days_median": 0.13185, "review_time_pending_days_avg": 53.839874999999999, "review_time_pending_days_median": 37.577799999999996, "review_time_pending_update_days_avg": 37.41814999999999, "review_time_pending_update_days_median": 6.0083500000000001, "submitted": 42}