{"ReviewsWaitingForReviewer": 3, "abandoned": 1, "merged": 63, "new": 4, "pending": 4, "review_time_days_avg": 1.259741176470588, "review_time_days_median": 0.047549999999999995, "review_time_pending_days_avg": 106.59497500000001, "review_time_pending_days_median": 81.652100000000004, "review_time_pending_update_days_avg": 71.969650000000016, "review_time_pending_update_days_median": 12.54195, "submitted": 68}