{"abandoned": 12, "merged": 54, "new": 3, "pending": 3, "review_time_days_avg": 8.307038636363638, "review_time_days_median": 1.3671000000000002, "review_time_pending_days_avg": 17.682333333333332, "review_time_pending_days_median": 9.7323000000000004, "review_time_pending_update_days_avg": 10.660433333333332, "review_time_pending_update_days_median": 9.7323000000000004, "submitted": 69}