{"ReviewsWaitingForReviewer": 2, "abandoned": 31, "merged": 282, "new": 2, "pending": 2, "review_time_days_avg": 10.602373033707863, "review_time_days_median": 1.4399, "review_time_pending_days_avg": 67.009799999999998, "review_time_pending_days_median": 67.009799999999998, "review_time_pending_update_days_avg": 39.143050000000002, "review_time_pending_update_days_median": 39.143050000000002, "submitted": 315}