{"ReviewsWaitingForReviewer": 2, "abandoned": 44, "merged": 459, "new": 22, "pending": 22, "review_time_days_avg": 3.2771969151670963, "review_time_days_median": 0.938, "review_time_pending_days_avg": 60.72737272727273, "review_time_pending_days_median": 55.783100000000005, "review_time_pending_update_days_avg": 45.575886363636364, "review_time_pending_update_days_median": 34.177350000000004, "submitted": 525}