{"abandoned": 3, "merged": 31, "new": 4, "pending": 4, "review_time_days_avg": 17.204025, "review_time_days_median": 1.21705, "review_time_pending_days_avg": 52.090333333333341, "review_time_pending_days_median": 28.883299999999998, "review_time_pending_update_days_avg": 52.089399999999991, "review_time_pending_update_days_median": 28.880600000000001, "submitted": 38}