{"ReviewsWaitingForReviewer": 4, "abandoned": 88, "merged": 1586, "new": 8, "pending": 8, "review_time_days_avg": 4.572934249471453, "review_time_days_median": 0.2797, "review_time_pending_days_avg": 81.893974999999998, "review_time_pending_days_median": 54.144000000000005, "review_time_pending_update_days_avg": 17.264362500000001, "review_time_pending_update_days_median": 12.743600000000001, "submitted": 1682}