{"abandoned": 7, "merged": 140, "new": 13, "pending": 13, "review_time_days_avg": 9.891996491228072, "review_time_days_median": 1.5053, "review_time_pending_days_avg": 153.37330769230769, "review_time_pending_days_median": 206.67869999999999, "review_time_pending_update_days_avg": 139.98206153846152, "review_time_pending_update_days_median": 196.88380000000001, "submitted": 160}