{"ReviewsWaitingForReviewer": 2, "abandoned": 10, "merged": 108, "new": 2, "pending": 2, "review_time_days_avg": 3.960067368421052, "review_time_days_median": 0.9746, "review_time_pending_days_avg": 23.431100000000001, "review_time_pending_days_median": 23.431100000000001, "review_time_pending_update_days_avg": 4.9755000000000003, "review_time_pending_update_days_median": 4.9755000000000003, "submitted": 120}