{"ReviewsWaitingForReviewer": 10, "abandoned": 45, "merged": 495, "new": 17, "pending": 17, "review_time_days_avg": 9.475422058823531, "review_time_days_median": 2.1534500000000003, "review_time_pending_days_avg": 201.92778666666663, "review_time_pending_days_median": 199.07470000000001, "review_time_pending_update_days_avg": 133.21319333333332, "review_time_pending_update_days_median": 147.24529999999999, "submitted": 557}