{"abandoned": 3, "merged": 27, "new": 2, "pending": 2, "review_time_days_avg": 5.2354199999999995, "review_time_days_median": 0.3146, "review_time_pending_days_avg": 36.933350000000004, "review_time_pending_days_median": 36.933350000000004, "review_time_pending_update_days_avg": 9.8207000000000004, "review_time_pending_update_days_median": 9.8207000000000004, "submitted": 32}