{"abandoned": 231, "merged": 3262, "new": 29, "pending": 29, "review_time_days_avg": 3.0403633679606292, "review_time_days_median": 0.2324, "review_time_pending_days_avg": 85.88542068965522, "review_time_pending_days_median": 29.0322, "review_time_pending_update_days_avg": 36.942624137931034, "review_time_pending_update_days_median": 5.7774999999999999, "submitted": 3522}