{"ReviewsWaitingForReviewer": 1, "abandoned": 3, "merged": 54, "new": 2, "pending": 2, "review_time_days_avg": 21.091453333333334, "review_time_days_median": 1.1305, "review_time_pending_days_avg": 98.086649999999992, "review_time_pending_days_median": 98.086649999999992, "review_time_pending_update_days_avg": 97.664199999999994, "review_time_pending_update_days_median": 97.664199999999994, "submitted": 59}