{"abandoned": 876, "merged": 12947, "new": 142, "pending": 142, "review_time_days_avg": 6.871846263807673, "review_time_days_median": 0.3705, "review_time_pending_days_avg": 59.620140151515137, "review_time_pending_days_median": 22.822949999999999, "review_time_pending_update_days_avg": 33.853324242424257, "review_time_pending_update_days_median": 13.27905, "submitted": 13965}