{"abandoned": 9, "merged": 106, "new": 7, "pending": 7, "review_time_days_avg": 17.773040506329114, "review_time_days_median": 2.7447, "review_time_pending_days_avg": 81.662199999999984, "review_time_pending_days_median": 84.759100000000004, "review_time_pending_update_days_avg": 43.377271428571426, "review_time_pending_update_days_median": 40.5657, "submitted": 122}