{"abandoned": 12, "merged": 346, "new": 10, "pending": 10, "review_time_days_avg": 12.375928735632188, "review_time_days_median": 1.2061, "review_time_pending_days_avg": 74.205370000000002, "review_time_pending_days_median": 70.221249999999998, "review_time_pending_update_days_avg": 63.128230000000016, "review_time_pending_update_days_median": 68.678550000000001, "submitted": 368}