{"abandoned": 361, "merged": 3273, "new": 14, "pending": 14, "review_time_days_avg": 3.1654070188133163, "review_time_days_median": 0.8094, "review_time_pending_days_avg": 19.907228571428572, "review_time_pending_days_median": 9.4121500000000005, "review_time_pending_update_days_avg": 6.5690785714285713, "review_time_pending_update_days_median": 1.7978000000000001, "submitted": 3648}