{"abandoned": 86, "merged": 962, "new": 36, "pending": 36, "review_time_days_avg": 3.5612343358396004, "review_time_days_median": 0.85395, "review_time_pending_days_avg": 34.982283333333335, "review_time_pending_days_median": 23.468699999999998, "review_time_pending_update_days_avg": 23.442588888888888, "review_time_pending_update_days_median": 5.1235499999999998, "submitted": 1084}