{"abandoned": 20, "merged": 222, "new": 8, "pending": 8, "review_time_days_avg": 16.682841860465114, "review_time_days_median": 0.6839, "review_time_pending_days_avg": 98.855220000000003, "review_time_pending_days_median": 109.04859999999999, "review_time_pending_update_days_avg": 66.003219999999999, "review_time_pending_update_days_median": 87.445800000000006, "submitted": 250}