{"ReviewsWaitingForReviewer": 16, "abandoned": 371, "merged": 3416, "new": 29, "pending": 29, "review_time_days_avg": 3.0562346306068613, "review_time_days_median": 0.7746, "review_time_pending_days_avg": 16.235934482758619, "review_time_pending_days_median": 9.2738999999999994, "review_time_pending_update_days_avg": 7.7462344827586191, "review_time_pending_update_days_median": 3.3599999999999999, "submitted": 3816}