{"ReviewsWaitingForReviewer": 7, "abandoned": 35, "merged": 487, "new": 9, "pending": 9, "review_time_days_avg": 4.360509756097559, "review_time_days_median": 0.9286, "review_time_pending_days_avg": 106.4791111111111, "review_time_pending_days_median": 72.398700000000005, "review_time_pending_update_days_avg": 102.69704444444443, "review_time_pending_update_days_median": 72.397099999999995, "submitted": 531}