{"abandoned": 2, "merged": 26, "new": 1, "pending": 1, "review_time_days_avg": 8.91185, "review_time_days_median": 4.54385, "review_time_pending_days_avg": 98.130499999999998, "review_time_pending_days_median": 98.130499999999998, "review_time_pending_update_days_avg": 98.130399999999995, "review_time_pending_update_days_median": 98.130399999999995, "submitted": 29}