{"abandoned": 5, "merged": 34, "new": 5, "pending": 5, "review_time_days_avg": 11.482642857142858, "review_time_days_median": 0.0842, "review_time_pending_days_avg": 130.94692000000001, "review_time_pending_days_median": 71.188000000000002, "review_time_pending_update_days_avg": 73.670099999999991, "review_time_pending_update_days_median": 33.602400000000003, "submitted": 44}