{"abandoned": 371, "merged": 3395, "new": 23, "pending": 23, "review_time_days_avg": 3.0751883255503687, "review_time_days_median": 0.7745, "review_time_pending_days_avg": 13.553626086956527, "review_time_pending_days_median": 3.2923, "review_time_pending_update_days_avg": 5.4989782608695661, "review_time_pending_update_days_median": 1.2834000000000001, "submitted": 3789}