{"abandoned": 23, "merged": 341, "new": 3, "pending": 3, "review_time_days_avg": 1.6431031249999997, "review_time_days_median": 0.25055, "review_time_pending_days_avg": 133.92139999999998, "review_time_pending_days_median": 66.284700000000001, "review_time_pending_update_days_avg": 119.03376666666666, "review_time_pending_update_days_median": 63.731400000000001, "submitted": 367}