{"abandoned": 32, "merged": 411, "new": 4, "pending": 4, "review_time_days_avg": 3.963619999999999, "review_time_days_median": 0.8617999999999999, "review_time_pending_days_avg": 229.78293333333332, "review_time_pending_days_median": 244.12299999999999, "review_time_pending_update_days_avg": 116.47276666666669, "review_time_pending_update_days_median": 59.428899999999999, "submitted": 447}