{"abandoned": 4, "merged": 10, "new": 3, "pending": 3, "review_time_days_avg": 0.9587333333333334, "review_time_days_median": 0.0939, "review_time_pending_days_avg": 139.22200000000001, "review_time_pending_days_median": 129.56569999999999, "review_time_pending_update_days_avg": 113.17553333333335, "review_time_pending_update_days_median": 55.608400000000003, "submitted": 17}