{"abandoned": 12, "merged": 58, "new": 17, "pending": 17, "review_time_days_avg": 10.644491176470586, "review_time_days_median": 3.82495, "review_time_pending_days_avg": 148.14653529411763, "review_time_pending_days_median": 105.5672, "review_time_pending_update_days_avg": 105.07025882352941, "review_time_pending_update_days_median": 34.186700000000002, "submitted": 87}