{"ReviewsWaitingForReviewer": 3, "abandoned": 8, "merged": 19, "new": 4, "pending": 4, "review_time_days_avg": 24.785114285714286, "review_time_days_median": 0.3849, "review_time_pending_days_avg": 179.34266666666667, "review_time_pending_days_median": 188.42449999999999, "review_time_pending_update_days_avg": 74.309533333333334, "review_time_pending_update_days_median": 35.523600000000002, "submitted": 31}