{"abandoned": 13, "merged": 91, "new": 11, "pending": 11, "review_time_days_avg": 11.581561290322584, "review_time_days_median": 0.8298, "review_time_pending_days_avg": 122.14591818181815, "review_time_pending_days_median": 126.02930000000001, "review_time_pending_update_days_avg": 54.720545454545451, "review_time_pending_update_days_median": 14.6435, "submitted": 115}