{"ReviewsWaitingForSubmitter": 2, "abandoned": 65, "merged": 1027, "new": 10, "pending": 10, "review_time_days_avg": 2.3104347107438, "review_time_days_median": 0.1763, "review_time_pending_days_avg": 87.457770000000011, "review_time_pending_days_median": 45.622799999999998, "review_time_pending_update_days_avg": 36.416639999999987, "review_time_pending_update_days_median": 37.567450000000001, "submitted": 1102}