{"abandoned": 3, "merged": 27, "new": 2, "pending": 2, "review_time_days_avg": 5.2354199999999995, "review_time_days_median": 0.3146, "review_time_pending_days_avg": 34.908850000000001, "review_time_pending_days_median": 34.908850000000001, "review_time_pending_update_days_avg": 9.7837500000000013, "review_time_pending_update_days_median": 9.7837500000000013, "submitted": 32}