{"ReviewsWaitingForReviewer": 0, "abandoned": 3, "merged": 12, "new": 1, "pending": 1, "review_time_days_avg": 0.3946666666666667, "review_time_days_median": 0.4617, "review_time_pending_days_avg": 288.55270000000002, "review_time_pending_days_median": 288.55270000000002, "review_time_pending_update_days_avg": 3.3584999999999998, "review_time_pending_update_days_median": 3.3584999999999998, "submitted": 16}