{"abandoned": 3, "merged": 12, "new": 1, "pending": 1, "review_time_days_avg": 0.3946666666666667, "review_time_days_median": 0.4617, "review_time_pending_days_avg": 281.53840000000002, "review_time_pending_days_median": 281.53840000000002, "review_time_pending_update_days_avg": 134.26759999999999, "review_time_pending_update_days_median": 134.26759999999999, "submitted": 16}