{"abandoned": 4, "merged": 72, "new": 1, "pending": 1, "review_time_days_avg": 2.3794999999999997, "review_time_days_median": 0.4735, "review_time_pending_days_avg": 3.2448000000000001, "review_time_pending_days_median": 3.2448000000000001, "review_time_pending_update_days_avg": 3.2444999999999999, "review_time_pending_update_days_median": 3.2444999999999999, "submitted": 77}