{"abandoned": 24, "merged": 351, "new": 2, "pending": 2, "review_time_days_avg": 1.5167222222222216, "review_time_days_median": 0.2039, "review_time_pending_days_avg": 64.504350000000002, "review_time_pending_days_median": 64.504350000000002, "review_time_pending_update_days_avg": 3.9055499999999999, "review_time_pending_update_days_median": 3.9055499999999999, "submitted": 377}