{"abandoned": 6, "merged": 15, "new": 6, "pending": 6, "review_time_days_avg": 9.114692307692307, "review_time_days_median": 8.7234, "review_time_pending_days_avg": 32.845883333333333, "review_time_pending_days_median": 30.611250000000002, "review_time_pending_update_days_avg": 8.6867166666666673, "review_time_pending_update_days_median": 7.9083000000000006, "submitted": 27}