{"abandoned": 11, "merged": 182, "new": 5, "pending": 5, "review_time_days_avg": 7.340737894736841, "review_time_days_median": 2.0425, "review_time_pending_days_avg": 21.823219999999999, "review_time_pending_days_median": 19.7029, "review_time_pending_update_days_avg": 12.330560000000002, "review_time_pending_update_days_median": 8.5319000000000003, "submitted": 198}