{"ReviewsWaitingForReviewer": 5, "abandoned": 6, "merged": 15, "new": 6, "pending": 6, "review_time_days_avg": 9.114692307692307, "review_time_days_median": 8.7234, "review_time_pending_days_avg": 41.877333333333333, "review_time_pending_days_median": 39.642650000000003, "review_time_pending_update_days_avg": 15.068033333333332, "review_time_pending_update_days_median": 16.592849999999999, "submitted": 27}