{"ReviewsWaitingForReviewer": 7, "abandoned": 10, "merged": 82, "new": 9, "pending": 9, "review_time_days_avg": 6.293519753086419, "review_time_days_median": 0.9123, "review_time_pending_days_avg": 108.04664444444444, "review_time_pending_days_median": 94.410700000000006, "review_time_pending_update_days_avg": 53.822444444444443, "review_time_pending_update_days_median": 43.822600000000001, "submitted": 101}