{"abandoned": 35, "merged": 265, "new": 4, "pending": 4, "review_time_days_avg": 5.681546540880502, "review_time_days_median": 0.659, "review_time_pending_days_avg": 86.583424999999977, "review_time_pending_days_median": 75.588200000000001, "review_time_pending_update_days_avg": 84.445450000000008, "review_time_pending_update_days_median": 75.012950000000004, "submitted": 304}