{"abandoned": 5, "merged": 178, "new": 9, "pending": 9, "review_time_days_avg": 35.23437142857143, "review_time_days_median": 17.0082, "review_time_pending_days_avg": 191.69010000000003, "review_time_pending_days_median": 193.185, "review_time_pending_update_days_avg": 152.87051666666665, "review_time_pending_update_days_median": 87.607599999999991, "submitted": 192}