{"ReviewsWaitingForReviewer": 9, "abandoned": 28, "merged": 276, "new": 10, "pending": 10, "review_time_days_avg": 4.390830769230769, "review_time_days_median": 0.5739, "review_time_pending_days_avg": 22.152009999999997, "review_time_pending_days_median": 19.929200000000002, "review_time_pending_update_days_avg": 17.730499999999999, "review_time_pending_update_days_median": 17.180499999999999, "submitted": 314}