{"abandoned": 30, "merged": 460, "new": 11, "pending": 11, "review_time_days_avg": 4.37215316455696, "review_time_days_median": 0.9198, "review_time_pending_days_avg": 79.913072727272734, "review_time_pending_days_median": 40.709499999999998, "review_time_pending_update_days_avg": 76.05061818181818, "review_time_pending_update_days_median": 26.8048, "submitted": 501}