{"abandoned": 65, "merged": 686, "new": 28, "pending": 28, "review_time_days_avg": 3.9943647272727256, "review_time_days_median": 0.7319500000000001, "review_time_pending_days_avg": 75.705496428571422, "review_time_pending_days_median": 40.059150000000002, "review_time_pending_update_days_avg": 55.625774999999997, "review_time_pending_update_days_median": 14.3782, "submitted": 779}