{"abandoned": 358, "merged": 3252, "new": 14, "pending": 14, "review_time_days_avg": 3.112544363103956, "review_time_days_median": 0.80075, "review_time_pending_days_avg": 27.408921428571428, "review_time_pending_days_median": 17.494599999999998, "review_time_pending_update_days_avg": 9.0887928571428578, "review_time_pending_update_days_median": 5.8657500000000002, "submitted": 3624}