{"abandoned": 13, "merged": 85, "new": 8, "pending": 8, "review_time_days_avg": 13.683800000000003, "review_time_days_median": 1.6818, "review_time_pending_days_avg": 148.13383750000003, "review_time_pending_days_median": 131.27895000000001, "review_time_pending_update_days_avg": 76.027362499999995, "review_time_pending_update_days_median": 36.367699999999999, "submitted": 106}