{"ReviewsWaitingForReviewer": 299, "abandoned": 1510, "merged": 12067, "new": 527, "pending": 527, "review_time_days_avg": 14.157231761904791, "review_time_days_median": 0.81795, "review_time_pending_ReviewsWaitingForReviewer_days_avg": 96.433591481481344, "review_time_pending_ReviewsWaitingForReviewer_days_median": 48.104150000000004, "review_time_pending_days_avg": 113.35937879464305, "review_time_pending_days_median": 68.909149999999997, "review_time_pending_update_ReviewsWaitingForReviewer_days_avg": 49.499097037037025, "review_time_pending_update_ReviewsWaitingForReviewer_days_median": 18.929200000000002, "review_time_pending_update_days_avg": 61.776332366071472, "review_time_pending_update_days_median": 28.040649999999999, "submitted": 14104}