{"abandoned": 1, "merged": 8, "new": 1, "pending": 1, "review_time_days_avg": 32.46686666666667, "review_time_days_median": 30.207, "review_time_pending_days_avg": 69.471699999999998, "review_time_pending_days_median": 69.471699999999998, "review_time_pending_update_days_avg": 69.442400000000006, "review_time_pending_update_days_median": 69.442400000000006, "submitted": 10}