{"abandoned": 1, "merged": 9, "new": 2, "pending": 2, "review_time_days_avg": 0.40785000000000005, "review_time_days_median": 0.40785000000000005, "review_time_pending_days_avg": 65.940899999999999, "review_time_pending_days_median": 65.940899999999999, "review_time_pending_update_days_avg": 65.9405, "review_time_pending_update_days_median": 65.9405, "submitted": 12}