{"ReviewsWaitingForReviewer": 2, "abandoned": 4, "merged": 19, "new": 2, "pending": 2, "review_time_days_avg": 25.396849999999997, "review_time_days_median": 1.6232, "review_time_pending_days_avg": 113.48495000000001, "review_time_pending_days_median": 113.48495000000001, "review_time_pending_update_days_avg": 32.203800000000001, "review_time_pending_update_days_median": 32.203800000000001, "submitted": 25}