{"abandoned": 5, "merged": 96, "new": 6, "pending": 6, "review_time_days_avg": 2.731533333333333, "review_time_days_median": 0.7073, "review_time_pending_days_avg": 102.50717999999999, "review_time_pending_days_median": 99.177300000000002, "review_time_pending_update_days_avg": 73.301500000000004, "review_time_pending_update_days_median": 87.252799999999993, "submitted": 107}