{"ReviewsWaitingForReviewer": 11, "abandoned": 12, "merged": 59, "new": 17, "pending": 17, "review_time_days_avg": 10.644491176470586, "review_time_days_median": 3.82495, "review_time_pending_days_avg": 159.17503529411766, "review_time_pending_days_median": 116.59569999999999, "review_time_pending_update_days_avg": 116.09876470588236, "review_time_pending_update_days_median": 45.215200000000003, "submitted": 88}