{"ReviewsWaitingForReviewer": 3, "abandoned": 8, "merged": 40, "new": 6, "pending": 6, "review_time_days_avg": 8.808653846153847, "review_time_days_median": 2.0318, "review_time_pending_days_avg": 81.348699999999994, "review_time_pending_days_median": 27.246500000000001, "review_time_pending_update_days_avg": 75.047300000000007, "review_time_pending_update_days_median": 27.244199999999999, "submitted": 54}