{"abandoned": 35, "merged": 265, "new": 3, "pending": 3, "review_time_days_avg": 5.681546540880502, "review_time_days_median": 0.659, "review_time_pending_days_avg": 110.32696666666665, "review_time_pending_days_median": 142.3887, "review_time_pending_update_days_avg": 107.47736666666667, "review_time_pending_update_days_median": 141.23840000000001, "submitted": 303}