{"abandoned": 9, "merged": 106, "new": 8, "pending": 8, "review_time_days_avg": 17.773040506329114, "review_time_days_median": 2.7447, "review_time_pending_days_avg": 72.89873750000001, "review_time_pending_days_median": 84.557150000000007, "review_time_pending_update_days_avg": 39.399450000000002, "review_time_pending_update_days_median": 31.415549999999996, "submitted": 123}