{"abandoned": 5, "merged": 81, "new": 15, "pending": 15, "review_time_days_avg": 21.671042857142854, "review_time_days_median": 16.5602, "review_time_pending_days_avg": 103.13105999999999, "review_time_pending_days_median": 110.8507, "review_time_pending_update_days_avg": 52.423419999999993, "review_time_pending_update_days_median": 4.1927000000000003, "submitted": 101}