{"abandoned": 52, "merged": 191, "new": 5, "pending": 5, "review_time_days_avg": 7.958767088607594, "review_time_days_median": 0.3805, "review_time_pending_days_avg": 122.11503333333333, "review_time_pending_days_median": 17.866399999999999, "review_time_pending_update_days_avg": 78.987433333333328, "review_time_pending_update_days_median": 5.8608000000000002, "submitted": 248}