{"abandoned": 7, "merged": 11, "new": 1, "pending": 1, "review_time_days_avg": 22.064533333333333, "review_time_days_median": 30.1796, "review_time_pending_days_avg": 61.851999999999997, "review_time_pending_days_median": 61.851999999999997, "review_time_pending_update_days_avg": 36.243400000000001, "review_time_pending_update_days_median": 36.243400000000001, "submitted": 19}