{"abandoned": 10, "merged": 106, "new": 8, "pending": 8, "review_time_days_avg": 17.773040506329114, "review_time_days_median": 2.7447, "review_time_pending_days_avg": 80.449950000000015, "review_time_pending_days_median": 100.2008, "review_time_pending_update_days_avg": 42.744449999999993, "review_time_pending_update_days_median": 31.142299999999999, "submitted": 124}