{"abandoned": 13, "merged": 92, "new": 10, "pending": 10, "review_time_days_avg": 11.698962500000002, "review_time_days_median": 1.2558, "review_time_pending_days_avg": 134.94999000000001, "review_time_pending_days_median": 136.69335000000001, "review_time_pending_update_days_avg": 57.075580000000002, "review_time_pending_update_days_median": 16.43085, "submitted": 115}