{"abandoned": 1, "merged": 35, "new": 5, "pending": 5, "review_time_days_avg": 53.03986666666667, "review_time_days_median": 3.9379, "review_time_pending_days_avg": 46.573650000000001, "review_time_pending_days_median": 42.568599999999996, "review_time_pending_update_days_avg": 29.393849999999997, "review_time_pending_update_days_median": 8.2089999999999996, "submitted": 41}