{"abandoned": 115, "merged": 658, "new": 6, "pending": 6, "review_time_days_avg": 2.9147260273972604, "review_time_days_median": 0.364, "review_time_pending_days_avg": 100.03248333333335, "review_time_pending_days_median": 98.102199999999996, "review_time_pending_update_days_avg": 44.903316666666676, "review_time_pending_update_days_median": 52.790499999999994, "submitted": 779}