{"abandoned": 32, "merged": 411, "new": 4, "pending": 4, "review_time_days_avg": 3.963619999999999, "review_time_days_median": 0.8617999999999999, "review_time_pending_days_avg": 224.38246666666669, "review_time_pending_days_median": 238.7225, "review_time_pending_update_days_avg": 111.0723333333333, "review_time_pending_update_days_median": 54.028399999999998, "submitted": 447}