{"ReviewsWaitingForReviewer": 6, "abandoned": 45, "merged": 461, "new": 27, "pending": 27, "review_time_days_avg": 3.2668145780051163, "review_time_days_median": 0.9508, "review_time_pending_days_avg": 53.017585185185183, "review_time_pending_days_median": 37.287799999999997, "review_time_pending_update_days_avg": 40.555292592592593, "review_time_pending_update_days_median": 27.770299999999999, "submitted": 533}