{"ReviewsWaitingForReviewer": 118, "abandoned": 935, "merged": 13561, "new": 153, "pending": 153, "review_time_days_avg": 7.417547316219369, "review_time_days_median": 0.4108, "review_time_pending_days_avg": 53.963002777777817, "review_time_pending_days_median": 30.12115, "review_time_pending_update_days_avg": 26.304754861111089, "review_time_pending_update_days_median": 10.083449999999999, "submitted": 14649}