{"abandoned": 225, "merged": 3144, "new": 26, "pending": 26, "review_time_days_avg": 3.059489565217387, "review_time_days_median": 0.2364, "review_time_pending_days_avg": 87.999280769230779, "review_time_pending_days_median": 44.395800000000001, "review_time_pending_update_days_avg": 41.141384615384624, "review_time_pending_update_days_median": 24.69905, "submitted": 3395}