{"abandoned": 9, "merged": 106, "new": 7, "pending": 7, "review_time_days_avg": 17.773040506329114, "review_time_days_median": 2.7447, "review_time_pending_days_avg": 79.818100000000001, "review_time_pending_days_median": 82.915000000000006, "review_time_pending_update_days_avg": 41.533171428571428, "review_time_pending_update_days_median": 38.721600000000002, "submitted": 122}