{"abandoned": 1, "merged": 8, "new": 1, "pending": 1, "review_time_days_avg": 1.2300125, "review_time_days_median": 0.0047, "review_time_pending_days_avg": 33.388800000000003, "review_time_pending_days_median": 33.388800000000003, "review_time_pending_update_days_avg": 33.388399999999997, "review_time_pending_update_days_median": 33.388399999999997, "submitted": 10}