{"WaitingForSubmitter": 35, "abandoned": 370, "merged": 3403, "new": 23, "pending": 23, "review_time_days_avg": 3.0670804651162804, "review_time_days_median": 0.7745, "review_time_pending_days_avg": 16.567891304347828, "review_time_pending_days_median": 6.6708999999999996, "review_time_pending_update_days_avg": 8.6064086956521759, "review_time_pending_update_days_median": 4.6620999999999997, "submitted": 3796}