{"abandoned": 16, "merged": 81, "new": 3, "pending": 3, "review_time_days_avg": 1.9860782608695648, "review_time_days_median": 0.2097, "review_time_pending_days_avg": 154.30969999999999, "review_time_pending_days_median": 154.30969999999999, "review_time_pending_update_days_avg": 85.493949999999998, "review_time_pending_update_days_median": 85.493949999999998, "submitted": 100}