{"abandoned": 13, "merged": 170, "new": 12, "pending": 12, "review_time_days_avg": 12.212486458333332, "review_time_days_median": 1.4082, "review_time_pending_days_avg": 137.42658333333333, "review_time_pending_days_median": 150.19844999999998, "review_time_pending_update_days_avg": 68.969358333333332, "review_time_pending_update_days_median": 58.1066, "submitted": 195}