{"abandoned": 10, "merged": 98, "new": 1, "pending": 1, "review_time_days_avg": 3.8874151162790693, "review_time_days_median": 0.8861, "review_time_pending_days_avg": 5.5816999999999997, "review_time_pending_days_median": 5.5816999999999997, "review_time_pending_update_days_avg": 5.5815999999999999, "review_time_pending_update_days_median": 5.5815999999999999, "submitted": 109}