{"abandoned": 10, "merged": 76, "new": 11, "pending": 11, "review_time_days_avg": 5.709674666666666, "review_time_days_median": 0.9123, "review_time_pending_days_avg": 66.258136363636368, "review_time_pending_days_median": 44.264299999999999, "review_time_pending_update_days_avg": 25.154336363636364, "review_time_pending_update_days_median": 12.8193, "submitted": 97}