{"abandoned": 16, "merged": 399, "new": 2, "pending": 2, "review_time_days_avg": 0.93406, "review_time_days_median": 0.02785, "review_time_pending_days_avg": 4.6341999999999999, "review_time_pending_days_median": 4.6341999999999999, "review_time_pending_update_days_avg": 4.2253499999999997, "review_time_pending_update_days_median": 4.2253499999999997, "submitted": 417}