{"abandoned": 25, "merged": 202, "new": 9, "pending": 9, "review_time_days_avg": 17.987215909090917, "review_time_days_median": 2.09545, "review_time_pending_days_avg": 168.8227875, "review_time_pending_days_median": 199.35570000000001, "review_time_pending_update_days_avg": 122.16728750000001, "review_time_pending_update_days_median": 138.04840000000002, "submitted": 236}