{"ReviewsWaitingForReviewer": 1, "abandoned": 6, "merged": 117, "new": 2, "pending": 2, "review_time_days_avg": 11.395201851851848, "review_time_days_median": 0.44565, "review_time_pending_days_avg": 77.692999999999998, "review_time_pending_days_median": 77.692999999999998, "review_time_pending_update_days_avg": 40.124899999999997, "review_time_pending_update_days_median": 40.124899999999997, "submitted": 125}