{"abandoned": 12, "merged": 348, "new": 9, "pending": 9, "review_time_days_avg": 12.141674157303376, "review_time_days_median": 1.2061, "review_time_pending_days_avg": 87.321711111111114, "review_time_pending_days_median": 75.301900000000003, "review_time_pending_update_days_avg": 75.013933333333341, "review_time_pending_update_days_median": 75.190200000000004, "submitted": 369}