{"abandoned": 2, "merged": 27, "new": 4, "pending": 4, "review_time_days_avg": 49.0431875, "review_time_days_median": 5.0723, "review_time_pending_days_avg": 75.965566666666675, "review_time_pending_days_median": 82.362499999999997, "review_time_pending_update_days_avg": 74.443699999999993, "review_time_pending_update_days_median": 82.361999999999995, "submitted": 33}