{"ReviewsWaitingForReviewer": 10, "abandoned": 45, "merged": 495, "new": 17, "pending": 17, "review_time_days_avg": 9.475422058823531, "review_time_days_median": 2.1534500000000003, "review_time_pending_ReviewsWaitingForReviewer_days_avg": 212.49684444444446, "review_time_pending_ReviewsWaitingForReviewer_days_median": 201.56379999999999, "review_time_pending_days_avg": 209.93567333333334, "review_time_pending_days_median": 207.08260000000001, "review_time_pending_update_ReviewsWaitingForReviewer_days_avg": 140.81358888888889, "review_time_pending_update_ReviewsWaitingForReviewer_days_median": 155.25319999999999, "review_time_pending_update_days_avg": 140.75983333333335, "review_time_pending_update_days_median": 155.25319999999999, "submitted": 557}