{"abandoned": 115, "merged": 659, "new": 6, "pending": 6, "review_time_days_avg": 2.9147260273972604, "review_time_days_median": 0.364, "review_time_pending_days_avg": 104.41144999999999, "review_time_pending_days_median": 102.48115, "review_time_pending_update_days_avg": 49.282266666666665, "review_time_pending_update_days_median": 57.169499999999999, "submitted": 780}