{"abandoned": 10, "merged": 81, "new": 10, "pending": 10, "review_time_days_avg": 5.640199999999998, "review_time_days_median": 0.8511, "review_time_pending_days_avg": 95.348550000000017, "review_time_pending_days_median": 76.840100000000007, "review_time_pending_update_days_avg": 41.338349999999998, "review_time_pending_update_days_median": 29.677949999999999, "submitted": 101}