{"ReviewsWaitingForReviewer": 0, "abandoned": 10, "merged": 80, "new": 2, "pending": 2, "review_time_days_avg": 1.2256880597014925, "review_time_days_median": 0.0999, "review_time_pending_days_avg": 284.64035000000001, "review_time_pending_days_median": 284.64035000000001, "review_time_pending_update_days_avg": 269.08045000000004, "review_time_pending_update_days_median": 269.08045000000004, "submitted": 92}