{"ReviewsWaitingForReviewer": 2, "abandoned": 52, "merged": 193, "new": 6, "pending": 6, "review_time_days_avg": 7.8731074074074066, "review_time_days_median": 0.4908, "review_time_pending_days_avg": 94.957100000000011, "review_time_pending_days_median": 14.742899999999999, "review_time_pending_update_days_avg": 61.074374999999989, "review_time_pending_update_days_median": 3.5592000000000001, "submitted": 251}