{"ReviewsWaitingForReviewer": 7, "abandoned": 10, "merged": 82, "new": 9, "pending": 9, "review_time_days_avg": 6.293519753086419, "review_time_days_median": 0.9123, "review_time_pending_days_avg": 111.05855555555557, "review_time_pending_days_median": 97.422600000000003, "review_time_pending_update_days_avg": 56.83434444444444, "review_time_pending_update_days_median": 46.834499999999998, "submitted": 101}