{"abandoned": 10, "merged": 96, "new": 2, "pending": 2, "review_time_days_avg": 3.9475202380952377, "review_time_days_median": 0.8861, "review_time_pending_days_avg": 2.0298500000000002, "review_time_pending_days_median": 2.0298500000000002, "review_time_pending_update_days_avg": 2.0296500000000002, "review_time_pending_update_days_median": 2.0296500000000002, "submitted": 108}