{"abandoned": 7, "merged": 86, "new": 21, "pending": 21, "review_time_days_avg": 30.12673636363636, "review_time_days_median": 16.6364, "review_time_pending_days_avg": 49.023823809523819, "review_time_pending_days_median": 5.6374000000000004, "review_time_pending_update_days_avg": 18.417076190476191, "review_time_pending_update_days_median": 5.6135000000000002, "submitted": 114}