{"ReviewsWaitingForReviewer": 5, "abandoned": 13, "merged": 170, "new": 12, "pending": 12, "review_time_days_avg": 12.212486458333332, "review_time_days_median": 1.4082, "review_time_pending_days_avg": 141.48103333333336, "review_time_pending_days_median": 154.25290000000001, "review_time_pending_update_days_avg": 73.023808333333321, "review_time_pending_update_days_median": 62.161050000000003, "submitted": 195}