{"abandoned": 3, "merged": 27, "new": 1, "pending": 1, "review_time_days_avg": 5.2354199999999995, "review_time_days_median": 0.3146, "review_time_pending_days_avg": 41.453499999999998, "review_time_pending_days_median": 41.453499999999998, "review_time_pending_update_days_avg": 21.702300000000001, "review_time_pending_update_days_median": 21.702300000000001, "submitted": 31}