{"abandoned": 13, "merged": 351, "new": 8, "pending": 8, "review_time_days_avg": 12.023084444444448, "review_time_days_median": 1.22465, "review_time_pending_days_avg": 109.007375, "review_time_pending_days_median": 96.154049999999998, "review_time_pending_update_days_avg": 80.095162500000001, "review_time_pending_update_days_median": 91.364249999999998, "submitted": 372}