{"abandoned": 3, "merged": 35, "new": 4, "pending": 4, "review_time_days_avg": 2.7594666666666665, "review_time_days_median": 0.13185, "review_time_pending_days_avg": 52.842300000000009, "review_time_pending_days_median": 36.580199999999998, "review_time_pending_update_days_avg": 37.1753, "review_time_pending_update_days_median": 6.2361499999999994, "submitted": 42}