{"abandoned": 12, "merged": 54, "new": 3, "pending": 3, "review_time_days_avg": 8.307038636363638, "review_time_days_median": 1.3671000000000002, "review_time_pending_days_avg": 33.326000000000001, "review_time_pending_days_median": 25.376000000000001, "review_time_pending_update_days_avg": 26.304100000000002, "review_time_pending_update_days_median": 25.375900000000001, "submitted": 69}