{"ReviewsWaitingForSubmitter": 1, "abandoned": 12, "merged": 55, "new": 5, "pending": 5, "review_time_days_avg": 8.122493333333335, "review_time_days_median": 1.0072, "review_time_pending_days_avg": 25.270700000000001, "review_time_pending_days_median": 31.292200000000001, "review_time_pending_update_days_avg": 8.6463799999999988, "review_time_pending_update_days_median": 4.2419000000000002, "submitted": 72}