{"abandoned": 10, "merged": 108, "new": 8, "pending": 8, "review_time_days_avg": 17.5639525, "review_time_days_median": 2.69825, "review_time_pending_days_avg": 83.029949999999999, "review_time_pending_days_median": 103.15684999999999, "review_time_pending_update_days_avg": 45.322500000000012, "review_time_pending_update_days_median": 34.098349999999996, "submitted": 126}