{"ReviewsWaitingForSubmitter": 2, "abandoned": 24, "merged": 352, "new": 2, "pending": 2, "review_time_days_avg": 1.5167222222222216, "review_time_days_median": 0.2039, "review_time_pending_days_avg": 65.531649999999999, "review_time_pending_days_median": 65.531649999999999, "review_time_pending_update_days_avg": 4.9329000000000001, "review_time_pending_update_days_median": 4.9329000000000001, "submitted": 378}