{"ReviewsWaitingForReviewer": 1, "abandoned": 1, "merged": 27, "new": 2, "pending": 2, "review_time_days_avg": 13.324150000000001, "review_time_days_median": 2.2389, "review_time_pending_days_avg": 134.24029999999999, "review_time_pending_days_median": 134.24029999999999, "review_time_pending_update_days_avg": 115.03614999999999, "review_time_pending_update_days_median": 115.03614999999999, "submitted": 30}