{"abandoned": 10, "merged": 80, "new": 2, "pending": 2, "review_time_days_avg": 1.2256880597014925, "review_time_days_median": 0.0999, "review_time_pending_days_avg": 254.62944999999999, "review_time_pending_days_median": 254.62944999999999, "review_time_pending_update_days_avg": 239.06954999999999, "review_time_pending_update_days_median": 239.06954999999999, "submitted": 92}