{"abandoned": 89, "merged": 985, "new": 38, "pending": 38, "review_time_days_avg": 3.7392548780487824, "review_time_days_median": 0.8569500000000001, "review_time_pending_days_avg": 27.042844736842103, "review_time_pending_days_median": 14.286950000000001, "review_time_pending_update_days_avg": 17.695086842105272, "review_time_pending_update_days_median": 2.2965499999999999, "submitted": 1112}