{"abandoned": 4, "merged": 42, "new": 1, "pending": 1, "review_time_days_avg": 11.311040000000002, "review_time_days_median": 4.1637, "review_time_pending_days_avg": 140.78530000000001, "review_time_pending_days_median": 140.78530000000001, "review_time_pending_update_days_avg": 44.707700000000003, "review_time_pending_update_days_median": 44.707700000000003, "submitted": 47}