{"ReviewsWaitingForReviewer": 14, "abandoned": 73, "merged": 395, "new": 37, "pending": 37, "review_time_days_avg": 19.998330624999998, "review_time_days_median": 1.36415, "review_time_pending_days_avg": 216.72981818181816, "review_time_pending_days_median": 217.24675000000002, "review_time_pending_update_days_avg": 126.19974090909095, "review_time_pending_update_days_median": 113.45320000000001, "submitted": 505}