{"ReviewsWaitingForReviewer": 7, "abandoned": 66, "merged": 1027, "new": 10, "pending": 10, "review_time_days_avg": 2.3104347107438, "review_time_days_median": 0.1763, "review_time_pending_days_avg": 92.028229999999994, "review_time_pending_days_median": 50.618899999999996, "review_time_pending_update_days_avg": 40.888380000000005, "review_time_pending_update_days_median": 42.563499999999998, "submitted": 1103}