{"abandoned": 13, "merged": 170, "new": 12, "pending": 12, "review_time_days_avg": 12.212486458333332, "review_time_days_median": 1.4082, "review_time_pending_days_avg": 138.41685833333335, "review_time_pending_days_median": 151.18875, "review_time_pending_update_days_avg": 69.959641666666656, "review_time_pending_update_days_median": 59.096850000000003, "submitted": 195}