{"abandoned": 65, "merged": 686, "new": 27, "pending": 27, "review_time_days_avg": 3.9943647272727256, "review_time_days_median": 0.7319500000000001, "review_time_pending_days_avg": 76.498859259259277, "review_time_pending_days_median": 38.471699999999998, "review_time_pending_update_days_avg": 55.675444444444459, "review_time_pending_update_days_median": 12.384499999999999, "submitted": 778}