{"abandoned": 8, "merged": 40, "new": 6, "pending": 6, "review_time_days_avg": 8.808653846153847, "review_time_days_median": 2.0318, "review_time_pending_days_avg": 75.32523333333333, "review_time_pending_days_median": 21.222999999999999, "review_time_pending_update_days_avg": 69.023799999999994, "review_time_pending_update_days_median": 21.220700000000001, "submitted": 54}