{"abandoned": 23, "merged": 340, "new": 3, "pending": 3, "review_time_days_avg": 1.7401566666666666, "review_time_days_median": 0.50805, "review_time_pending_days_avg": 132.92386666666667, "review_time_pending_days_median": 65.287099999999995, "review_time_pending_update_days_avg": 118.03623333333333, "review_time_pending_update_days_median": 62.733800000000002, "submitted": 366}