{"abandoned": 62, "merged": 371, "new": 27, "pending": 27, "review_time_days_avg": 3.9854560606060607, "review_time_days_median": 0.0881, "review_time_pending_days_avg": 182.21699629629637, "review_time_pending_days_median": 164.34389999999999, "review_time_pending_update_days_avg": 161.46339259259256, "review_time_pending_update_days_median": 147.23769999999999, "submitted": 460}