{"abandoned": 10, "merged": 81, "new": 10, "pending": 10, "review_time_days_avg": 5.640199999999998, "review_time_days_median": 0.8511, "review_time_pending_days_avg": 92.392510000000001, "review_time_pending_days_median": 73.884050000000002, "review_time_pending_update_days_avg": 43.590560000000004, "review_time_pending_update_days_median": 41.4833, "submitted": 101}