{"abandoned": 3, "merged": 27, "new": 6, "pending": 6, "review_time_days_avg": 9.2891625, "review_time_days_median": 1.21705, "review_time_pending_days_avg": 42.754579999999997, "review_time_pending_days_median": 7.2964000000000002, "review_time_pending_update_days_avg": 41.627799999999993, "review_time_pending_update_days_median": 7.1257999999999999, "submitted": 36}