{"ReviewsWaitingForReviewer": 6, "abandoned": 5, "merged": 178, "new": 9, "pending": 9, "review_time_days_avg": 35.23437142857143, "review_time_days_median": 17.0082, "review_time_pending_days_avg": 216.33035000000004, "review_time_pending_days_median": 217.82524999999998, "review_time_pending_update_days_avg": 177.51076666666665, "review_time_pending_update_days_median": 112.24779999999998, "submitted": 192}