{"abandoned": 40, "merged": 236, "new": 10, "pending": 10, "review_time_days_avg": 16.557579104477615, "review_time_days_median": 1.7655, "review_time_pending_days_avg": 118.0712, "review_time_pending_days_median": 97.241549999999989, "review_time_pending_update_days_avg": 85.960925000000017, "review_time_pending_update_days_median": 78.742649999999998, "submitted": 286}