{"abandoned": 5, "merged": 178, "new": 9, "pending": 9, "review_time_days_avg": 35.23437142857143, "review_time_days_median": 17.0082, "review_time_pending_days_avg": 186.31541666666669, "review_time_pending_days_median": 187.81030000000001, "review_time_pending_update_days_avg": 147.49584999999999, "review_time_pending_update_days_median": 82.232900000000001, "submitted": 192}