{"abandoned": 87, "merged": 1566, "new": 9, "pending": 9, "review_time_days_avg": 4.552469010989008, "review_time_days_median": 0.2806, "review_time_pending_days_avg": 73.874211111111109, "review_time_pending_days_median": 47.396099999999997, "review_time_pending_update_days_avg": 25.989688888888892, "review_time_pending_update_days_median": 15.3848, "submitted": 1662}