{"abandoned": 3, "merged": 54, "new": 1, "pending": 1, "review_time_days_avg": 21.091453333333334, "review_time_days_median": 1.1305, "review_time_pending_days_avg": 185.61670000000001, "review_time_pending_days_median": 185.61670000000001, "review_time_pending_update_days_avg": 184.80860000000001, "review_time_pending_update_days_median": 184.80860000000001, "submitted": 58}