{"abandoned": 11, "merged": 50, "new": 15, "pending": 15, "review_time_days_avg": 10.644491176470586, "review_time_days_median": 3.82495, "review_time_pending_days_avg": 147.22378, "review_time_pending_days_median": 91.504199999999997, "review_time_pending_update_days_avg": 98.40430666666667, "review_time_pending_update_days_median": 82.234300000000005, "submitted": 76}