{"abandoned": 1357, "merged": 10946, "new": 458, "pending": 458, "review_time_days_avg": 14.715115326708847, "review_time_days_median": 0.9194, "review_time_pending_days_avg": 113.59483057851249, "review_time_pending_days_median": 78.224400000000003, "review_time_pending_update_days_avg": 66.033565840220405, "review_time_pending_update_days_median": 38.247999999999998, "submitted": 12761}