{"ReviewsWaitingForReviewer": 254, "abandoned": 1436, "merged": 11545, "new": 477, "pending": 477, "review_time_days_avg": 14.129023107255527, "review_time_days_median": 0.8276, "review_time_pending_days_avg": 120.49271902313625, "review_time_pending_days_median": 86.450800000000001, "review_time_pending_update_days_avg": 66.049863496143985, "review_time_pending_update_days_median": 29.349900000000002, "submitted": 13458}