{"abandoned": 35, "merged": 253, "new": 6, "pending": 6, "review_time_days_avg": 5.72196363636364, "review_time_days_median": 0.5255, "review_time_pending_days_avg": 89.705499999999986, "review_time_pending_days_median": 64.516449999999992, "review_time_pending_update_days_avg": 85.13666666666667, "review_time_pending_update_days_median": 63.463200000000001, "submitted": 294}