{"ReviewsWaitingForReviewer": 5, "abandoned": 6, "merged": 15, "new": 6, "pending": 6, "review_time_days_avg": 9.114692307692307, "review_time_days_median": 8.7234, "review_time_pending_days_avg": 39.910550000000001, "review_time_pending_days_median": 37.675899999999999, "review_time_pending_update_days_avg": 13.421949999999997, "review_time_pending_update_days_median": 14.626049999999999, "submitted": 27}