{"abandoned": 97, "merged": 1081, "new": 39, "pending": 39, "review_time_days_avg": 4.001700447427296, "review_time_days_median": 0.8440000000000001, "review_time_pending_days_avg": 35.042743589743573, "review_time_pending_days_median": 19.167100000000001, "review_time_pending_update_days_avg": 24.461912820512818, "review_time_pending_update_days_median": 11.473599999999999, "submitted": 1217}