{"abandoned": 69, "merged": 389, "new": 42, "pending": 42, "review_time_days_avg": 17.949035294117643, "review_time_days_median": 1.3241, "review_time_pending_days_avg": 204.86702692307688, "review_time_pending_days_median": 186.25824999999998, "review_time_pending_update_days_avg": 166.88858846153846, "review_time_pending_update_days_median": 178.68439999999998, "submitted": 500}