{"abandoned": 4, "merged": 33, "new": 9, "pending": 9, "review_time_days_avg": 7.09226956521739, "review_time_days_median": 2.519, "review_time_pending_days_avg": 28.047366666666669, "review_time_pending_days_median": 11.584199999999999, "review_time_pending_update_days_avg": 4.7520666666666669, "review_time_pending_update_days_median": 4.5045000000000002, "submitted": 46}