{"ReviewsWaitingForReviewer": 2, "abandoned": 35, "merged": 268, "new": 4, "pending": 4, "review_time_days_avg": 5.613562345679011, "review_time_days_median": 0.6511, "review_time_pending_days_avg": 91.827075000000008, "review_time_pending_days_median": 82.615900000000011, "review_time_pending_update_days_avg": 89.448250000000002, "review_time_pending_update_days_median": 82.040750000000003, "submitted": 307}