{"ReviewsWaitingForReviewer": 6, "abandoned": 142, "merged": 850, "new": 9, "pending": 9, "review_time_days_avg": 11.864507812500003, "review_time_days_median": 0.2517, "review_time_pending_days_avg": 255.78192857142858, "review_time_pending_days_median": 281.11079999999998, "review_time_pending_update_days_avg": 123.39008571428573, "review_time_pending_update_days_median": 133.65199999999999, "submitted": 1001}