{"abandoned": 6, "merged": 57, "new": 11, "pending": 11, "review_time_days_avg": 12.636638461538464, "review_time_days_median": 5.91535, "review_time_pending_days_avg": 98.985499999999988, "review_time_pending_days_median": 5.4059999999999997, "review_time_pending_update_days_avg": 45.243171428571422, "review_time_pending_update_days_median": 5.2762000000000002, "submitted": 74}