{"abandoned": 57, "merged": 355, "new": 27, "pending": 27, "review_time_days_avg": 4.37064051724138, "review_time_days_median": 0.04875, "review_time_pending_days_avg": 186.59483461538457, "review_time_pending_days_median": 172.28575000000001, "review_time_pending_update_days_avg": 165.16029230769226, "review_time_pending_update_days_median": 163.7295, "submitted": 439}