{"abandoned": 4, "merged": 17, "new": 1, "pending": 1, "review_time_days_avg": 28.209555555555553, "review_time_days_median": 2.9915, "review_time_pending_days_avg": 205.07660000000001, "review_time_pending_days_median": 205.07660000000001, "review_time_pending_update_days_avg": 42.545499999999997, "review_time_pending_update_days_median": 42.545499999999997, "submitted": 22}