{"abandoned": 35, "merged": 253, "new": 6, "pending": 6, "review_time_days_avg": 5.72196363636364, "review_time_days_median": 0.5255, "review_time_pending_days_avg": 92.665066666666675, "review_time_pending_days_median": 67.476050000000001, "review_time_pending_update_days_avg": 88.096199999999996, "review_time_pending_update_days_median": 66.422700000000006, "submitted": 294}