{"ReviewsWaitingForReviewer": 5, "abandoned": 154, "merged": 1710, "new": 16, "pending": 16, "review_time_days_avg": 3.535002302631577, "review_time_days_median": 0.14135, "review_time_pending_days_avg": 247.63283333333337, "review_time_pending_days_median": 271.33330000000001, "review_time_pending_update_days_avg": 188.8174888888889, "review_time_pending_update_days_median": 175.29169999999999, "submitted": 1880}