{"abandoned": 10, "merged": 81, "new": 10, "pending": 10, "review_time_days_avg": 5.640199999999998, "review_time_days_median": 0.8511, "review_time_pending_days_avg": 94.364389999999986, "review_time_pending_days_median": 75.855950000000007, "review_time_pending_update_days_avg": 45.562429999999992, "review_time_pending_update_days_median": 43.455199999999998, "submitted": 101}