{"ReviewsWaitingForReviewer": 0, "abandoned": 0, "merged": 57, "new": 1, "pending": 1, "review_time_days_avg": 12.006977192982456, "review_time_days_median": 10.7847, "review_time_pending_days_avg": 43.798400000000001, "review_time_pending_days_median": 43.798400000000001, "review_time_pending_update_days_avg": 42.464799999999997, "review_time_pending_update_days_median": 42.464799999999997, "submitted": 58}