{"abandoned": 37, "merged": 286, "new": 6, "pending": 6, "review_time_days_avg": 4.895163829787232, "review_time_days_median": 0.2752, "review_time_pending_days_avg": 171.69272000000004, "review_time_pending_days_median": 180.2654, "review_time_pending_update_days_avg": 171.27116000000001, "review_time_pending_update_days_median": 180.26519999999999, "submitted": 329}