{"abandoned": 28, "merged": 426, "new": 11, "pending": 11, "review_time_days_avg": 4.603866666666664, "review_time_days_median": 0.9374, "review_time_pending_days_avg": 69.75915454545455, "review_time_pending_days_median": 23.622399999999999, "review_time_pending_update_days_avg": 65.39337272727272, "review_time_pending_update_days_median": 9.7178000000000004, "submitted": 465}