{"ReviewsWaitingForReviewer": 1, "abandoned": 1, "merged": 35, "new": 2, "pending": 2, "review_time_days_avg": 2.2350393939393935, "review_time_days_median": 0.0209, "review_time_pending_days_avg": 95.779349999999994, "review_time_pending_days_median": 95.779349999999994, "review_time_pending_update_days_avg": 58.809899999999999, "review_time_pending_update_days_median": 58.809899999999999, "submitted": 38}