{"ReviewsWaitingForReviewer": 23, "abandoned": 7, "merged": 86, "new": 23, "pending": 23, "review_time_days_avg": 30.12673636363636, "review_time_days_median": 16.6364, "review_time_pending_days_avg": 60.17328695652175, "review_time_pending_days_median": 21.645700000000001, "review_time_pending_update_days_avg": 32.055273913043472, "review_time_pending_update_days_median": 21.625399999999999, "submitted": 116}