{"abandoned": 65, "merged": 689, "new": 25, "pending": 25, "review_time_days_avg": 4.001437251356237, "review_time_days_median": 0.7378, "review_time_pending_days_avg": 85.185268000000008, "review_time_pending_days_median": 41.579999999999998, "review_time_pending_update_days_avg": 62.183104000000021, "review_time_pending_update_days_median": 37.403700000000001, "submitted": 779}