{"ReviewsWaitingForReviewer": 0, "abandoned": 13, "merged": 135, "new": 1, "pending": 1, "review_time_days_avg": 35.44305531914894, "review_time_days_median": 3.221, "review_time_pending_days_avg": 28.948599999999999, "review_time_pending_days_median": 28.948599999999999, "review_time_pending_update_days_avg": 21.517199999999999, "review_time_pending_update_days_median": 21.517199999999999, "submitted": 149}