{"abandoned": 9, "merged": 177, "new": 2, "pending": 2, "review_time_days_avg": 3.0260582352941183, "review_time_days_median": 0.7737, "review_time_pending_days_avg": 3.5122499999999999, "review_time_pending_days_median": 3.5122499999999999, "review_time_pending_update_days_avg": 0.51760000000000006, "review_time_pending_update_days_median": 0.51760000000000006, "submitted": 188}