{"abandoned": 5, "merged": 96, "new": 5, "pending": 5, "review_time_days_avg": 2.731533333333333, "review_time_days_median": 0.7073, "review_time_pending_days_avg": 123.85810000000001, "review_time_pending_days_median": 129.94280000000001, "review_time_pending_update_days_avg": 87.350949999999997, "review_time_pending_update_days_median": 89.041599999999988, "submitted": 106}