{"ReviewsWaitingForReviewer": 0, "abandoned": 12, "merged": 64, "new": 1, "pending": 1, "review_time_days_avg": 8.015827450980394, "review_time_days_median": 1.0388, "review_time_pending_days_avg": 57.265000000000001, "review_time_pending_days_median": 57.265000000000001, "review_time_pending_update_days_avg": 1.4269000000000001, "review_time_pending_update_days_median": 1.4269000000000001, "submitted": 77}