{"ReviewsWaitingForReviewer": 2, "abandoned": 4, "merged": 19, "new": 2, "pending": 2, "review_time_days_avg": 25.396849999999997, "review_time_days_median": 1.6232, "review_time_pending_days_avg": 114.47754999999999, "review_time_pending_days_median": 114.47754999999999, "review_time_pending_update_days_avg": 33.196449999999999, "review_time_pending_update_days_median": 33.196449999999999, "submitted": 25}