{"abandoned": 1, "merged": 61, "new": 2, "pending": 2, "review_time_days_avg": 1.259741176470588, "review_time_days_median": 0.047549999999999995, "review_time_pending_days_avg": 205.75405000000001, "review_time_pending_days_median": 205.75405000000001, "review_time_pending_update_days_avg": 136.50630000000001, "review_time_pending_update_days_median": 136.50630000000001, "submitted": 64}