{"ReviewsWaitingForReviewer": 3, "abandoned": 8, "merged": 40, "new": 6, "pending": 6, "review_time_days_avg": 8.808653846153847, "review_time_days_median": 2.0318, "review_time_pending_days_avg": 85.357066666666654, "review_time_pending_days_median": 31.254899999999999, "review_time_pending_update_days_avg": 79.055700000000002, "review_time_pending_update_days_median": 31.252600000000001, "submitted": 54}