{"abandoned": 5, "merged": 81, "new": 13, "pending": 13, "review_time_days_avg": 21.671042857142854, "review_time_days_median": 16.5602, "review_time_pending_days_avg": 110.91819230769231, "review_time_pending_days_median": 111.70950000000001, "review_time_pending_update_days_avg": 105.58486923076921, "review_time_pending_update_days_median": 100.64360000000001, "submitted": 99}