{"abandoned": 0, "merged": 8, "new": 1, "pending": 1, "review_time_days_avg": 0.8732333333333333, "review_time_days_median": 0.1085, "review_time_pending_days_avg": 1.2869999999999999, "review_time_pending_days_median": 1.2869999999999999, "review_time_pending_update_days_avg": 1.2869999999999999, "review_time_pending_update_days_median": 1.2869999999999999, "submitted": 9}