{"abandoned": 8, "merged": 49, "new": 1, "pending": 1, "review_time_days_avg": 4.552565789473683, "review_time_days_median": 1.5927, "review_time_pending_days_avg": 5.3407999999999998, "review_time_pending_days_median": 5.3407999999999998, "review_time_pending_update_days_avg": 1.2527999999999999, "review_time_pending_update_days_median": 1.2527999999999999, "submitted": 58}