{"ReviewsWaitingForReviewer": 6, "abandoned": 5, "merged": 178, "new": 9, "pending": 9, "review_time_days_avg": 35.23437142857143, "review_time_days_median": 17.0082, "review_time_pending_days_avg": 215.35526666666667, "review_time_pending_days_median": 216.85014999999999, "review_time_pending_update_days_avg": 176.53571666666667, "review_time_pending_update_days_median": 111.27279999999999, "submitted": 192}