{"abandoned": 16, "merged": 79, "new": 3, "pending": 3, "review_time_days_avg": 2.0749727272727267, "review_time_days_median": 0.25775000000000003, "review_time_pending_days_avg": 135.25074999999998, "review_time_pending_days_median": 135.25074999999998, "review_time_pending_update_days_avg": 66.435000000000002, "review_time_pending_update_days_median": 66.435000000000002, "submitted": 98}