{"ReviewsWaitingForReviewer": 2, "abandoned": 52, "merged": 195, "new": 7, "pending": 7, "review_time_days_avg": 7.698667469879517, "review_time_days_median": 0.4908, "review_time_pending_days_avg": 79.490660000000005, "review_time_pending_days_median": 9.6029999999999998, "review_time_pending_update_days_avg": 50.286900000000003, "review_time_pending_update_days_median": 0.65059999999999996, "submitted": 254}