{"ReviewsWaitingForSubmitter": 2, "abandoned": 9, "merged": 140, "new": 18, "pending": 18, "review_time_days_avg": 9.463226744186045, "review_time_days_median": 0.036449999999999996, "review_time_pending_days_avg": 73.273570588235316, "review_time_pending_days_median": 6.3174999999999999, "review_time_pending_update_days_avg": 61.439447058823532, "review_time_pending_update_days_median": 6.3174000000000001, "submitted": 167}