{"abandoned": 3, "merged": 37, "new": 2, "pending": 2, "review_time_days_avg": 3.014375, "review_time_days_median": 0.2458, "review_time_pending_days_avg": 108.03740000000001, "review_time_pending_days_median": 108.03740000000001, "review_time_pending_update_days_avg": 77.884700000000009, "review_time_pending_update_days_median": 77.884700000000009, "submitted": 42}