{"abandoned": 45, "merged": 495, "new": 16, "pending": 16, "review_time_days_avg": 9.475422058823531, "review_time_days_median": 2.1534500000000003, "review_time_pending_days_avg": 207.87071428571429, "review_time_pending_days_median": 196.0437, "review_time_pending_update_days_avg": 134.24817857142855, "review_time_pending_update_days_median": 139.28005000000002, "submitted": 556}