{"abandoned": 340, "merged": 3930, "new": 48, "pending": 48, "review_time_days_avg": 5.205025391498881, "review_time_days_median": 0.76885, "review_time_pending_days_avg": 52.909342553191493, "review_time_pending_days_median": 23.402000000000001, "review_time_pending_update_days_avg": 30.873678723404243, "review_time_pending_update_days_median": 7.8400999999999996, "submitted": 4318}