{"abandoned": 13, "merged": 186, "new": 7, "pending": 7, "review_time_days_avg": 7.456183673469387, "review_time_days_median": 2.0909, "review_time_pending_days_avg": 26.678757142857144, "review_time_pending_days_median": 22.613600000000002, "review_time_pending_update_days_avg": 17.623357142857142, "review_time_pending_update_days_median": 4.1321000000000003, "submitted": 206}