{"ReviewsWaitingForReviewer": 2, "abandoned": 4, "merged": 19, "new": 2, "pending": 2, "review_time_days_avg": 25.396849999999997, "review_time_days_median": 1.6232, "review_time_pending_days_avg": 117.48944999999999, "review_time_pending_days_median": 117.48944999999999, "review_time_pending_update_days_avg": 36.208349999999996, "review_time_pending_update_days_median": 36.208349999999996, "submitted": 25}