{"abandoned": 3, "merged": 27, "new": 6, "pending": 6, "review_time_days_avg": 9.2891625, "review_time_days_median": 1.21705, "review_time_pending_days_avg": 39.644159999999999, "review_time_pending_days_median": 4.1859000000000002, "review_time_pending_update_days_avg": 38.517379999999989, "review_time_pending_update_days_median": 4.0153999999999996, "submitted": 36}