{"abandoned": 13, "merged": 168, "new": 14, "pending": 14, "review_time_days_avg": 10.07844255319149, "review_time_days_median": 1.3559999999999999, "review_time_pending_days_avg": 112.18897142857143, "review_time_pending_days_median": 127.32615, "review_time_pending_update_days_avg": 65.697378571428573, "review_time_pending_update_days_median": 63.967649999999999, "submitted": 195}