{"abandoned": 50, "merged": 168, "new": 10, "pending": 10, "review_time_days_avg": 5.557740983606555, "review_time_days_median": 0.3805, "review_time_pending_days_avg": 85.002424999999988, "review_time_pending_days_median": 57.2134, "review_time_pending_update_days_avg": 40.098275000000001, "review_time_pending_update_days_median": 18.322499999999998, "submitted": 228}