{"abandoned": 52, "merged": 189, "new": 5, "pending": 5, "review_time_days_avg": 7.984207692307692, "review_time_days_median": 0.3669, "review_time_pending_days_avg": 117.12466666666667, "review_time_pending_days_median": 12.876099999999999, "review_time_pending_update_days_avg": 75.689999999999998, "review_time_pending_update_days_median": 0.87150000000000005, "submitted": 246}