{"abandoned": 24, "merged": 255, "new": 6, "pending": 6, "review_time_days_avg": 4.903205769230769, "review_time_days_median": 0.45775, "review_time_pending_days_avg": 20.036083333333334, "review_time_pending_days_median": 12.452400000000001, "review_time_pending_update_days_avg": 6.8411000000000008, "review_time_pending_update_days_median": 6.8879000000000001, "submitted": 285}