{"ReviewsWaitingForReviewer": 1, "abandoned": 1, "merged": 38, "new": 3, "pending": 3, "review_time_days_avg": 50.13094444444445, "review_time_days_median": 3.37765, "review_time_pending_days_avg": 61.140550000000005, "review_time_pending_days_median": 61.140550000000005, "review_time_pending_update_days_avg": 23.394349999999999, "review_time_pending_update_days_median": 23.394349999999999, "submitted": 42}