{"abandoned": 4, "merged": 12, "new": 2, "pending": 2, "review_time_days_avg": 59.5884, "review_time_days_median": 59.5884, "review_time_pending_days_avg": 336.67630000000003, "review_time_pending_days_median": 336.67630000000003, "review_time_pending_update_days_avg": 336.67630000000003, "review_time_pending_update_days_median": 336.67630000000003, "submitted": 18}