{"abandoned": 9, "merged": 140, "new": 14, "pending": 14, "review_time_days_avg": 9.463226744186045, "review_time_days_median": 0.036449999999999996, "review_time_pending_days_avg": 90.832346153846188, "review_time_pending_days_median": 86.4392, "review_time_pending_update_days_avg": 75.581661538461532, "review_time_pending_update_days_median": 8.3772000000000002, "submitted": 163}