{"abandoned": 9, "merged": 177, "new": 1, "pending": 1, "review_time_days_avg": 3.0260582352941183, "review_time_days_median": 0.7737, "review_time_pending_days_avg": 5.5187999999999997, "review_time_pending_days_median": 5.5187999999999997, "review_time_pending_update_days_avg": 0.29780000000000001, "review_time_pending_update_days_median": 0.29780000000000001, "submitted": 187}