{"ReviewsWaitingForReviewer": 10, "abandoned": 231, "merged": 3265, "new": 30, "pending": 30, "review_time_days_avg": 3.0370773347897275, "review_time_days_median": 0.2315, "review_time_pending_days_avg": 86.034266666666653, "review_time_pending_days_median": 30.382300000000001, "review_time_pending_update_days_avg": 38.081339999999997, "review_time_pending_update_days_median": 4.9657499999999999, "submitted": 3526}