{"abandoned": 154, "merged": 1710, "new": 16, "pending": 16, "review_time_days_avg": 3.535002302631577, "review_time_days_median": 0.14135, "review_time_pending_days_avg": 244.6254444444445, "review_time_pending_days_median": 268.32589999999999, "review_time_pending_update_days_avg": 185.81013333333334, "review_time_pending_update_days_median": 172.2843, "submitted": 1880}