{"ReviewsWaitingForReviewer": 3, "abandoned": 48, "merged": 483, "new": 23, "pending": 23, "review_time_days_avg": 3.221836585365855, "review_time_days_median": 0.9291499999999999, "review_time_pending_ReviewsWaitingForReviewer_days_avg": 68.829066666666662, "review_time_pending_ReviewsWaitingForReviewer_days_median": 66.073599999999999, "review_time_pending_days_avg": 72.429921739130435, "review_time_pending_days_median": 66.073599999999999, "review_time_pending_update_ReviewsWaitingForReviewer_days_avg": 37.456466666666664, "review_time_pending_update_ReviewsWaitingForReviewer_days_median": 32.876600000000003, "review_time_pending_update_days_avg": 57.941021739130427, "review_time_pending_update_days_median": 45.346899999999998, "submitted": 554}