{"abandoned": 97, "merged": 1081, "new": 39, "pending": 39, "review_time_days_avg": 4.001700447427296, "review_time_days_median": 0.8440000000000001, "review_time_pending_days_avg": 34.052451282051273, "review_time_pending_days_median": 18.1769, "review_time_pending_update_days_avg": 23.471620512820518, "review_time_pending_update_days_median": 10.4833, "submitted": 1217}