{"ReviewsWaitingForReviewer": 4, "abandoned": 6, "merged": 59, "new": 11, "pending": 11, "review_time_days_avg": 12.65417777777778, "review_time_days_median": 5.9316, "review_time_pending_days_avg": 133.98682857142859, "review_time_pending_days_median": 40.407400000000003, "review_time_pending_update_days_avg": 71.14311428571429, "review_time_pending_update_days_median": 40.277500000000003, "submitted": 76}