{"abandoned": 13, "merged": 135, "new": 1, "pending": 1, "review_time_days_avg": 35.44305531914894, "review_time_days_median": 3.221, "review_time_pending_days_avg": 18.986499999999999, "review_time_pending_days_median": 18.986499999999999, "review_time_pending_update_days_avg": 11.555099999999999, "review_time_pending_update_days_median": 11.555099999999999, "submitted": 149}