{"abandoned": 6, "merged": 117, "new": 2, "pending": 2, "review_time_days_avg": 11.395201851851848, "review_time_days_median": 0.44565, "review_time_pending_days_avg": 73.572249999999997, "review_time_pending_days_median": 73.572249999999997, "review_time_pending_update_days_avg": 36.004149999999996, "review_time_pending_update_days_median": 36.004149999999996, "submitted": 125}