{"ReviewsWaitingForReviewer": 9, "abandoned": 8, "merged": 142, "new": 15, "pending": 15, "review_time_days_avg": 9.918425423728815, "review_time_days_median": 1.5053, "review_time_pending_days_avg": 153.8954066666667, "review_time_pending_days_median": 232.66249999999999, "review_time_pending_update_days_avg": 140.82864666666669, "review_time_pending_update_days_median": 193.12540000000001, "submitted": 165}