{"abandoned": 8, "merged": 142, "new": 14, "pending": 14, "review_time_days_avg": 9.918425423728815, "review_time_days_median": 1.5053, "review_time_pending_days_avg": 160.60626428571427, "review_time_pending_days_median": 228.68470000000002, "review_time_pending_update_days_avg": 146.60619999999997, "review_time_pending_update_days_median": 204.0187, "submitted": 164}