{"abandoned": 49, "merged": 165, "new": 10, "pending": 10, "review_time_days_avg": 5.743301694915252, "review_time_days_median": 0.4908, "review_time_pending_days_avg": 84.147099999999995, "review_time_pending_days_median": 53.925800000000002, "review_time_pending_update_days_avg": 52.109287500000008, "review_time_pending_update_days_median": 32.061300000000003, "submitted": 224}