{"ReviewsWaitingForReviewer": 4, "abandoned": 5, "merged": 34, "new": 5, "pending": 5, "review_time_days_avg": 11.482642857142858, "review_time_days_median": 0.0842, "review_time_pending_days_avg": 134.08293999999998, "review_time_pending_days_median": 74.323999999999998, "review_time_pending_update_days_avg": 76.806120000000007, "review_time_pending_update_days_median": 36.738399999999999, "submitted": 44}