{"abandoned": 226, "merged": 3146, "new": 26, "pending": 26, "review_time_days_avg": 3.05595205558772, "review_time_days_median": 0.235, "review_time_pending_days_avg": 87.905003846153861, "review_time_pending_days_median": 37.950099999999999, "review_time_pending_update_days_avg": 39.049415384615386, "review_time_pending_update_days_median": 18.966699999999999, "submitted": 3398}