{"abandoned": 43, "merged": 424, "new": 25, "pending": 25, "review_time_days_avg": 3.445675069252078, "review_time_days_median": 1.1309, "review_time_pending_days_avg": 47.669295999999996, "review_time_pending_days_median": 30.043600000000001, "review_time_pending_update_days_avg": 34.113891999999986, "review_time_pending_update_days_median": 21.987300000000001, "submitted": 492}