{"abandoned": 5, "merged": 178, "new": 9, "pending": 9, "review_time_days_avg": 35.23437142857143, "review_time_days_median": 17.0082, "review_time_pending_days_avg": 206.31029999999998, "review_time_pending_days_median": 207.80520000000001, "review_time_pending_update_days_avg": 167.49075000000002, "review_time_pending_update_days_median": 102.2278, "submitted": 192}