{"abandoned": 32, "merged": 415, "new": 4, "pending": 4, "review_time_days_avg": 3.463782608695652, "review_time_days_median": 0.7023, "review_time_pending_days_avg": 245.42653333333331, "review_time_pending_days_median": 259.76659999999998, "review_time_pending_update_days_avg": 125.41079999999999, "review_time_pending_update_days_median": 75.072500000000005, "submitted": 451}