{"ReviewsWaitingForReviewer": 3, "abandoned": 18, "merged": 65, "new": 4, "pending": 4, "review_time_days_avg": 7.877903846153847, "review_time_days_median": 1.0230000000000001, "review_time_pending_days_avg": 18.636524999999999, "review_time_pending_days_median": 3.8338000000000001, "review_time_pending_update_days_avg": 4.6338499999999998, "review_time_pending_update_days_median": 3.7475000000000001, "submitted": 87}