{"ReviewsWaitingForReviewer": 3, "abandoned": 35, "merged": 253, "new": 6, "pending": 6, "review_time_days_avg": 5.72196363636364, "review_time_days_median": 0.5255, "review_time_pending_days_avg": 94.810700000000011, "review_time_pending_days_median": 69.621650000000002, "review_time_pending_update_days_avg": 90.241849999999999, "review_time_pending_update_days_median": 68.568399999999997, "submitted": 294}