{"ReviewsWaitingForReviewer": 1, "abandoned": 1, "merged": 29, "new": 2, "pending": 2, "review_time_days_avg": 12.238654166666668, "review_time_days_median": 1.80585, "review_time_pending_days_avg": 137.19970000000001, "review_time_pending_days_median": 137.19970000000001, "review_time_pending_update_days_avg": 117.99549999999999, "review_time_pending_update_days_median": 117.99549999999999, "submitted": 32}