{"WaitingForSubmitter": 3, "abandoned": 35, "merged": 253, "new": 6, "pending": 6, "review_time_days_avg": 5.72196363636364, "review_time_days_median": 0.5255, "review_time_pending_days_avg": 93.084199999999996, "review_time_pending_days_median": 67.895150000000001, "review_time_pending_update_days_avg": 88.515366666666679, "review_time_pending_update_days_median": 66.84190000000001, "submitted": 294}