{"abandoned": 1, "merged": 7, "new": 1, "pending": 1, "review_time_days_avg": 1.4055285714285712, "review_time_days_median": 0.008, "review_time_pending_days_avg": 30.429300000000001, "review_time_pending_days_median": 30.429300000000001, "review_time_pending_update_days_avg": 30.428899999999999, "review_time_pending_update_days_median": 30.428899999999999, "submitted": 9}