{"abandoned": 340, "merged": 3920, "new": 44, "pending": 44, "review_time_days_avg": 5.207103822372118, "review_time_days_median": 0.7698, "review_time_pending_days_avg": 55.930341860465113, "review_time_pending_days_median": 23.442799999999998, "review_time_pending_update_days_avg": 35.857474418604632, "review_time_pending_update_days_median": 14.589600000000001, "submitted": 4304}