{"ReviewsWaitingForReviewer": 1, "abandoned": 25, "merged": 359, "new": 3, "pending": 3, "review_time_days_avg": 1.3657574999999995, "review_time_days_median": 0.17375000000000002, "review_time_pending_ReviewsWaitingForReviewer_days_avg": 1.0600000000000001, "review_time_pending_ReviewsWaitingForReviewer_days_median": 1.0600000000000001, "review_time_pending_days_avg": 56.056833333333337, "review_time_pending_days_median": 76.561199999999999, "review_time_pending_update_ReviewsWaitingForReviewer_days_avg": 0.29320000000000002, "review_time_pending_update_ReviewsWaitingForReviewer_days_median": 0.29320000000000002, "review_time_pending_update_days_avg": 15.402000000000001, "review_time_pending_update_days_median": 21.932500000000001, "submitted": 387}