{"abandoned": 9, "merged": 106, "new": 7, "pending": 7, "review_time_days_avg": 17.773040506329114, "review_time_days_median": 2.7447, "review_time_pending_days_avg": 78.701000000000008, "review_time_pending_days_median": 81.797899999999998, "review_time_pending_update_days_avg": 40.416071428571435, "review_time_pending_update_days_median": 37.604500000000002, "submitted": 122}