{"abandoned": 5, "merged": 96, "new": 5, "pending": 5, "review_time_days_avg": 2.731533333333333, "review_time_days_median": 0.7073, "review_time_pending_days_avg": 122.92660000000001, "review_time_pending_days_median": 129.01130000000001, "review_time_pending_update_days_avg": 86.419449999999998, "review_time_pending_update_days_median": 88.110099999999989, "submitted": 106}