{"abandoned": 116, "merged": 663, "new": 4, "pending": 4, "review_time_days_avg": 2.986535135135135, "review_time_days_median": 0.3573, "review_time_pending_days_avg": 141.14802499999999, "review_time_pending_days_median": 128.25675000000001, "review_time_pending_update_days_avg": 64.763374999999996, "review_time_pending_update_days_median": 79.447199999999995, "submitted": 783}