{"abandoned": 1374, "merged": 11032, "new": 462, "pending": 462, "review_time_days_avg": 14.574102711464805, "review_time_days_median": 0.9047, "review_time_pending_days_avg": 115.46133550135497, "review_time_pending_days_median": 79.665199999999999, "review_time_pending_update_days_avg": 64.02564254742542, "review_time_pending_update_days_median": 35.565100000000001, "submitted": 12868}