{"abandoned": 10, "merged": 81, "new": 10, "pending": 10, "review_time_days_avg": 5.640199999999998, "review_time_days_median": 0.8511, "review_time_pending_days_avg": 97.323939999999979, "review_time_pending_days_median": 78.8155, "review_time_pending_update_days_avg": 43.31374000000001, "review_time_pending_update_days_median": 31.653300000000002, "submitted": 101}