{"ReviewsWaitingForReviewer": 5, "abandoned": 42, "merged": 506, "new": 7, "pending": 7, "review_time_days_avg": 5.7069339207048495, "review_time_days_median": 0.467, "review_time_pending_days_avg": 90.194128571428578, "review_time_pending_days_median": 43.856000000000002, "review_time_pending_update_days_avg": 76.89592857142857, "review_time_pending_update_days_median": 43.855899999999998, "submitted": 555}