{"ReviewsWaitingForReviewer": 5, "abandoned": 41, "merged": 505, "new": 8, "pending": 8, "review_time_days_avg": 5.7069339207048495, "review_time_days_median": 0.467, "review_time_pending_days_avg": 106.98791250000001, "review_time_pending_days_median": 96.651449999999997, "review_time_pending_update_days_avg": 93.036450000000002, "review_time_pending_update_days_median": 79.919600000000003, "submitted": 554}