{"ReviewsWaitingForReviewer": 2, "abandoned": 4, "merged": 82, "new": 3, "pending": 3, "review_time_days_avg": 1.1069285714285713, "review_time_days_median": 0.1798, "review_time_pending_days_avg": 4.1059999999999999, "review_time_pending_days_median": 4.1059999999999999, "review_time_pending_update_days_avg": 3.9949333333333334, "review_time_pending_update_days_median": 4.1059000000000001, "submitted": 89}