{"abandoned": 29, "merged": 335, "new": 14, "pending": 14, "review_time_days_avg": 4.398399328859061, "review_time_days_median": 0.1615, "review_time_pending_days_avg": 100.96403571428573, "review_time_pending_days_median": 108.42984999999999, "review_time_pending_update_days_avg": 41.958021428571428, "review_time_pending_update_days_median": 39.917549999999999, "submitted": 378}