{"abandoned": 25, "merged": 203, "new": 2, "pending": 2, "review_time_days_avg": 8.36512258064516, "review_time_days_median": 1.3763, "review_time_pending_days_avg": 90.875050000000002, "review_time_pending_days_median": 90.875050000000002, "review_time_pending_update_days_avg": 90.023449999999997, "review_time_pending_update_days_median": 90.023449999999997, "submitted": 230}