{"abandoned": 12, "merged": 347, "new": 10, "pending": 10, "review_time_days_avg": 12.237296590909096, "review_time_days_median": 1.1571500000000001, "review_time_pending_days_avg": 76.240939999999995, "review_time_pending_days_median": 72.25685, "review_time_pending_update_days_avg": 65.16382999999999, "review_time_pending_update_days_median": 70.714149999999989, "submitted": 369}