{"abandoned": 21, "merged": 234, "new": 10, "pending": 10, "review_time_days_avg": 15.609301449275362, "review_time_days_median": 0.5572, "review_time_pending_days_avg": 72.93402857142857, "review_time_pending_days_median": 27.367999999999999, "review_time_pending_update_days_avg": 31.117942857142857, "review_time_pending_update_days_median": 11.257099999999999, "submitted": 265}