{"WaitingForSubmitter": 17, "abandoned": 13, "merged": 170, "new": 12, "pending": 12, "review_time_days_avg": 12.212486458333332, "review_time_days_median": 1.4082, "review_time_pending_days_avg": 138.83595833333334, "review_time_pending_days_median": 151.60784999999998, "review_time_pending_update_days_avg": 70.378758333333323, "review_time_pending_update_days_median": 59.515999999999998, "submitted": 195}