{"ReviewsWaitingForReviewer": 5, "abandoned": 156, "merged": 1713, "new": 15, "pending": 15, "review_time_days_avg": 3.5196276595744664, "review_time_days_median": 0.1416, "review_time_pending_days_avg": 244.79266250000001, "review_time_pending_days_median": 249.94749999999999, "review_time_pending_update_days_avg": 213.501025, "review_time_pending_update_days_median": 201.92509999999999, "submitted": 1884}