{"abandoned": 4, "merged": 16, "new": 1, "pending": 1, "review_time_days_avg": 31.361812499999996, "review_time_days_median": 4.3705, "review_time_pending_days_avg": 188.07300000000001, "review_time_pending_days_median": 188.07300000000001, "review_time_pending_update_days_avg": 25.541799999999999, "review_time_pending_update_days_median": 25.541799999999999, "submitted": 21}