{"ReviewsWaitingForReviewer": 21, "abandoned": 7, "merged": 86, "new": 21, "pending": 21, "review_time_days_avg": 30.12673636363636, "review_time_days_median": 16.6364, "review_time_pending_days_avg": 56.037166666666636, "review_time_pending_days_median": 12.650700000000001, "review_time_pending_update_days_avg": 25.241276190476189, "review_time_pending_update_days_median": 12.626899999999999, "submitted": 114}