{"ReviewsWaitingForReviewer": 1, "abandoned": 1, "merged": 9, "new": 2, "pending": 2, "review_time_days_avg": 0.40785000000000005, "review_time_days_median": 0.40785000000000005, "review_time_pending_days_avg": 67.964100000000002, "review_time_pending_days_median": 67.964100000000002, "review_time_pending_update_days_avg": 67.963700000000003, "review_time_pending_update_days_median": 67.963700000000003, "submitted": 12}