{"abandoned": 73, "merged": 741, "new": 26, "pending": 26, "review_time_days_avg": 4.7362728499156805, "review_time_days_median": 0.7549, "review_time_pending_days_avg": 79.561076923076925, "review_time_pending_days_median": 45.923050000000003, "review_time_pending_update_days_avg": 49.012249999999987, "review_time_pending_update_days_median": 6.7637499999999999, "submitted": 840}