{"ReviewsWaitingForReviewer": 26, "abandoned": 343, "merged": 3978, "new": 49, "pending": 49, "review_time_days_avg": 5.173157768052518, "review_time_days_median": 0.7663500000000001, "review_time_pending_days_avg": 59.272508333333313, "review_time_pending_days_median": 29.057700000000001, "review_time_pending_update_days_avg": 36.773662500000007, "review_time_pending_update_days_median": 13.77835, "submitted": 4370}