{"abandoned": 361, "merged": 3276, "new": 19, "pending": 19, "review_time_days_avg": 3.1542614275414587, "review_time_days_median": 0.7958, "review_time_pending_days_avg": 15.703621052631583, "review_time_pending_days_median": 3.1181000000000001, "review_time_pending_update_days_avg": 5.8754105263157905, "review_time_pending_update_days_median": 1.4154, "submitted": 3656}