{"ReviewsWaitingForReviewer": 2, "abandoned": 5, "merged": 51, "new": 4, "pending": 4, "review_time_days_avg": 21.594842857142854, "review_time_days_median": 2.1146, "review_time_pending_days_avg": 0.95609999999999995, "review_time_pending_days_median": 0.95609999999999995, "review_time_pending_update_days_avg": 0.84950000000000003, "review_time_pending_update_days_median": 0.84950000000000003, "submitted": 60}