{"abandoned": 13, "merged": 95, "new": 10, "pending": 10, "review_time_days_avg": 11.344493939393942, "review_time_days_median": 0.8298, "review_time_pending_days_avg": 137.95968000000002, "review_time_pending_days_median": 139.70305000000002, "review_time_pending_update_days_avg": 60.085279999999997, "review_time_pending_update_days_median": 19.440550000000002, "submitted": 118}