{"ReviewsWaitingForReviewer": 3, "abandoned": 37, "merged": 286, "new": 6, "pending": 6, "review_time_days_avg": 4.895163829787232, "review_time_days_median": 0.2752, "review_time_pending_days_avg": 180.67546000000002, "review_time_pending_days_median": 189.24809999999999, "review_time_pending_update_days_avg": 180.25387999999998, "review_time_pending_update_days_median": 189.24789999999999, "submitted": 329}