{"ReviewsWaitingForSubmitter": 6, "abandoned": 97, "merged": 1085, "new": 36, "pending": 36, "review_time_days_avg": 3.998895758928574, "review_time_days_median": 0.84985, "review_time_pending_days_avg": 38.506822222222205, "review_time_pending_days_median": 22.592100000000002, "review_time_pending_update_days_avg": 27.23479722222222, "review_time_pending_update_days_median": 12.503349999999999, "submitted": 1218}