{"ReviewsWaitingForReviewer": 6, "abandoned": 142, "merged": 850, "new": 9, "pending": 9, "review_time_days_avg": 11.864507812500003, "review_time_days_median": 0.2517, "review_time_pending_days_avg": 252.77498571428572, "review_time_pending_days_median": 278.10379999999998, "review_time_pending_update_days_avg": 120.38318571428572, "review_time_pending_update_days_median": 130.64510000000001, "submitted": 1001}