{"abandoned": 1, "merged": 35, "new": 3, "pending": 3, "review_time_days_avg": 53.03986666666667, "review_time_days_median": 3.9379, "review_time_pending_days_avg": 88.011700000000005, "review_time_pending_days_median": 88.011700000000005, "review_time_pending_update_days_avg": 53.652100000000004, "review_time_pending_update_days_median": 53.652100000000004, "submitted": 39}