{"ReviewsWaitingForReviewer": 9, "abandoned": 28, "merged": 277, "new": 10, "pending": 10, "review_time_days_avg": 4.976098484848485, "review_time_days_median": 0.5743499999999999, "review_time_pending_days_avg": 24.528580000000002, "review_time_pending_days_median": 26.642199999999999, "review_time_pending_update_days_avg": 23.719909999999999, "review_time_pending_update_days_median": 24.070399999999999, "submitted": 315}