{"ReviewsWaitingForReviewer": 0, "abandoned": 3, "merged": 12, "new": 1, "pending": 1, "review_time_days_avg": 0.3946666666666667, "review_time_days_median": 0.4617, "review_time_pending_days_avg": 289.55720000000002, "review_time_pending_days_median": 289.55720000000002, "review_time_pending_update_days_avg": 4.3631000000000002, "review_time_pending_update_days_median": 4.3631000000000002, "submitted": 16}