{"abandoned": 10, "merged": 80, "new": 2, "pending": 2, "review_time_days_avg": 1.2256880597014925, "review_time_days_median": 0.0999, "review_time_pending_days_avg": 273.62855000000002, "review_time_pending_days_median": 273.62855000000002, "review_time_pending_update_days_avg": 258.06859999999995, "review_time_pending_update_days_median": 258.06859999999995, "submitted": 92}