{"abandoned": 1, "merged": 35, "new": 1, "pending": 1, "review_time_days_avg": 2.2350393939393935, "review_time_days_median": 0.0209, "review_time_pending_days_avg": 145.23670000000001, "review_time_pending_days_median": 145.23670000000001, "review_time_pending_update_days_avg": 76.377700000000004, "review_time_pending_update_days_median": 76.377700000000004, "submitted": 37}