{"abandoned": 71, "merged": 422, "new": 24, "pending": 24, "review_time_days_avg": 3.17755530726257, "review_time_days_median": 0.0817, "review_time_pending_days_avg": 223.84482083333342, "review_time_pending_days_median": 271.74714999999998, "review_time_pending_update_days_avg": 200.66810000000001, "review_time_pending_update_days_median": 213.78314999999998, "submitted": 517}