{"abandoned": 52, "merged": 189, "new": 5, "pending": 5, "review_time_days_avg": 7.958767088607594, "review_time_days_median": 0.3805, "review_time_pending_days_avg": 120.14573333333334, "review_time_pending_days_median": 15.8971, "review_time_pending_update_days_avg": 78.21990000000001, "review_time_pending_update_days_median": 3.8915000000000002, "submitted": 246}