{"ReviewsWaitingForReviewer": 5, "abandoned": 6, "merged": 97, "new": 5, "pending": 5, "review_time_days_avg": 2.6138000000000003, "review_time_days_median": 1.13075, "review_time_pending_days_avg": 116.53332500000002, "review_time_pending_days_median": 140.97120000000001, "review_time_pending_update_days_avg": 96.002275000000012, "review_time_pending_update_days_median": 100.07005000000001, "submitted": 108}