{"abandoned": 20, "merged": 480, "new": 2, "pending": 2, "review_time_days_avg": 1.2828423255813948, "review_time_days_median": 0.12625, "review_time_pending_days_avg": 26.413150000000002, "review_time_pending_days_median": 26.413150000000002, "review_time_pending_update_days_avg": 22.491300000000003, "review_time_pending_update_days_median": 22.491300000000003, "submitted": 502}