{"abandoned": 1422, "merged": 11464, "new": 494, "pending": 494, "review_time_days_avg": 14.231512670045351, "review_time_days_median": 0.8217, "review_time_pending_days_avg": 113.83867980295562, "review_time_pending_days_median": 81.692049999999995, "review_time_pending_update_days_avg": 63.477608866995105, "review_time_pending_update_days_median": 26.848100000000002, "submitted": 13380}