{"ReviewsWaitingForSubmitter": 0, "abandoned": 14, "merged": 239, "new": 1, "pending": 1, "review_time_days_avg": 7.455222388059699, "review_time_days_median": 0.759, "review_time_pending_days_avg": 321.22899999999998, "review_time_pending_days_median": 321.22899999999998, "review_time_pending_update_days_avg": 294.35090000000002, "review_time_pending_update_days_median": 294.35090000000002, "submitted": 254}