{"abandoned": 12, "merged": 55, "new": 5, "pending": 5, "review_time_days_avg": 8.122493333333335, "review_time_days_median": 1.0072, "review_time_pending_days_avg": 24.242899999999999, "review_time_pending_days_median": 30.264399999999998, "review_time_pending_update_days_avg": 14.846100000000002, "review_time_pending_update_days_median": 4.3461999999999996, "submitted": 72}