{"abandoned": 16, "merged": 81, "new": 3, "pending": 3, "review_time_days_avg": 1.9100916666666663, "review_time_days_median": 0.18605, "review_time_pending_days_avg": 155.29390000000001, "review_time_pending_days_median": 155.29390000000001, "review_time_pending_update_days_avg": 86.478149999999999, "review_time_pending_update_days_median": 86.478149999999999, "submitted": 100}