{"ReviewsWaitingForSubmitter": 1, "abandoned": 1, "merged": 62, "new": 2, "pending": 2, "review_time_days_avg": 1.259741176470588, "review_time_days_median": 0.047549999999999995, "review_time_pending_days_avg": 208.75765000000001, "review_time_pending_days_median": 208.75765000000001, "review_time_pending_update_days_avg": 139.50990000000002, "review_time_pending_update_days_median": 139.50990000000002, "submitted": 65}