{"abandoned": 6, "merged": 139, "new": 13, "pending": 13, "review_time_days_avg": 10.060985714285717, "review_time_days_median": 1.6699000000000002, "review_time_pending_days_avg": 152.95845384615384, "review_time_pending_days_median": 204.68539999999999, "review_time_pending_update_days_avg": 140.22348461538462, "review_time_pending_update_days_median": 194.8904, "submitted": 158}