{"ReviewsWaitingForSubmitter": 5, "abandoned": 45, "merged": 495, "new": 16, "pending": 16, "review_time_days_avg": 9.475422058823531, "review_time_days_median": 2.1534500000000003, "review_time_pending_days_avg": 208.89780714285709, "review_time_pending_days_median": 197.07080000000002, "review_time_pending_update_days_avg": 135.27525714285713, "review_time_pending_update_days_median": 140.30715000000001, "submitted": 556}