{"abandoned": 71, "merged": 735, "new": 25, "pending": 25, "review_time_days_avg": 4.763159252971135, "review_time_days_median": 0.7519, "review_time_pending_days_avg": 77.838795999999988, "review_time_pending_days_median": 43.609299999999998, "review_time_pending_update_days_avg": 46.968128000000007, "review_time_pending_update_days_median": 3.6393, "submitted": 831}