{"ReviewsWaitingForReviewer": 2, "abandoned": 12, "merged": 55, "new": 5, "pending": 5, "review_time_days_avg": 8.122493333333335, "review_time_days_median": 1.0072, "review_time_pending_days_avg": 25.275559999999995, "review_time_pending_days_median": 31.297000000000001, "review_time_pending_update_days_avg": 8.6512600000000006, "review_time_pending_update_days_median": 4.2468000000000004, "submitted": 72}