{"ReviewsWaitingForReviewer": 1, "abandoned": 8, "merged": 53, "new": 1, "pending": 1, "review_time_days_avg": 14.142863157894734, "review_time_days_median": 1.5179, "review_time_pending_days_avg": 63.069800000000001, "review_time_pending_days_median": 63.069800000000001, "review_time_pending_update_days_avg": 10.728300000000001, "review_time_pending_update_days_median": 10.728300000000001, "submitted": 62}