{"abandoned": 4, "merged": 33, "new": 9, "pending": 9, "review_time_days_avg": 7.09226956521739, "review_time_days_median": 2.519, "review_time_pending_days_avg": 31.334833333333336, "review_time_pending_days_median": 14.871600000000001, "review_time_pending_update_days_avg": 6.1718888888888905, "review_time_pending_update_days_median": 6.7191000000000001, "submitted": 46}