{"abandoned": 31, "merged": 277, "new": 2, "pending": 2, "review_time_days_avg": 11.053317647058822, "review_time_days_median": 1.7434, "review_time_pending_days_avg": 51.994100000000003, "review_time_pending_days_median": 51.994100000000003, "review_time_pending_update_days_avg": 34.151899999999998, "review_time_pending_update_days_median": 34.151899999999998, "submitted": 310}