{"abandoned": 784, "merged": 6645, "review_time_days_avg": 12.917790718750027, "review_time_days_median": 0.9243, "review_time_pending_days_avg": 123.58485978260855, "review_time_pending_days_median": 86.449749999999995, "review_time_pending_update_days_avg": 70.483643478260916, "review_time_pending_update_days_median": 35.838049999999996, "submitted": 7756}