{"abandoned": 796, "merged": 6763, "review_time_days_avg": 13.104646368038761, "review_time_days_median": 0.92455, "review_time_pending_days_avg": 124.80796153846143, "review_time_pending_days_median": 88.754900000000006, "review_time_pending_update_days_avg": 69.732771794871809, "review_time_pending_update_days_median": 32.485900000000001, "submitted": 7880}