{"abandoned": 823, "merged": 7042, "review_time_days_avg": 12.772734707709713, "review_time_days_median": 0.9256, "review_time_pending_ReviewsWaitingForReviewer_days_avg": 118.66153177083329, "review_time_pending_ReviewsWaitingForReviewer_days_median": 83.122649999999993, "review_time_pending_days_avg": 127.19171660899649, "review_time_pending_days_median": 113.88249999999999, "review_time_pending_update_ReviewsWaitingForReviewer_days_avg": 71.896346354166681, "review_time_pending_update_ReviewsWaitingForReviewer_days_median": 43.054599999999994, "review_time_pending_update_days_avg": 75.735854325259453, "review_time_pending_update_days_median": 45.223700000000001, "submitted": 8202}