{"abandoned": 783, "merged": 6635, "review_time_days_avg": 12.80133381340015, "review_time_days_median": 0.92395, "review_time_pending_days_avg": 130.90663822393816, "review_time_pending_days_median": 97.264200000000002, "review_time_pending_update_days_avg": 73.206648262548129, "review_time_pending_update_days_median": 39.494500000000002, "submitted": 7728}