{"abandoned": 805, "merged": 6948, "review_time_days_avg": 12.845316339491937, "review_time_days_median": 0.92085, "review_time_pending_ReviewsWaitingForReviewer_days_avg": 119.31456096256713, "review_time_pending_ReviewsWaitingForReviewer_days_median": 104.64870000000001, "review_time_pending_days_avg": 126.66601519434646, "review_time_pending_days_median": 104.64870000000001, "review_time_pending_update_ReviewsWaitingForReviewer_days_avg": 68.360668449197874, "review_time_pending_update_ReviewsWaitingForReviewer_days_median": 39.398299999999999, "review_time_pending_update_days_avg": 72.210039222614853, "review_time_pending_update_days_median": 39.653599999999997, "submitted": 8085}