{"abandoned": 778, "merged": 6600, "review_time_days_avg": 12.837114127686503, "review_time_days_median": 0.9265, "review_time_pending_days_avg": 129.27209007633593, "review_time_pending_days_median": 95.183750000000003, "review_time_pending_update_days_avg": 74.447940076335925, "review_time_pending_update_days_median": 49.297499999999999, "submitted": 7691}