{"abandoned": 790, "merged": 6704, "review_time_days_avg": 12.943704092307717, "review_time_days_median": 0.9251499999999999, "review_time_pending_days_avg": 132.48843423076903, "review_time_pending_days_median": 102.81614999999999, "review_time_pending_update_days_avg": 74.820076153846188, "review_time_pending_update_days_median": 43.082899999999995, "submitted": 7805}