{"abandoned": 779, "merged": 6620, "review_time_days_avg": 12.778157012578642, "review_time_days_median": 0.9232, "review_time_pending_days_avg": 129.63076806083654, "review_time_pending_days_median": 95.941500000000005, "review_time_pending_update_days_avg": 74.224014068441008, "review_time_pending_update_days_median": 47.249400000000001, "submitted": 7713}