{"abandoned": 789, "merged": 6677, "review_time_days_avg": 12.88887710918117, "review_time_days_median": 0.9225, "review_time_pending_days_avg": 127.91428014981268, "review_time_pending_days_median": 90.399799999999999, "review_time_pending_update_days_avg": 72.67341610486892, "review_time_pending_update_days_median": 40.061100000000003, "submitted": 7784}