{"abandoned": 790, "merged": 6695, "review_time_days_avg": 12.863684053053694, "review_time_days_median": 0.9251499999999999, "review_time_pending_days_avg": 133.40189111969127, "review_time_pending_days_median": 102.3272, "review_time_pending_update_days_avg": 74.243418146718071, "review_time_pending_update_days_median": 42.227600000000002, "submitted": 7795}