{"abandoned": 783, "merged": 6638, "review_time_days_avg": 12.834257223264567, "review_time_days_median": 0.9243, "review_time_pending_days_avg": 131.28822846153841, "review_time_pending_days_median": 98.2196, "review_time_pending_update_days_avg": 73.822576538461618, "review_time_pending_update_days_median": 40.197499999999998, "submitted": 7732}