{"abandoned": 749, "merged": 6383, "review_time_days_avg": 12.660431978501876, "review_time_days_median": 0.9561, "review_time_pending_days_avg": 125.16252961538477, "review_time_pending_days_median": 98.134250000000009, "review_time_pending_update_days_avg": 80.922065384615408, "review_time_pending_update_days_median": 54.858800000000002, "submitted": 7445}