{"abandoned": 797, "merged": 6834, "review_time_days_avg": 13.055266229898772, "review_time_days_median": 0.9155, "review_time_pending_ReviewsWaitingForReviewer_days_avg": 112.30431989247319, "review_time_pending_ReviewsWaitingForReviewer_days_median": 91.793899999999994, "review_time_pending_days_avg": 124.92474270072996, "review_time_pending_days_median": 91.793899999999994, "review_time_pending_update_ReviewsWaitingForReviewer_days_avg": 61.933552150537636, "review_time_pending_update_ReviewsWaitingForReviewer_days_median": 32.550799999999995, "review_time_pending_update_days_avg": 69.527806204379587, "review_time_pending_update_days_median": 34.406400000000005, "submitted": 7954}