{"abandoned": 798, "merged": 6864, "review_time_days_avg": 12.970139592559809, "review_time_days_median": 0.9036, "review_time_pending_ReviewsWaitingForReviewer_days_avg": 114.99069567567551, "review_time_pending_ReviewsWaitingForReviewer_days_median": 94.785200000000003, "review_time_pending_days_avg": 124.98734357142831, "review_time_pending_days_median": 94.785200000000003, "review_time_pending_update_ReviewsWaitingForReviewer_days_avg": 63.969192432432415, "review_time_pending_update_ReviewsWaitingForReviewer_days_median": 34.815300000000001, "review_time_pending_update_days_avg": 70.0880117857144, "review_time_pending_update_days_median": 35.552050000000001, "submitted": 7991}