{"abandoned": 753, "merged": 6416, "review_time_days_avg": 12.716427883017646, "review_time_days_median": 0.9414, "review_time_pending_days_avg": 125.55427596899237, "review_time_pending_days_median": 99.885799999999989, "review_time_pending_update_days_avg": 72.505467441860532, "review_time_pending_update_days_median": 55.921099999999996, "submitted": 7480}