{"abandoned": 749, "merged": 6376, "review_time_days_avg": 12.687910875420904, "review_time_days_median": 0.95955, "review_time_pending_days_avg": 124.02793565891457, "review_time_pending_days_median": 96.027199999999993, "review_time_pending_update_days_avg": 79.535766279069705, "review_time_pending_update_days_median": 52.891300000000001, "submitted": 7436}