{"abandoned": 830, "merged": 7156, "review_time_days_avg": 12.725108193566149, "review_time_days_median": 0.9247, "review_time_pending_ReviewsWaitingForReviewer_days_avg": 113.90967892156844, "review_time_pending_ReviewsWaitingForReviewer_days_median": 74.780149999999992, "review_time_pending_days_avg": 126.30112126245832, "review_time_pending_days_median": 92.901399999999995, "review_time_pending_update_ReviewsWaitingForReviewer_days_avg": 69.826580882352957, "review_time_pending_update_ReviewsWaitingForReviewer_days_median": 39.812600000000003, "review_time_pending_update_days_avg": 76.234284053156145, "review_time_pending_update_days_median": 48.641399999999997, "submitted": 8335}