{"abandoned": 749, "merged": 6404, "review_time_days_avg": 12.589883249916616, "review_time_days_median": 0.9415, "review_time_pending_days_avg": 124.07468377358509, "review_time_pending_days_median": 96.605900000000005, "review_time_pending_update_days_avg": 73.715141509434062, "review_time_pending_update_days_median": 54.512799999999999, "submitted": 7472}