{"abandoned": 749, "merged": 6383, "review_time_days_avg": 12.660431978501876, "review_time_days_median": 0.9561, "review_time_pending_days_avg": 124.52331505791504, "review_time_pending_days_median": 97.020799999999994, "review_time_pending_update_days_avg": 80.112222393822364, "review_time_pending_update_days_median": 53.741799999999998, "submitted": 7444}