{"abandoned": 797, "merged": 6794, "review_time_days_avg": 13.16263986770898, "review_time_days_median": 0.92455, "review_time_pending_ReviewsWaitingForReviewer_days_avg": 111.33900869565215, "review_time_pending_ReviewsWaitingForReviewer_days_median": 90.871700000000004, "review_time_pending_days_avg": 125.13238345588236, "review_time_pending_days_median": 90.871700000000004, "review_time_pending_update_ReviewsWaitingForReviewer_days_avg": 62.569371739130474, "review_time_pending_update_ReviewsWaitingForReviewer_days_median": 31.633650000000003, "review_time_pending_update_days_avg": 69.787415808823354, "review_time_pending_update_days_median": 33.800650000000005, "submitted": 7912}