{"abandoned": 806, "merged": 6948, "review_time_days_avg": 12.838343537218716, "review_time_days_median": 0.92085, "review_time_pending_ReviewsWaitingForReviewer_days_avg": 117.17425416666656, "review_time_pending_ReviewsWaitingForReviewer_days_median": 105.60374999999999, "review_time_pending_days_avg": 125.87027491289177, "review_time_pending_days_median": 105.62909999999999, "review_time_pending_update_ReviewsWaitingForReviewer_days_avg": 67.473018750000023, "review_time_pending_update_ReviewsWaitingForReviewer_days_median": 37.334249999999997, "review_time_pending_update_days_avg": 72.112282578397114, "review_time_pending_update_days_median": 40.532600000000002, "submitted": 8090}