{"abandoned": 797, "merged": 6857, "review_time_days_avg": 12.988153859804815, "review_time_days_median": 0.9036, "review_time_pending_ReviewsWaitingForReviewer_days_avg": 115.30494699453554, "review_time_pending_ReviewsWaitingForReviewer_days_median": 93.775499999999994, "review_time_pending_days_avg": 124.50500107526875, "review_time_pending_days_median": 93.775499999999994, "review_time_pending_update_ReviewsWaitingForReviewer_days_avg": 63.79869125683058, "review_time_pending_update_ReviewsWaitingForReviewer_days_median": 34.532299999999999, "review_time_pending_update_days_avg": 69.449123655913965, "review_time_pending_update_days_median": 34.542700000000004, "submitted": 7982}