{"abandoned": 806, "merged": 6967, "review_time_days_avg": 12.849241073478778, "review_time_days_median": 0.9177500000000001, "review_time_pending_ReviewsWaitingForReviewer_days_avg": 113.344455721393, "review_time_pending_ReviewsWaitingForReviewer_days_median": 75.824100000000001, "review_time_pending_days_avg": 122.08436046511629, "review_time_pending_days_median": 108.5992, "review_time_pending_update_ReviewsWaitingForReviewer_days_avg": 65.18754726368158, "review_time_pending_update_ReviewsWaitingForReviewer_days_median": 34.692399999999999, "review_time_pending_update_days_avg": 69.907608305647855, "review_time_pending_update_days_median": 37.242100000000001, "submitted": 8123}