{"abandoned": 796, "merged": 6759, "review_time_days_avg": 13.130757840461046, "review_time_days_median": 0.9256, "review_time_pending_ReviewsWaitingForReviewer_days_avg": 115.87568192090421, "review_time_pending_ReviewsWaitingForReviewer_days_median": 88.978200000000001, "review_time_pending_days_avg": 128.29800413533849, "review_time_pending_days_median": 88.978200000000001, "review_time_pending_update_ReviewsWaitingForReviewer_days_avg": 66.385166101694892, "review_time_pending_update_ReviewsWaitingForReviewer_days_median": 31.703600000000002, "review_time_pending_update_days_avg": 71.773981954887333, "review_time_pending_update_days_median": 32.722499999999997, "submitted": 7869}