{"abandoned": 796, "merged": 6756, "review_time_days_avg": 13.130757840461046, "review_time_days_median": 0.9256, "review_time_pending_days_avg": 125.67809368029748, "review_time_pending_days_median": 87.758499999999998, "review_time_pending_update_days_avg": 70.083928996282523, "review_time_pending_update_days_median": 31.501799999999999, "submitted": 7869}