{"abandoned": 800, "merged": 6899, "review_time_days_avg": 12.929540333430845, "review_time_days_median": 0.9024, "review_time_pending_ReviewsWaitingForReviewer_days_avg": 114.33997393617027, "review_time_pending_ReviewsWaitingForReviewer_days_median": 97.797499999999999, "review_time_pending_days_avg": 125.27926749116617, "review_time_pending_days_median": 97.797499999999999, "review_time_pending_update_ReviewsWaitingForReviewer_days_avg": 64.527266489361722, "review_time_pending_update_ReviewsWaitingForReviewer_days_median": 34.809750000000001, "review_time_pending_update_days_avg": 71.38982791519436, "review_time_pending_update_days_median": 38.554499999999997, "submitted": 8031}