{"abandoned": 831, "merged": 7164, "review_time_days_avg": 12.714745796703319, "review_time_days_median": 0.9243, "review_time_pending_ReviewsWaitingForReviewer_days_avg": 112.63686634615379, "review_time_pending_ReviewsWaitingForReviewer_days_median": 69.483900000000006, "review_time_pending_days_avg": 125.19628954248365, "review_time_pending_days_median": 92.284700000000001, "review_time_pending_update_ReviewsWaitingForReviewer_days_avg": 69.428925000000021, "review_time_pending_update_ReviewsWaitingForReviewer_days_median": 38.366100000000003, "review_time_pending_update_days_avg": 75.937994771241804, "review_time_pending_update_days_median": 46.510100000000001, "submitted": 8349}