{"abandoned": 815, "merged": 7017, "review_time_days_avg": 12.813948097671801, "review_time_days_median": 0.9232, "review_time_pending_ReviewsWaitingForReviewer_days_avg": 110.87466028708127, "review_time_pending_ReviewsWaitingForReviewer_days_median": 66.221800000000002, "review_time_pending_days_avg": 121.60627752442981, "review_time_pending_days_median": 91.639600000000002, "review_time_pending_update_ReviewsWaitingForReviewer_days_avg": 66.346642105263143, "review_time_pending_update_ReviewsWaitingForReviewer_days_median": 37.448700000000002, "review_time_pending_update_days_avg": 71.352761563517845, "review_time_pending_update_days_median": 39.680599999999998, "submitted": 8188}