{"abandoned": 749, "merged": 6364, "review_time_days_avg": 12.731646585530795, "review_time_days_median": 0.9742999999999999, "review_time_pending_days_avg": 123.03766679687493, "review_time_pending_days_median": 96.323350000000005, "review_time_pending_update_days_avg": 78.316687109374982, "review_time_pending_update_days_median": 51.108649999999997, "submitted": 7422}