{"abandoned": 795, "merged": 6714, "review_time_days_avg": 13.232710736196342, "review_time_days_median": 0.9251499999999999, "review_time_pending_days_avg": 127.06356194029853, "review_time_pending_days_median": 85.751000000000005, "review_time_pending_update_days_avg": 71.568079477611931, "review_time_pending_update_days_median": 36.480900000000005, "submitted": 7825}