{"abandoned": 800, "merged": 6893, "review_time_days_avg": 12.929507825322409, "review_time_days_median": 0.9023, "review_time_pending_ReviewsWaitingForReviewer_days_avg": 118.53209777777799, "review_time_pending_ReviewsWaitingForReviewer_days_median": 96.785499999999999, "review_time_pending_days_avg": 127.28365920577635, "review_time_pending_days_median": 96.785499999999999, "review_time_pending_update_ReviewsWaitingForReviewer_days_avg": 66.461183888888883, "review_time_pending_update_ReviewsWaitingForReviewer_days_median": 37.542450000000002, "review_time_pending_update_days_avg": 71.984910469314016, "review_time_pending_update_days_median": 37.552700000000002, "submitted": 8019}