{"abandoned": 784, "merged": 6645, "review_time_days_avg": 12.917790718750027, "review_time_days_median": 0.9243, "review_time_pending_days_avg": 124.0039992753626, "review_time_pending_days_median": 86.868899999999996, "review_time_pending_update_days_avg": 70.902785869565321, "review_time_pending_update_days_median": 36.257199999999997, "submitted": 7756}