{"abandoned": 815, "merged": 7014, "review_time_days_avg": 12.824779454390473, "review_time_days_median": 0.9242, "review_time_pending_ReviewsWaitingForReviewer_days_avg": 109.35296999999991, "review_time_pending_ReviewsWaitingForReviewer_days_median": 64.233399999999989, "review_time_pending_days_avg": 120.60687752442982, "review_time_pending_days_median": 90.639799999999994, "review_time_pending_update_ReviewsWaitingForReviewer_days_avg": 65.036887142857154, "review_time_pending_update_ReviewsWaitingForReviewer_days_median": 34.919049999999999, "review_time_pending_update_days_avg": 70.356092833876218, "review_time_pending_update_days_median": 38.680799999999998, "submitted": 8185}