{"abandoned": 749, "merged": 6371, "review_time_days_avg": 12.703653861720097, "review_time_days_median": 0.9626, "review_time_pending_days_avg": 123.57420233463027, "review_time_pending_days_median": 95.031700000000001, "review_time_pending_update_days_avg": 78.894577821011595, "review_time_pending_update_days_median": 52.038899999999998, "submitted": 7430}