{"abandoned": 827, "merged": 7139, "review_time_days_avg": 12.701915386740357, "review_time_days_median": 0.9275, "review_time_pending_ReviewsWaitingForReviewer_days_avg": 117.04923049999978, "review_time_pending_ReviewsWaitingForReviewer_days_median": 76.843050000000005, "review_time_pending_days_avg": 126.93214563758389, "review_time_pending_days_median": 96.786450000000002, "review_time_pending_update_ReviewsWaitingForReviewer_days_avg": 70.311485999999974, "review_time_pending_update_ReviewsWaitingForReviewer_days_median": 43.000100000000003, "review_time_pending_update_days_avg": 76.046268791946332, "review_time_pending_update_days_median": 47.256550000000004, "submitted": 8312}