{"abandoned": 753, "merged": 6416, "review_time_days_avg": 12.716427883017646, "review_time_days_median": 0.9414, "review_time_pending_days_avg": 125.58005503875978, "review_time_pending_days_median": 99.911599999999993, "review_time_pending_update_days_avg": 72.531241085271333, "review_time_pending_update_days_median": 55.946899999999999, "submitted": 7480}