{"abandoned": 824, "merged": 7080, "review_time_days_avg": 12.81366177130047, "review_time_days_median": 0.93025, "review_time_pending_ReviewsWaitingForReviewer_days_avg": 112.12631400966168, "review_time_pending_ReviewsWaitingForReviewer_days_median": 70.364900000000006, "review_time_pending_days_avg": 123.01882185430451, "review_time_pending_days_median": 89.085800000000006, "review_time_pending_update_ReviewsWaitingForReviewer_days_avg": 68.481424637681187, "review_time_pending_update_ReviewsWaitingForReviewer_days_median": 39.765599999999999, "review_time_pending_update_days_avg": 74.050951986755024, "review_time_pending_update_days_median": 44.048349999999999, "submitted": 8254}