{"abandoned": 800, "merged": 6903, "review_time_days_avg": 12.921113438504252, "review_time_days_median": 0.9104, "review_time_pending_ReviewsWaitingForReviewer_days_avg": 113.99862052631583, "review_time_pending_ReviewsWaitingForReviewer_days_median": 98.783100000000005, "review_time_pending_days_avg": 124.8669430069931, "review_time_pending_days_median": 98.783100000000005, "review_time_pending_update_ReviewsWaitingForReviewer_days_avg": 64.683405789473682, "review_time_pending_update_ReviewsWaitingForReviewer_days_median": 33.609650000000002, "review_time_pending_update_days_avg": 71.503359790209771, "review_time_pending_update_days_median": 39.176550000000006, "submitted": 8038}