{"abandoned": 797, "merged": 6851, "review_time_days_avg": 13.001490965639833, "review_time_days_median": 0.903, "review_time_pending_ReviewsWaitingForReviewer_days_avg": 112.05857860962566, "review_time_pending_ReviewsWaitingForReviewer_days_median": 92.787000000000006, "review_time_pending_days_avg": 123.06652928571421, "review_time_pending_days_median": 92.787000000000006, "review_time_pending_update_ReviewsWaitingForReviewer_days_avg": 62.210054545454533, "review_time_pending_update_ReviewsWaitingForReviewer_days_median": 32.817100000000003, "review_time_pending_update_days_avg": 68.732345000000024, "review_time_pending_update_days_median": 33.554249999999996, "submitted": 7977}