{"abandoned": 748, "merged": 6398, "review_time_days_avg": 12.610698696524096, "review_time_days_median": 0.95085, "review_time_pending_days_avg": 124.01521098484845, "review_time_pending_days_median": 95.818000000000012, "review_time_pending_update_days_avg": 77.729948863636324, "review_time_pending_update_days_median": 53.557450000000003, "submitted": 7464}