{"abandoned": 794, "merged": 6705, "review_time_days_avg": 12.94679310981239, "review_time_days_median": 0.9256, "review_time_pending_days_avg": 129.4943798479087, "review_time_pending_days_median": 93.503500000000003, "review_time_pending_update_days_avg": 72.490230038022801, "review_time_pending_update_days_median": 39.430799999999998, "submitted": 7812}