{"abandoned": 813, "merged": 7008, "review_time_days_avg": 12.79251776765378, "review_time_days_median": 0.92395, "review_time_pending_ReviewsWaitingForReviewer_days_avg": 110.86300966183605, "review_time_pending_ReviewsWaitingForReviewer_days_median": 65.666399999999996, "review_time_pending_days_avg": 121.42112852459027, "review_time_pending_days_median": 103.30459999999999, "review_time_pending_update_ReviewsWaitingForReviewer_days_avg": 65.381092270531425, "review_time_pending_update_ReviewsWaitingForReviewer_days_median": 35.892800000000001, "review_time_pending_update_days_avg": 70.436657049180283, "review_time_pending_update_days_median": 37.791400000000003, "submitted": 8175}