{"abandoned": 780, "merged": 6628, "review_time_days_avg": 12.755175595984971, "review_time_days_median": 0.92395, "review_time_pending_days_avg": 130.58643574144492, "review_time_pending_days_median": 96.981800000000007, "review_time_pending_update_days_avg": 74.668089733840262, "review_time_pending_update_days_median": 48.2896, "submitted": 7722}