{"abandoned": 789, "merged": 6686, "review_time_days_avg": 12.87141988249848, "review_time_days_median": 0.9243, "review_time_pending_days_avg": 129.7119343396227, "review_time_pending_days_median": 92.526300000000006, "review_time_pending_update_days_avg": 73.262038490565971, "review_time_pending_update_days_median": 40.979700000000001, "submitted": 7791}