{"abandoned": 784, "merged": 6652, "review_time_days_avg": 12.917790718750027, "review_time_days_median": 0.9243, "review_time_pending_days_avg": 127.75854572490714, "review_time_pending_days_median": 90.494399999999999, "review_time_pending_update_days_avg": 73.049016728624508, "review_time_pending_update_days_median": 39.220599999999997, "submitted": 7756}