{"abandoned": 794, "merged": 6730, "review_time_days_avg": 13.19352502291478, "review_time_days_median": 0.9244, "review_time_pending_days_avg": 122.92029214285735, "review_time_pending_days_median": 86.751099999999994, "review_time_pending_update_days_avg": 68.796378928571542, "review_time_pending_update_days_median": 30.47035, "submitted": 7852}