{"abandoned": 785, "merged": 6658, "review_time_days_avg": 12.879449158878531, "review_time_days_median": 0.9225, "review_time_pending_days_avg": 126.3534823529411, "review_time_pending_days_median": 89.217950000000002, "review_time_pending_update_days_avg": 72.243034558823567, "review_time_pending_update_days_median": 38.613699999999994, "submitted": 7766}