{"ASSIGNED":{"old_value":["0","0","ASSIGNED","ASSIGNED","0","ASSIGNED","ASSIGNED","0"],"new_value":["ASSIGNED","CLOSED","NEW","PATCH_TO_REVIEW","REOPENED","RESOLVED","UNCONFIRMED","VERIFIED"],"issue":[0,0,721,1674,0,4686,25,0],"f":[0,0,0.101463551927948,0.235575569940895,0,0.659442724458204,0.00351815367295243,0]},"CLOSED":{"old_value":["0","0","0","0","CLOSED","CLOSED","0","0"],"new_value":["ASSIGNED","CLOSED","NEW","PATCH_TO_REVIEW","REOPENED","RESOLVED","UNCONFIRMED","VERIFIED"],"issue":[0,0,0,0,34,8,0,0],"f":[0,0,0,0,0.80952380952381,0.19047619047619,0,0]},"NEW":{"old_value":["NEW","0","0","NEW","0","NEW","NEW","0"],"new_value":["ASSIGNED","CLOSED","NEW","PATCH_TO_REVIEW","REOPENED","RESOLVED","UNCONFIRMED","VERIFIED"],"issue":[6747,0,0,4948,0,29795,633,0],"f":[0.160173776796524,0,0,0.11746551765069,0,0.707333285853334,0.0150274196994516,0]},"PATCH_TO_REVIEW":{"old_value":["PATCH_TO_REVIEW","0","PATCH_TO_REVIEW","0","0","PATCH_TO_REVIEW","PATCH_TO_REVIEW","0"],"new_value":["ASSIGNED","CLOSED","NEW","PATCH_TO_REVIEW","REOPENED","RESOLVED","UNCONFIRMED","VERIFIED"],"issue":[252,0,630,0,0,6038,12,0],"f":[0.0363531448355453,0,0.0908828620888632,0,0,0.871032890940565,0.00173110213502597,0]},"REOPENED":{"old_value":["REOPENED","REOPENED","REOPENED","REOPENED","0","REOPENED","REOPENED","0"],"new_value":["ASSIGNED","CLOSED","NEW","PATCH_TO_REVIEW","REOPENED","RESOLVED","UNCONFIRMED","VERIFIED"],"issue":[367,1,243,298,0,4053,37,0],"f":[0.0734146829365873,0.0002000400080016,0.0486097219443889,0.0596119223844769,0,0.810762152430486,0.00740148029605921,0]},"RESOLVED":{"old_value":["RESOLVED","RESOLVED","0","RESOLVED","RESOLVED","0","0","RESOLVED"],"new_value":["ASSIGNED","CLOSED","NEW","PATCH_TO_REVIEW","REOPENED","RESOLVED","UNCONFIRMED","VERIFIED"],"issue":[11,273,0,510,5674,0,0,1983],"f":[0.00130162110992782,0.0323038693645722,0,0.0603478878239262,0.671399834339131,0,0,0.234646787362442]},"UNCONFIRMED":{"old_value":["UNCONFIRMED","0","UNCONFIRMED","UNCONFIRMED","0","UNCONFIRMED","0","0"],"new_value":["ASSIGNED","CLOSED","NEW","PATCH_TO_REVIEW","REOPENED","RESOLVED","UNCONFIRMED","VERIFIED"],"issue":[259,0,993,232,0,1492,0,0],"f":[0.0870295698924731,0,0.33366935483871,0.0779569892473118,0,0.501344086021505,0,0]},"VERIFIED":{"old_value":["0","VERIFIED","0","0","VERIFIED","VERIFIED","0","0"],"new_value":["ASSIGNED","CLOSED","NEW","PATCH_TO_REVIEW","REOPENED","RESOLVED","UNCONFIRMED","VERIFIED"],"issue":[0,37,0,0,62,25,0,0],"f":[0,0.298387096774194,0,0,0.5,0.201612903225806,0,0]}}