{"data":{"years":[2004,2005,2006,2007,2008,2009,2010,2011,2012,2013,2014],"X0.99":[3577153.8,3667909.39,3339588.05,2841344.56000001,2585317.2,2327850,2011370.24,1333889.94,928758.28,443482.5,105773.4],"X0.95":[2140300,2072686.7,1936383.5,1793865.2,1541129.5,1624670,1528416.45,915151.099999999,607178.35,298377.75,62394],"X0.5":[42439,9344,1464.5,2652,4289,7791,19830.5,10172,21972,15916.5,4450],"X0.25":[588,239.25,107,126.5,262,391,570.5,520,1615.75,1507,505]},"labels":[0.99,0.95,0.5,0.25]}