{"data":{"years":[2004,2005,2006,2007,2008,2009,2010,2011,2012,2013,2014],"X0.99":[3610115.21,3803441.02999999,3646651.1,3458992.99,3010098,2620686.38,2147149.26,1594368.78,1116773.31,692767.559999999,301819.36],"X0.95":[2161331.1,2094217.65,2106908.5,1952354.35,1696457,1785764.2,1696022.9,1068850.7,767988.75,475681.999999999,189791.2],"X0.5":[43086.5,9581,1543.5,2758.5,4492,8616,22709,11669,25604,23019,9143],"X0.25":[588.75,240,108.5,131,268,409.5,603.5,561.5,1796.5,2264,1097]},"labels":[0.99,0.95,0.5,0.25]}