{"data":{"years":[2004,2005,2006,2007,2008,2009,2010,2011,2012,2013,2014],"X0.99":[3610115.21,3803441.02999999,3646651.1,3447286.6,3007662.6,2620686.38,2147149.26,1578420.8,1116391.95,674303.179999998,297180.799999999],"X0.95":[2161331.1,2094217.65,2106908.5,1948523,1690896.65,1785764.2,1696022.9,1060789,766485,467635.5,184503.7],"X0.5":[43086.5,9581,1543.5,2756,4481,8616,22709,11657,25512,22824,9143],"X0.25":[588.75,240,108.5,131,267.75,409.5,603.5,561,1795,2210.5,1099]},"labels":[0.99,0.95,0.5,0.25]}