{"data":{"years":[2004,2005,2006,2007,2008,2009,2010,2011,2012,2013,2014],"X0.99":[3610115.21,3803441.02999999,3646651.1,3411357.72,3007662.6,2612678.44,2145970,1547296.4,1105027.22,642202.519999999,291532.19],"X0.95":[2161331.1,2094217.65,2106908.5,1945191.8,1690896.65,1771901.4,1694914,1050889.5,754653.1,448463.8,170554.3],"X0.5":[43086.5,9581,1543.5,2739,4481,8447,22683,11298,25299,22034,8763.5],"X0.25":[588.75,240,108.5,131,267.75,409,603,553,1784,2154,1067.25]},"labels":[0.99,0.95,0.5,0.25]}