{"data":{"years":[2004,2005,2006,2007,2008,2009,2010,2011,2012,2013,2014],"X0.99":[3610115.21,3803441.02999999,3687675.91999999,3497103.92,3044977.53,2634535.4,2147149.26,1613951.08,1127431.86,695708.000000001,304916.500000001],"X0.95":[2161331.1,2094217.65,2109625.4,1953474,1719509.65,1789774,1696022.9,1076603.8,775827,479571.75,191479.35],"X0.5":[43086.5,9581,1551,2761,4524.5,8649,22709,11747,25720,23144.5,9195.5],"X0.25":[588.75,240,109,131,268.75,410,603.5,562,1809.5,2277,1097.25]},"labels":[0.99,0.95,0.5,0.25]}