{"data":{"years":[2004,2005,2006,2007,2008,2009,2010,2011,2012,2013,2014],"X0.99":[3610115.21,3669536.5,3431287.28,3071132.3,2660159.42,2391606.24,2024576.3,1403363.96,962463.799999999,478013.359999999,128703.26],"X0.95":[2161331.1,2076271,2026221,1840764.5,1550038.4,1655329.8,1561607.3,948731.199999999,654163,325715,80179],"X0.5":[43086.5,9354,1470,2715,4294,7977,20091,10398,23136,17310,4934],"X0.25":[588.75,239.5,107,127,262,398,579,529,1678,1585,589.5]},"labels":[0.99,0.95,0.5,0.25]}