{"data":{"years":[2004,2005,2006,2007,2008,2009,2010,2011,2012,2013,2014],"X0.99":[3610115.21,3803441.02999999,3574861.31000001,3304228.93999999,2796568.28,2519131.8,2121389.25,1498026.35,1048071.36,573557.369999999,220202.92],"X0.95":[2161331.1,2094217.65,2089055.3,1886395.5,1642789.4,1725189.4,1658242.75,1001603.3,722846.7,404456.15,136567.4],"X0.5":[43086.5,9581,1508.5,2731,4409,8317,22104.5,11107,24454,20270,7429],"X0.25":[588.75,240,107.5,130,264,405,600.5,539.5,1746.5,1926,967]},"labels":[0.99,0.95,0.5,0.25]}