{"data":{"years":[2004,2005,2006,2007,2008,2009,2010,2011,2012,2013,2014],"X0.99":[3610115.21,3803441.02999999,3574861.31000001,3304228.93999999,2793437.42,2519131.8,2121389.25,1498026.35,1047198,573577.28,220252.42],"X0.95":[2161331.1,2094217.65,2089055.3,1886395.5,1639039.5,1725189.4,1658242.75,1001603.3,722553,404105.2,136908.55],"X0.5":[43086.5,9581,1508.5,2731,4408,8317,22104.5,11107,24445,20265,7435],"X0.25":[588.75,240,107.5,130,264,405,600.5,539.5,1746.25,1926,963]},"labels":[0.99,0.95,0.5,0.25]}