{"data":{"years":[2004,2005,2006,2007,2008,2009,2010,2011,2012,2013,2014],"X0.99":[3610115.21,3669536.5,3431287.28,3071132.3,2660159.42,2393661.17,2024576.3,1403363.96,965969.84,485838.56,128787.24],"X0.95":[2161331.1,2076271,2026221,1840764.5,1550038.4,1659230.85,1561607.3,948731.199999999,655448.199999999,330351,80529.6],"X0.5":[43086.5,9354,1470,2715,4294,8008.5,20091,10398,23136,17445,4984],"X0.25":[588.75,239.5,107,127,262,399,579,529,1678,1609,616]},"labels":[0.99,0.95,0.5,0.25]}