{"ASSIGNED":{"old_value":["0","0","ASSIGNED","ASSIGNED","0","ASSIGNED","ASSIGNED","0"],"new_value":["ASSIGNED","CLOSED","NEW","PATCH_TO_REVIEW","REOPENED","RESOLVED","UNCONFIRMED","VERIFIED"],"issue":[0,0,686,1097,0,4323,19,0],"f":[0,0,0.112,0.179102040816327,0,0.705795918367347,0.00310204081632653,0]},"CLOSED":{"old_value":["0","0","0","0","CLOSED","CLOSED","0","0"],"new_value":["ASSIGNED","CLOSED","NEW","PATCH_TO_REVIEW","REOPENED","RESOLVED","UNCONFIRMED","VERIFIED"],"issue":[0,0,0,0,34,8,0,0],"f":[0,0,0,0,0.80952380952381,0.19047619047619,0,0]},"NEW":{"old_value":["NEW","0","0","NEW","0","NEW","NEW","0"],"new_value":["ASSIGNED","CLOSED","NEW","PATCH_TO_REVIEW","REOPENED","RESOLVED","UNCONFIRMED","VERIFIED"],"issue":[6031,0,0,3103,0,27924,494,0],"f":[0.160603962505326,0,0,0.0826320835108649,0,0.743608862377503,0.0131550916063059,0]},"PATCH_TO_REVIEW":{"old_value":["PATCH_TO_REVIEW","0","PATCH_TO_REVIEW","0","0","PATCH_TO_REVIEW","PATCH_TO_REVIEW","0"],"new_value":["ASSIGNED","CLOSED","NEW","PATCH_TO_REVIEW","REOPENED","RESOLVED","UNCONFIRMED","VERIFIED"],"issue":[156,0,382,0,0,3685,3,0],"f":[0.0369143398012305,0,0.0903928064363464,0,0,0.871982962612399,0.000709891150023663,0]},"REOPENED":{"old_value":["REOPENED","REOPENED","REOPENED","REOPENED","0","REOPENED","REOPENED","0"],"new_value":["ASSIGNED","CLOSED","NEW","PATCH_TO_REVIEW","REOPENED","RESOLVED","UNCONFIRMED","VERIFIED"],"issue":[305,1,215,175,0,3898,26,0],"f":[0.066017316017316,0.000216450216450216,0.0465367965367965,0.0378787878787879,0,0.843722943722944,0.00562770562770563,0]},"RESOLVED":{"old_value":["RESOLVED","RESOLVED","0","RESOLVED","RESOLVED","0","0","RESOLVED"],"new_value":["ASSIGNED","CLOSED","NEW","PATCH_TO_REVIEW","REOPENED","RESOLVED","UNCONFIRMED","VERIFIED"],"issue":[11,273,0,330,5296,0,0,1650],"f":[0.00145502645502645,0.0361111111111111,0,0.0436507936507936,0.700529100529101,0,0,0.218253968253968]},"UNCONFIRMED":{"old_value":["UNCONFIRMED","0","UNCONFIRMED","UNCONFIRMED","0","UNCONFIRMED","0","0"],"new_value":["ASSIGNED","CLOSED","NEW","PATCH_TO_REVIEW","REOPENED","RESOLVED","UNCONFIRMED","VERIFIED"],"issue":[196,0,797,161,0,1187,0,0],"f":[0.0837249038872277,0,0.340452797949594,0.0687740281930799,0,0.507048269970098,0,0]},"VERIFIED":{"old_value":["0","VERIFIED","0","0","VERIFIED","VERIFIED","0","0"],"new_value":["ASSIGNED","CLOSED","NEW","PATCH_TO_REVIEW","REOPENED","RESOLVED","UNCONFIRMED","VERIFIED"],"issue":[0,37,0,0,51,24,0,0],"f":[0,0.330357142857143,0,0,0.455357142857143,0.214285714285714,0,0]}}