{"data":{"years":[2004,2005,2006,2007,2008,2009,2010,2011,2012,2013,2014],"X0.99":[3610115.21,3803441.02999999,3574861.31000001,3304228.93999999,2866579.92,2534953.14,2121250.5,1518762.93,1070994.54,585559.930000001,229655.46],"X0.95":[2161331.1,2094217.65,2089055.3,1886395.5,1660058.8,1729933.1,1660435.5,1019299.95,735003.5,412559.4,141213.45],"X0.5":[43086.5,9581,1508.5,2731,4423,8369,22262,11164,24624,20490.5,7993.5],"X0.25":[588.75,240,107.5,130,267,405.5,601,542,1750.5,1968,1014.25]},"labels":[0.99,0.95,0.5,0.25]}