{"data":{"years":[2004,2005,2006,2007,2008,2009,2010,2011,2012,2013,2014],"X0.99":[3610115.21,3803441.02999999,3646651.1,3411357.72,3007662.6,2616165.85,2145970,1550943.63,1111312.48,649480.389999999,293173.49],"X0.95":[2161331.1,2094217.65,2106908.5,1945191.8,1690896.65,1783039.1,1694914,1051721.1,756957,452018.3,175278.3],"X0.5":[43086.5,9581,1543.5,2739,4481,8531.5,22683,11305,25320,22144.5,8931.5],"X0.25":[588.75,240,108.5,131,267.75,409.25,603,555,1787,2171.5,1074.25]},"labels":[0.99,0.95,0.5,0.25]}