{"data":{"years":[2004,2005,2006,2007,2008,2009,2010,2011,2012,2013,2014],"X0.99":[3577153.8,3667909.39,3339588.05,2841344.56000001,2561893.28,2303321.44,1852922.56,1318901.3,927778.6,435740.6,93730.4799999995],"X0.95":[2140300,2072686.7,1936383.5,1793865.2,1527585.2,1614508.9,1454400.2,900857.5,594842.8,295755.2,57099.3],"X0.5":[42439,9344,1464.5,2652,4288,7776,18875,10127,21832,15813,4346],"X0.25":[588,239.25,107,126.5,262,390,553,511.5,1607,1502,468]},"labels":[0.99,0.95,0.5,0.25]}