{"data":{"years":[2004,2005,2006,2007,2008,2009,2010,2011,2012,2013,2014],"X0.99":[3610115.21,3803441.02999999,3574861.31000001,3304228.93999999,2866579.92,2568157.21,2133208.8,1518717.5,1090431.6,599237.670000002,247251.68],"X0.95":[2161331.1,2094217.65,2089055.3,1886395.5,1660058.8,1758505.39999999,1669346.8,1021816,740999.9,420758.2,153663.75],"X0.5":[43086.5,9581,1508.5,2731,4423,8395.5,22421,11195,24736,20830.5,8340],"X0.25":[588.75,240,107.5,130,267,406.75,602,543,1761.5,2011,1036]},"labels":[0.99,0.95,0.5,0.25]}