{"ASSIGNED":{"old_value":["0","0","ASSIGNED","ASSIGNED","0","ASSIGNED","ASSIGNED","0"],"new_value":["ASSIGNED","CLOSED","NEW","PATCH_TO_REVIEW","REOPENED","RESOLVED","UNCONFIRMED","VERIFIED"],"issue":[0,0,694,1232,0,4396,19,0],"f":[0,0,0.109446459548967,0.194291121274247,0,0.693266046364927,0.00299637281185933,0]},"CLOSED":{"old_value":["0","0","0","0","CLOSED","CLOSED","0","0"],"new_value":["ASSIGNED","CLOSED","NEW","PATCH_TO_REVIEW","REOPENED","RESOLVED","UNCONFIRMED","VERIFIED"],"issue":[0,0,0,0,34,8,0,0],"f":[0,0,0,0,0.80952380952381,0.19047619047619,0,0]},"NEW":{"old_value":["NEW","0","0","NEW","0","NEW","NEW","0"],"new_value":["ASSIGNED","CLOSED","NEW","PATCH_TO_REVIEW","REOPENED","RESOLVED","UNCONFIRMED","VERIFIED"],"issue":[6234,0,0,3470,0,28267,526,0],"f":[0.161934696210094,0,0,0.0901368937839312,0,0.734265007662935,0.0136634023430397,0]},"PATCH_TO_REVIEW":{"old_value":["PATCH_TO_REVIEW","0","PATCH_TO_REVIEW","0","0","PATCH_TO_REVIEW","PATCH_TO_REVIEW","0"],"new_value":["ASSIGNED","CLOSED","NEW","PATCH_TO_REVIEW","REOPENED","RESOLVED","UNCONFIRMED","VERIFIED"],"issue":[178,0,425,0,0,4129,6,0],"f":[0.0375685943436049,0,0.0897002954833263,0,0,0.871464753060363,0.00126635711270578,0]},"REOPENED":{"old_value":["REOPENED","REOPENED","REOPENED","REOPENED","0","REOPENED","REOPENED","0"],"new_value":["ASSIGNED","CLOSED","NEW","PATCH_TO_REVIEW","REOPENED","RESOLVED","UNCONFIRMED","VERIFIED"],"issue":[317,1,220,200,0,3919,28,0],"f":[0.0676627534685165,0.000213447171824973,0.0469583778014941,0.0426894343649947,0,0.83649946638207,0.00597652081109925,0]},"RESOLVED":{"old_value":["RESOLVED","RESOLVED","0","RESOLVED","RESOLVED","0","0","RESOLVED"],"new_value":["ASSIGNED","CLOSED","NEW","PATCH_TO_REVIEW","REOPENED","RESOLVED","UNCONFIRMED","VERIFIED"],"issue":[11,273,0,366,5364,0,0,1707],"f":[0.00142468592151276,0.0353581142339075,0,0.0474031861157881,0.694728662090403,0,0,0.221085351638389]},"UNCONFIRMED":{"old_value":["UNCONFIRMED","0","UNCONFIRMED","UNCONFIRMED","0","UNCONFIRMED","0","0"],"new_value":["ASSIGNED","CLOSED","NEW","PATCH_TO_REVIEW","REOPENED","RESOLVED","UNCONFIRMED","VERIFIED"],"issue":[207,0,829,176,0,1234,0,0],"f":[0.0846279640228945,0,0.33892068683565,0.0719542109566639,0,0.504497138184791,0,0]},"VERIFIED":{"old_value":["0","VERIFIED","0","0","VERIFIED","VERIFIED","0","0"],"new_value":["ASSIGNED","CLOSED","NEW","PATCH_TO_REVIEW","REOPENED","RESOLVED","UNCONFIRMED","VERIFIED"],"issue":[0,37,0,0,52,24,0,0],"f":[0,0.327433628318584,0,0,0.460176991150442,0.212389380530973,0,0]}}