{"data":{"years":[2004,2005,2006,2007,2008,2009,2010,2011,2012,2013,2014],"X0.99":[3610115.21,3669536.5,3431287.28,3071132.3,2660159.42,2394713.9,2024576.3,1403363.96,965955.46,489762.8,128611.72],"X0.95":[2161331.1,2076271,2026221,1840764.5,1550038.4,1661009,1561607.3,948731.199999999,656950.999999999,332041.6,80529.6],"X0.5":[43086.5,9354,1470,2715,4294,8040,20091,10398,23157.5,17466,5018],"X0.25":[588.75,239.5,107,127,262,400,579,529,1678,1609,626]},"labels":[0.99,0.95,0.5,0.25]}