{"data":{"years":[2004,2005,2006,2007,2008,2009,2010,2011,2012,2013,2014],"X0.99":[3610115.21,3669536.5,3431287.28,3071132.3,2660159.42,2394713.9,2030472.32,1403335.54,965926.699999999,491106.699999999,129214.42],"X0.95":[2161331.1,2076271,2026221,1840764.5,1550038.4,1661009,1567973.2,952443.1,658207.5,332480.8,82228.9],"X0.5":[43086.5,9354,1470,2715,4294,8040,20119,10405,23200,17485,5047.5],"X0.25":[588.75,239.5,107,127,262,400,580,529.25,1680,1611,630.75]},"labels":[0.99,0.95,0.5,0.25]}