{"data":{"years":[2004,2005,2006,2007,2008,2009,2010,2011,2012,2013,2014],"X0.99":[3577153.8,3667909.39,3339588.05,2841344.56000001,2561893.28,2327850,1852922.56,1318901.3,928382.5,436190.42,97795.6999999999],"X0.95":[2140300,2072686.7,1936383.5,1793865.2,1527585.2,1624670,1454400.2,900857.5,596176.5,295859.85,57397],"X0.5":[42439,9344,1464.5,2652,4288,7791,18875,10127,21852.5,15832.5,4346],"X0.25":[588,239.25,107,126.5,262,391,553,511.5,1607.5,1502.25,501]},"labels":[0.99,0.95,0.5,0.25]}