{"data":{"years":[2004,2005,2006,2007,2008,2009,2010,2011,2012,2013,2014],"X0.99":[3610115.21,3704357.36,3483821.55,3144614.78,2743571.6,2495382.77,2099640.56,1482252.42,1012135.25,542767.739999999,206204.009999999],"X0.95":[2161331.1,2092362.6,2079673.9,1855285.05,1625760.2,1711121,1634888.4,995395.3,699429.5,369354.1,119174.15],"X0.5":[43086.5,9557,1479,2718.5,4395,8195.5,21802,10987,24026,19518,6920],"X0.25":[588.75,240,107,127.5,264,402.75,599,537,1728.25,1803.5,875.25]},"labels":[0.99,0.95,0.5,0.25]}