{"data":{"years":[2004,2005,2006,2007,2008,2009,2010,2011,2012,2013,2014],"X0.99":[3610115.21,3669536.5,3409544.45999999,2929702.54,2629163.12,2348095.7,2020883.67,1373597.16,934720.58,454219.77,116662.2],"X0.95":[2161331.1,2076271,1999156.19999999,1806231.8,1547272.4,1626985,1549638.8,934449.6,628487.5,315433.9,76330],"X0.5":[43086.5,9354,1468,2675,4293.5,7905,20041,10231,22684,16863.5,4893],"X0.25":[588.75,239.5,107,127,262,394,577.25,523,1655.5,1545.5,587]},"labels":[0.99,0.95,0.5,0.25]}