{"data":{"years":[2004,2005,2006,2007,2008,2009,2010,2011,2012,2013,2014],"X0.99":[3610115.21,3803441.02999999,3574861.31000001,3304228.93999999,2783682.54,2519131.8,2121389.25,1492971.86,1045830.71,562721.86,218664.9],"X0.95":[2161331.1,2094217.65,2089055.3,1886395.5,1637724.7,1725189.4,1658242.75,1000599.2,719131.249999999,399522.6,134137.5],"X0.5":[43086.5,9581,1508.5,2731,4407,8317,22104.5,11094,24429,20142,7294],"X0.25":[588.75,240,107.5,130,264,405,600.5,539,1745.75,1906,985.5]},"labels":[0.99,0.95,0.5,0.25]}