{"data":{"years":[2004,2005,2006,2007,2008,2009,2010,2011,2012,2013,2014],"X0.99":[3610115.21,3669536.5,3409544.45999999,2929702.54,2629163.12,2348095.7,2020883.67,1373597.16,937674.649999999,454490.939999999,117731.18],"X0.95":[2161331.1,2076271,1999156.19999999,1806231.8,1547272.4,1626985,1549638.8,934449.6,629424.75,316161.65,76881.0999999999],"X0.5":[43086.5,9354,1468,2675,4293.5,7905,20041,10231,22687,16908.5,4840],"X0.25":[588.75,239.5,107,127,262,394,577.25,523,1656.25,1551.75,582.75]},"labels":[0.99,0.95,0.5,0.25]}