{"data":{"years":[2004,2005,2006,2007,2008,2009,2010,2011,2012,2013,2014],"X0.99":[3610115.21,3803441.02999999,3687675.91999999,3497103.92,3044977.53,2656397.36,2163695.32,1626386.73,1135773.21,719801.6,318227.8],"X0.95":[2161331.1,2094217.65,2109625.4,1953474,1719509.65,1800178.8,1712046.8,1085750.85,794547.949999999,495317.2,208469],"X0.5":[43086.5,9581,1551,2761,4524.5,8659,23213,11895,25879.5,23766,9184],"X0.25":[588.75,240,109,131,268.75,410,604,567.75,1845.25,2372,1097]},"labels":[0.99,0.95,0.5,0.25]}