{"data":{"years":[2004,2005,2006,2007,2008,2009,2010,2011,2012,2013,2014],"X0.99":[3610115.21,3694176.64,3467264.1,3144614.78,2731916.54,2490177.62,2085474.35,1460916.77,1000758.42,525365.599999999,185948.93],"X0.95":[2161331.1,2083298.7,2067513.5,1855285.05,1621639.2,1710437.6,1621099.25,983562.549999999,685506.5,356515,109399.65],"X0.5":[43086.5,9455.5,1477,2718.5,4386.5,8165,21731,10713.5,23657,18908,6077],"X0.25":[588.75,239.75,107,127.5,264,402.5,599,534.75,1714.5,1775.5,820.5]},"labels":[0.99,0.95,0.5,0.25]}