{"data":{"years":[2004,2005,2006,2007,2008,2009,2010,2011,2012,2013,2014],"X0.99":[3577153.8,3667909.39,3339588.05,2841344.56000001,2591917.78,2327850,2011905.92,1357995,930794.840000001,447093.7,110559.01],"X0.95":[2140300,2072686.7,1936383.5,1793865.2,1546135.1,1624670,1540121,922927,609629.6,300044.5,64803.6],"X0.5":[42439,9344,1464.5,2652,4291,7791,19856,10194,22230,15964,4470.5],"X0.25":[588,239.25,107,126.5,262,391,575,520,1626,1510,506]},"labels":[0.99,0.95,0.5,0.25]}