{"data":{"years":[2004,2005,2006,2007,2008,2009,2010,2011,2012,2013,2014],"X0.99":[3610115.21,3803441.02999999,3687675.91999999,3497103.92,3058411.8,2656397.36,2163695.32,1626386.73,1135767.34,725430.42,318255.88],"X0.95":[2161331.1,2094217.65,2109625.4,1953474,1723192.4,1800178.8,1712046.8,1085750.85,795528.4,497205.25,208513.1],"X0.5":[43086.5,9581,1551,2761,4530,8659,23213,11895,25887,23807,9171],"X0.25":[588.75,240,109,131,269,410,604,567.75,1846.5,2385.25,1099]},"labels":[0.99,0.95,0.5,0.25]}