{"data":{"years":[2004,2005,2006,2007,2008,2009,2010,2011,2012,2013,2014],"X0.99":[3610115.21,3803441.02999999,3574861.31000001,3304228.93999999,2848285.67,2519131.8,2121250.5,1508730.11,1067431.37,580415.4,222475.38],"X0.95":[2161331.1,2094217.65,2089055.3,1886395.5,1656836.9,1725189.4,1660435.5,1015727.2,728012.699999999,407563.6,138536.6],"X0.5":[43086.5,9581,1508.5,2731,4419.5,8317,22262,11131.5,24560.5,20315,7602],"X0.25":[588.75,240,107.5,130,266.25,405,601,540.75,1747.75,1938,985.5]},"labels":[0.99,0.95,0.5,0.25]}