{"data":{"years":[2004,2005,2006,2007,2008,2009,2010,2011,2012,2013,2014],"X0.99":[3610115.21,3803441.02999999,3574861.31000001,3304228.93999999,2866579.92,2519131.8,2121250.5,1508730.11,1067431.37,581606.39,222307.1],"X0.95":[2161331.1,2094217.65,2089055.3,1886395.5,1660058.8,1725189.4,1660435.5,1015727.2,728012.699999999,408931.95,139799],"X0.5":[43086.5,9581,1508.5,2731,4423,8317,22262,11131.5,24560.5,20344,7740],"X0.25":[588.75,240,107.5,130,267,405,601,540.75,1747.75,1941,1000]},"labels":[0.99,0.95,0.5,0.25]}