{"data":{"years":[2004,2005,2006,2007,2008,2009,2010,2011,2012,2013,2014],"X0.99":[3610115.21,3803441.02999999,3646651.1,3304228.93999999,2868438.1,2567199.66,2133138.35,1521874.19,1095969.64,598512.010000002,274528.5],"X0.95":[2161331.1,2094217.65,2106908.5,1886395.5,1667290.65,1752688.39999999,1669009.6,1023799.05,741555.2,420915.7,161493.6],"X0.5":[43086.5,9581,1543.5,2731,4427.5,8419,22551,11202.5,24736,21152,8535],"X0.25":[588.75,240,108.5,130,267,409,602.25,545.75,1762,2026.25,1056.5]},"labels":[0.99,0.95,0.5,0.25]}