{"data":{"years":[2004,2005,2006,2007,2008,2009,2010,2011,2012,2013,2014],"X0.99":[3610115.21,3667909.39,3366285.99999999,2911238.60000001,2629163.12,2348095.7,2011903.58,1357654.94,933091.84,451810.49,112292.02],"X0.95":[2161331.1,2072686.7,1937612.6,1804119,1547272.4,1626985,1546317.6,931565.399999999,622178,313994.95,75360.3499999999],"X0.5":[43086.5,9344,1466,2660,4293.5,7905,20001,10205,22584,16791.5,5232],"X0.25":[588.75,239.25,107,127,262,394,576.5,521.5,1646,1543.25,598.25]},"labels":[0.99,0.95,0.5,0.25]}