{"data":{"years":[2004,2005,2006,2007,2008,2009,2010,2011,2012,2013,2014],"X0.99":[3610115.21,3803441.02999999,3687675.91999999,3497103.92,3044977.53,2656397.36,2152410.46,1617442.96,1133083.76,702238.779999999,311394],"X0.95":[2161331.1,2094217.65,2109625.4,1953474,1719509.65,1800178.8,1699654.1,1079371,786539.799999999,484964.6,203118],"X0.5":[43086.5,9581,1551,2761,4524.5,8659,22961,11782,25797.5,23294,9347],"X0.25":[588.75,240,109,131,268.75,410,603.75,567,1837.25,2336,1097]},"labels":[0.99,0.95,0.5,0.25]}