{"data":{"years":[2004,2005,2006,2007,2008,2009,2010,2011,2012,2013,2014],"X0.99":[3577153.8,3667909.39,3339588.05,2841344.56000001,2561893.28,2303321.44,1852922.56,1318930.63,927279.24,432795.53,84551.2999999999],"X0.95":[2140300,2072686.7,1936383.5,1793865.2,1527585.2,1614508.9,1454400.2,897895.55,593462,294497.8,54346.9999999999],"X0.5":[42439,9344,1464.5,2652,4288,7776,18875,10121.5,21772,15767,4273],"X0.25":[588,239.25,107,126.5,262,390,553,509.25,1606.5,1497,448]},"labels":[0.99,0.95,0.5,0.25]}