{"data":{"years":[2004,2005,2006,2007,2008,2009,2010,2011,2012,2013,2014],"X0.99":[3577153.8,3667909.39,3339588.05,2841344.56000001,2591917.78,2327850,2011355.52,1341162.03,928752.04,445780.08,107555.88],"X0.95":[2140300,2072686.7,1936383.5,1793865.2,1546135.1,1624670,1528856.4,921491.55,608500.65,299454.2,63301.5999999999],"X0.5":[42439,9344,1464.5,2652,4291,7791,19853,10183,22039,15936.5,4445],"X0.25":[588,239.25,107,126.5,262,391,572,520,1620,1509.5,506]},"labels":[0.99,0.95,0.5,0.25]}