{"data":{"years":[2004,2005,2006,2007,2008,2009,2010,2011,2012,2013,2014],"X0.99":[3577153.8,3667909.39,3366285.99999999,2841344.56000001,2591917.78,2327850,2011904.36,1357995,932611.4,447191.6,110766.09],"X0.95":[2140300,2072686.7,1937612.6,1793865.2,1546135.1,1624670,1545339.5,922927,612385.5,301657.7,65633.1],"X0.5":[42439,9344,1466,2652,4291,7791,19979,10194,22287,15977,4640.5],"X0.25":[588,239.25,107,126.5,262,391,576,520,1629.5,1511,550.25]},"labels":[0.99,0.95,0.5,0.25]}