{"data":{"years":[2004,2005,2006,2007,2008,2009,2010,2011,2012,2013,2014],"X0.99":[3610115.21,3694176.64,3456084.03,3144614.78,2718328.85,2441545.88,2083641.46,1449316.13,987446.14,520158.14,171707.88],"X0.95":[2161331.1,2083298.7,2044479.29999999,1855285.05,1565606.2,1702962.6,1611598.9,979159.799999999,679076.799999999,353996.1,102218.7],"X0.5":[43086.5,9455.5,1473.5,2718.5,4353.5,8164,21677,10681.5,23506,18821,5993],"X0.25":[588.75,239.75,107,127.5,263.5,402,597.5,534.25,1710.5,1758,800]},"labels":[0.99,0.95,0.5,0.25]}