{"data":{"years":[2004,2005,2006,2007,2008,2009,2010,2011,2012,2013,2014],"X0.99":[3610115.21,3669536.5,3366285.99999999,2911238.60000001,2629163.12,2348095.7,2011903.58,1357654.94,933342,452846.079999999,117260.06],"X0.95":[2161331.1,2076271,1937612.6,1804119,1547272.4,1626985,1546317.6,931565.399999999,624239.5,315227.8,76512.7],"X0.5":[43086.5,9354,1466,2660,4293.5,7905,20001,10205,22586,16830,5135.5],"X0.25":[588.75,239.5,107,127,262,394,576.5,521.5,1650,1544.5,600.75]},"labels":[0.99,0.95,0.5,0.25]}