{"data":{"years":[2004,2005,2006,2007,2008,2009,2010,2011,2012,2013,2014],"X0.99":[3610115.21,3803441.02999999,3646651.1,3358311.5,3007662.6,2598355.1,2145970,1527657.34,1103045.75,608711.44,291018.12],"X0.95":[2161331.1,2094217.65,2106908.5,1889881,1690896.65,1769036.5,1694914,1044926.2,748556.5,427823.249999999,168248.6],"X0.5":[43086.5,9581,1543.5,2731.5,4481,8433,22683,11297,25062.5,21538.5,8642],"X0.25":[588.75,240,108.5,130.5,267.75,409,603,549,1780.25,2094.75,1054]},"labels":[0.99,0.95,0.5,0.25]}