{"data":{"years":[2004,2005,2006,2007,2008,2009,2010,2011,2012,2013,2014],"X0.99":[3610115.21,3694176.64,3467264.1,3144614.78,2718328.85,2466262.74,2084710.36,1455562.7,996558.240000002,520371.400000001,175983.81],"X0.95":[2161331.1,2083298.7,2067513.5,1855285.05,1565606.2,1705430.35,1613479,980978,682138.2,354374.5,103222.2],"X0.5":[43086.5,9455.5,1477,2718.5,4353.5,8164.5,21725,10706,23573.5,18833,5985],"X0.25":[588.75,239.75,107,127.5,263.5,402.25,599,534.5,1711,1759,833.75]},"labels":[0.99,0.95,0.5,0.25]}