{"data":{"years":[2004,2005,2006,2007,2008,2009,2010,2011,2012,2013,2014],"X0.99":[3610115.21,3803441.02999999,3574861.31000001,3304228.93999999,2866579.92,2553679.68,2133208.8,1518717.5,1080696.19999999,591658.000000001,244683.81],"X0.95":[2161331.1,2094217.65,2089055.3,1886395.5,1660058.8,1740815.6,1669346.8,1021816,740184,419915,151358],"X0.5":[43086.5,9581,1508.5,2731,4423,8372,22421,11195,24694,20734,8286],"X0.25":[588.75,240,107.5,130,267,406,602,543,1761,2004,1033.25]},"labels":[0.99,0.95,0.5,0.25]}