{"data":{"years":[2004,2005,2006,2007,2008,2009,2010,2011,2012,2013,2014],"X0.99":[3610115.21,3803441.02999999,3574861.31000001,3304228.93999999,2866579.92,2547975.66,2121250.5,1518762.93,1081122.74,589118.479999999,230259.54],"X0.95":[2161331.1,2094217.65,2089055.3,1886395.5,1660058.8,1732448,1660435.5,1019299.95,738995.3,414039.65,142416.75],"X0.5":[43086.5,9581,1508.5,2731,4423,8370.5,22262,11164,24679.5,20506.5,8050],"X0.25":[588.75,240,107.5,130,267,405.75,601,542,1755,1982.75,1018.75]},"labels":[0.99,0.95,0.5,0.25]}