{"data":{"years":[2004,2005,2006,2007,2008,2009,2010,2011,2012,2013,2014],"X0.99":[3610115.21,3803441.02999999,3574861.31000001,3304228.93999999,2793437.42,2519131.8,2121389.25,1492971.86,1047198,573597.19,220270.24],"X0.95":[2161331.1,2094217.65,2089055.3,1886395.5,1639039.5,1725189.4,1658242.75,1000599.2,722553,404119.6,136749.6],"X0.5":[43086.5,9581,1508.5,2731,4408,8317,22104.5,11094,24445,20261.5,7445],"X0.25":[588.75,240,107.5,130,264,405,600.5,539,1746.25,1923.5,973]},"labels":[0.99,0.95,0.5,0.25]}