{"data":{"years":[2004,2005,2006,2007,2008,2009,2010,2011,2012,2013,2014],"X0.99":[3610115.21,3803441.02999999,3574861.31000001,3304228.93999999,2866579.92,2567199.66,2133138.35,1518399.49,1093432.01,598846.929999999,252445.96],"X0.95":[2161331.1,2094217.65,2089055.3,1886395.5,1660058.8,1752688.39999999,1669009.6,1021443.6,741365.7,420795.25,155816.6],"X0.5":[43086.5,9581,1508.5,2731,4423,8419,22551,11164,24715,20875.5,8406],"X0.25":[588.75,240,107.5,130,267,409,602.25,545.25,1761.75,2020,1046.5]},"labels":[0.99,0.95,0.5,0.25]}