{"data":{"years":[2004,2005,2006,2007,2008,2009,2010,2011,2012,2013,2014],"X0.99":[3610115.21,3803441.02999999,3687675.91999999,3497103.92,3044977.53,2634535.4,2152410.46,1613910.95,1127431.86,696498.08,306505.5],"X0.95":[2161331.1,2094217.65,2109625.4,1953474,1719509.65,1789774,1699654.1,1078392.5,775827,479680.6,191788],"X0.5":[43086.5,9581,1551,2761,4524.5,8649,22961,11761.5,25720,23175,9184.5],"X0.25":[588.75,240,109,131,268.75,410,603.75,563.25,1809.5,2285,1097.75]},"labels":[0.99,0.95,0.5,0.25]}