{"ASSIGNED":{"old_value":["0","0","ASSIGNED","ASSIGNED","0","ASSIGNED","ASSIGNED","0"],"new_value":["ASSIGNED","CLOSED","NEW","PATCH_TO_REVIEW","REOPENED","RESOLVED","UNCONFIRMED","VERIFIED"],"issue":[0,0,685,1088,0,4321,19,0],"f":[0,0,0.112056273515459,0.177981351218714,0,0.706854245051529,0.0031081302142974,0]},"CLOSED":{"old_value":["0","0","0","0","CLOSED","CLOSED","0","0"],"new_value":["ASSIGNED","CLOSED","NEW","PATCH_TO_REVIEW","REOPENED","RESOLVED","UNCONFIRMED","VERIFIED"],"issue":[0,0,0,0,34,8,0,0],"f":[0,0,0,0,0.80952380952381,0.19047619047619,0,0]},"NEW":{"old_value":["NEW","0","0","NEW","0","NEW","NEW","0"],"new_value":["ASSIGNED","CLOSED","NEW","PATCH_TO_REVIEW","REOPENED","RESOLVED","UNCONFIRMED","VERIFIED"],"issue":[6021,0,0,3076,0,27896,493,0],"f":[0.160619964786854,0,0,0.0820573013925199,0,0.744171157232033,0.0131515765885931,0]},"PATCH_TO_REVIEW":{"old_value":["PATCH_TO_REVIEW","0","PATCH_TO_REVIEW","0","0","PATCH_TO_REVIEW","PATCH_TO_REVIEW","0"],"new_value":["ASSIGNED","CLOSED","NEW","PATCH_TO_REVIEW","REOPENED","RESOLVED","UNCONFIRMED","VERIFIED"],"issue":[154,0,381,0,0,3645,3,0],"f":[0.0368156825245039,0,0.0910829548171169,0,0,0.871384174037772,0.00071718862060722,0]},"REOPENED":{"old_value":["REOPENED","REOPENED","REOPENED","REOPENED","0","REOPENED","REOPENED","0"],"new_value":["ASSIGNED","CLOSED","NEW","PATCH_TO_REVIEW","REOPENED","RESOLVED","UNCONFIRMED","VERIFIED"],"issue":[305,1,215,173,0,3894,26,0],"f":[0.0661031642826181,0.000216731686172518,0.0465973125270915,0.0374945817078457,0,0.843953185955787,0.00563502384048548,0]},"RESOLVED":{"old_value":["RESOLVED","RESOLVED","0","RESOLVED","RESOLVED","0","0","RESOLVED"],"new_value":["ASSIGNED","CLOSED","NEW","PATCH_TO_REVIEW","REOPENED","RESOLVED","UNCONFIRMED","VERIFIED"],"issue":[11,273,0,330,5286,0,0,1639],"f":[0.00145907945350842,0.0362116991643454,0,0.0437723836052527,0.701153999204138,0,0,0.217402838572755]},"UNCONFIRMED":{"old_value":["UNCONFIRMED","0","UNCONFIRMED","UNCONFIRMED","0","UNCONFIRMED","0","0"],"new_value":["ASSIGNED","CLOSED","NEW","PATCH_TO_REVIEW","REOPENED","RESOLVED","UNCONFIRMED","VERIFIED"],"issue":[196,0,795,156,0,1183,0,0],"f":[0.0841201716738197,0,0.341201716738197,0.0669527896995708,0,0.507725321888412,0,0]},"VERIFIED":{"old_value":["0","VERIFIED","0","0","VERIFIED","VERIFIED","0","0"],"new_value":["ASSIGNED","CLOSED","NEW","PATCH_TO_REVIEW","REOPENED","RESOLVED","UNCONFIRMED","VERIFIED"],"issue":[0,37,0,0,51,24,0,0],"f":[0,0.330357142857143,0,0,0.455357142857143,0.214285714285714,0,0]}}