{"data":{"years":[2004,2005,2006,2007,2008,2009,2010,2011,2012,2013,2014],"X0.99":[3610115.21,3803441.02999999,3574861.31000001,3304228.93999999,2866579.92,2519131.8,2121250.5,1508730.11,1071017.53,582944.950000001,228137.18],"X0.95":[2161331.1,2094217.65,2089055.3,1886395.5,1660058.8,1725189.4,1660435.5,1015727.2,733459.499999999,410943.25,140615.4],"X0.5":[43086.5,9581,1508.5,2731,4423,8317,22262,11131.5,24611,20437,7866],"X0.25":[588.75,240,107.5,130,267,405,601,540.75,1749.25,1954.5,1016.5]},"labels":[0.99,0.95,0.5,0.25]}