{"data":{"years":[2004,2005,2006,2007,2008,2009,2010,2011,2012,2013,2014],"X0.99":[3610115.21,3803441.02999999,3646651.1,3411357.72,3007662.6,2616165.85,2145964.5,1550943.63,1111305.4,656954.079999999,293879.02],"X0.95":[2161331.1,2094217.65,2106908.5,1945191.8,1690896.65,1783039.1,1695923.85,1051721.1,760202,459980.55,177331.2],"X0.5":[43086.5,9581,1543.5,2739,4481,8531.5,22696,11305,25367,22438,9095],"X0.25":[588.75,240,108.5,131,267.75,409.25,603.25,555,1789.5,2179.75,1097.5]},"labels":[0.99,0.95,0.5,0.25]}