{"data":{"years":[2004,2005,2006,2007,2008,2009,2010,2011,2012,2013,2014],"X0.99":[3610115.21,3704357.36,3574861.31000001,3304228.93999999,2783682.54,2519131.8,2121389.25,1485414.34,1038360.46,561858.1,218035.99],"X0.95":[2161331.1,2092362.6,2089055.3,1886395.5,1637724.7,1725189.4,1658242.75,998044.45,711732.9,397741.5,132215.65],"X0.5":[43086.5,9557,1508.5,2731,4407,8317,22104.5,11056.5,24339,20135,7187.5],"X0.25":[588.75,240,107.5,130,264,405,600.5,538.5,1744.75,1899,966.75]},"labels":[0.99,0.95,0.5,0.25]}