{"data":{"years":[2004,2005,2006,2007,2008,2009,2010,2011,2012,2013,2014],"X0.99":[3610115.21,3694176.64,3456084.03,3144614.78,2718328.85,2466262.74,2084710.36,1449316.13,989480.32,520388.339999999,171637.74],"X0.95":[2161331.1,2083298.7,2044479.29999999,1855285.05,1565606.2,1705430.35,1613479,979159.799999999,680285.2,354378.65,102174.35],"X0.5":[43086.5,9455.5,1473.5,2718.5,4353.5,8164.5,21725,10681.5,23514,18828.5,5990.5],"X0.25":[588.75,239.75,107,127.5,263.5,402.25,599,534.25,1711,1759,826.75]},"labels":[0.99,0.95,0.5,0.25]}