{"data":{"years":[2004,2005,2006,2007,2008,2009,2010,2011,2012,2013,2014],"X0.99":[3610115.21,3803441.02999999,3687675.91999999,3497103.92,3044977.53,2649612.18,2152410.46,1617453.04,1127382.48,696817,309230.56],"X0.95":[2161331.1,2094217.65,2109625.4,1953474,1719509.65,1792073,1699654.1,1079043.75,778872.999999998,481359.75,199572.2],"X0.5":[43086.5,9581,1551,2761,4524.5,8654,22961,11779,25763,23227.5,9335],"X0.25":[588.75,240,109,131,268.75,410,603.75,565.75,1820,2315.5,1098]},"labels":[0.99,0.95,0.5,0.25]}