{"data":{"years":[2004,2005,2006,2007,2008,2009,2010,2011,2012,2013,2014],"X0.99":[3577153.8,3667909.39,3366285.99999999,2911238.60000001,2591917.78,2327850,2011904.36,1357654.94,932576.3,447154.69,111542.29],"X0.95":[2140300,2072686.7,1937612.6,1804119,1546135.1,1624670,1545339.5,931565.399999999,616105.85,306975.55,70380.5],"X0.5":[42439,9344,1466,2660,4291,7791,19979,10205,22367.5,16408.5,4934],"X0.25":[588,239.25,107,127,262,391,576,521.5,1636,1523,572.75]},"labels":[0.99,0.95,0.5,0.25]}