{"data":{"years":[2004,2005,2006,2007,2008,2009,2010,2011,2012,2013,2014],"X0.99":[3577153.8,3667909.39,3339588.05,2841344.56000001,2591917.78,2327850,2011905.14,1357995,930764.53,447093.7,110864.87],"X0.95":[2140300,2072686.7,1936383.5,1793865.2,1546135.1,1624670,1543855.15,922927,610649.049999999,300044.5,65224.7],"X0.5":[42439,9344,1464.5,2652,4291,7791,19917.5,10194,22258.5,15964,4540.5],"X0.25":[588,239.25,107,126.5,262,391,575.5,520,1627.75,1510,515.25]},"labels":[0.99,0.95,0.5,0.25]}