{"data":{"years":[2004,2005,2006,2007,2008,2009,2010,2011,2012,2013,2014],"X0.99":[3610115.21,3694176.64,3467264.1,3144614.78,2729773.66,2490177.62,2084710.36,1460916.77,996558.240000002,521862.119999999,185050.86],"X0.95":[2161331.1,2083298.7,2067513.5,1855285.05,1609170.8,1710437.6,1613479,983562.549999999,682138.2,354935,108030.8],"X0.5":[43086.5,9455.5,1477,2718.5,4378,8165,21725,10713.5,23573.5,18884,6010],"X0.25":[588.75,239.75,107,127.5,264,402.5,599,534.75,1711,1766.5,818]},"labels":[0.99,0.95,0.5,0.25]}