{"data":{"years":[2004,2005,2006,2007,2008,2009,2010,2011,2012,2013,2014],"X0.99":[3610115.21,3669536.5,3425546.54,3045561,2629163.12,2382466.68,2021188.7,1391923.42,949218.27,463173.72,120747.18],"X0.95":[2161331.1,2076271,2023542.75,1836524.5,1547272.4,1646294.65,1559151.25,941595.299999999,645174.600000001,322022.999999999,78088.7],"X0.5":[43086.5,9354,1469,2707.5,4293.5,7969.5,20087.5,10310,22909,17132,4941],"X0.25":[588.75,239.5,107,127,262,397.75,578.5,525,1672.5,1572,603.5]},"labels":[0.99,0.95,0.5,0.25]}