{"data":{"years":[2004,2005,2006,2007,2008,2009,2010,2011,2012,2013,2014],"X0.99":[3610115.21,3669536.5,3425546.54,2977131.47999999,2629163.12,2367956.4,2020847.54,1381951.9,940658.020000001,460981.39,118243.68],"X0.95":[2161331.1,2076271,2023542.75,1824100.8,1547272.4,1636254.8,1552763.1,937065,635285.05,318243.95,77114.4],"X0.5":[43086.5,9354,1469,2700,4293.5,7962,20059,10270.5,22726.5,16980,4984],"X0.25":[588.75,239.5,107,127,262,397.5,577.5,524,1657.75,1556,592]},"labels":[0.99,0.95,0.5,0.25]}