{"data":{"years":[2004,2005,2006,2007,2008,2009,2010,2011,2012,2013,2014],"X0.99":[3610115.21,3694176.64,3456084.03,3114976.47999999,2718328.85,2441545.88,2083641.46,1449316.13,981347.58,519736.28,163070.5],"X0.95":[2161331.1,2083298.7,2044479.29999999,1853374.4,1565606.2,1702962.6,1611598.9,979159.799999999,669346.65,352799.2,100485.7],"X0.5":[43086.5,9455.5,1473.5,2717,4353.5,8164,21677,10681.5,23457.5,18752,5936],"X0.25":[588.75,239.75,107,127,263.5,402,597.5,534.25,1708.75,1750,769.25]},"labels":[0.99,0.95,0.5,0.25]}