{"data":{"years":[2004,2005,2006,2007,2008,2009,2010,2011,2012,2013,2014],"X0.99":[3610115.21,3803441.02999999,3646651.1,3304228.93999999,2964622.32,2598355.1,2145975.5,1524135.8,1097933.48,605893.270000002,280911.62],"X0.95":[2161331.1,2094217.65,2106908.5,1886395.5,1675213,1769036.5,1684979.85,1042405.75,744940.399999999,423131.25,164330.3],"X0.5":[43086.5,9581,1543.5,2731,4469,8433,22682,11283,25029,21410.5,8585],"X0.25":[588.75,240,108.5,130,267,409,602.75,549,1772.5,2067.75,1058.5]},"labels":[0.99,0.95,0.5,0.25]}