{"data":{"years":[2004,2005,2006,2007,2008,2009,2010,2011,2012,2013,2014],"X0.99":[3610115.21,3694176.64,3456084.03,3114976.47999999,2705739.26,2441545.88,2078981.31,1449316.13,981347.58,519759.32,161322.82],"X0.95":[2161331.1,2083298.7,2044479.29999999,1853374.4,1565437.9,1702962.6,1611143.4,979159.799999999,669346.65,352652.6,98768.5999999999],"X0.5":[43086.5,9455.5,1473.5,2717,4339,8164,21593.5,10681.5,23457.5,18722,5880],"X0.25":[588.75,239.75,107,127,263,402,596.75,534.25,1708.75,1746,754]},"labels":[0.99,0.95,0.5,0.25]}