{"data":{"years":[2004,2005,2006,2007,2008,2009,2010,2011,2012,2013,2014],"X0.99":[3577153.8,3667909.39,3366285.99999999,2911238.60000001,2591917.78,2327850,2011903.58,1357654.94,933094.52,448871.27,112086.42],"X0.95":[2140300,2072686.7,1937612.6,1804119,1546135.1,1624670,1546317.6,931565.399999999,620344.8,308559.9,71902.25],"X0.5":[42439,9344,1466,2660,4291,7791,20001,10205,22426,16712.5,4934],"X0.25":[588,239.25,107,127,262,391,576.5,521.5,1645,1535.75,573.5]},"labels":[0.99,0.95,0.5,0.25]}