{"data":{"years":[2004,2005,2006,2007,2008,2009,2010,2011,2012,2013,2014],"X0.99":[3610115.21,3803441.02999999,3646651.1,3304228.93999999,2964622.32,2598355.1,2145970,1524135.8,1103060,607040.12,284290.1],"X0.95":[2161331.1,2094217.65,2106908.5,1886395.5,1675213,1769036.5,1694914,1042405.75,748053,423907,164775],"X0.5":[43086.5,9581,1543.5,2731,4469,8433,22683,11283,25034,21438,8625],"X0.25":[588.75,240,108.5,130,267,409,603,549,1780,2070,1046.5]},"labels":[0.99,0.95,0.5,0.25]}