{"ASSIGNED":{"old_value":["0","0","ASSIGNED","ASSIGNED","0","ASSIGNED","ASSIGNED","0"],"new_value":["ASSIGNED","CLOSED","NEW","PATCH_TO_REVIEW","REOPENED","RESOLVED","UNCONFIRMED","VERIFIED"],"issue":[0,0,734,1809,0,4761,26,0],"f":[0,0,0.100136425648022,0.246793997271487,0,0.649522510231924,0.00354706684856753,0]},"CLOSED":{"old_value":["0","0","0","0","CLOSED","CLOSED","0","0"],"new_value":["ASSIGNED","CLOSED","NEW","PATCH_TO_REVIEW","REOPENED","RESOLVED","UNCONFIRMED","VERIFIED"],"issue":[0,0,0,0,34,8,0,0],"f":[0,0,0,0,0.80952380952381,0.19047619047619,0,0]},"NEW":{"old_value":["NEW","0","0","NEW","0","NEW","NEW","0"],"new_value":["ASSIGNED","CLOSED","NEW","PATCH_TO_REVIEW","REOPENED","RESOLVED","UNCONFIRMED","VERIFIED"],"issue":[6948,0,0,5370,0,30217,661,0],"f":[0.160848226687656,0,0,0.124317066395037,0,0.699532364107788,0.0153023428095194,0]},"PATCH_TO_REVIEW":{"old_value":["PATCH_TO_REVIEW","0","PATCH_TO_REVIEW","0","0","PATCH_TO_REVIEW","PATCH_TO_REVIEW","0"],"new_value":["ASSIGNED","CLOSED","NEW","PATCH_TO_REVIEW","REOPENED","RESOLVED","UNCONFIRMED","VERIFIED"],"issue":[275,0,701,0,0,6604,16,0],"f":[0.0362032648762507,0,0.0922854133754608,0,0,0.86940494997367,0.00210637177461822,0]},"REOPENED":{"old_value":["REOPENED","REOPENED","REOPENED","REOPENED","0","REOPENED","REOPENED","0"],"new_value":["ASSIGNED","CLOSED","NEW","PATCH_TO_REVIEW","REOPENED","RESOLVED","UNCONFIRMED","VERIFIED"],"issue":[389,1,255,319,0,4080,39,0],"f":[0.076529608498918,0.000196734212079481,0.0501672240802676,0.0627582136533543,0,0.802675585284281,0.00767263427109974,0]},"RESOLVED":{"old_value":["RESOLVED","RESOLVED","0","RESOLVED","RESOLVED","0","0","RESOLVED"],"new_value":["ASSIGNED","CLOSED","NEW","PATCH_TO_REVIEW","REOPENED","RESOLVED","UNCONFIRMED","VERIFIED"],"issue":[11,273,0,542,5756,0,0,2054],"f":[0.00127373784159333,0.0316118573413617,0,0.0627605372857805,0.666512274201019,0,0,0.237841593330245]},"UNCONFIRMED":{"old_value":["UNCONFIRMED","0","UNCONFIRMED","UNCONFIRMED","0","UNCONFIRMED","0","0"],"new_value":["ASSIGNED","CLOSED","NEW","PATCH_TO_REVIEW","REOPENED","RESOLVED","UNCONFIRMED","VERIFIED"],"issue":[272,0,1058,243,0,1575,0,0],"f":[0.0864040660736976,0,0.336086404066074,0.0771918678526048,0,0.500317662007624,0,0]},"VERIFIED":{"old_value":["0","VERIFIED","0","0","VERIFIED","VERIFIED","0","0"],"new_value":["ASSIGNED","CLOSED","NEW","PATCH_TO_REVIEW","REOPENED","RESOLVED","UNCONFIRMED","VERIFIED"],"issue":[0,37,0,0,67,25,0,0],"f":[0,0.286821705426357,0,0,0.51937984496124,0.193798449612403,0,0]}}