{"abandoned": 1119, "merged": 4566, "review_time_days_avg": 13.698771664868763, "review_time_days_median": 1.291, "review_time_pending_ReviewsWaitingForReviewer_days_avg": 91.615940892193308, "review_time_pending_ReviewsWaitingForReviewer_days_median": 56.937800000000003, "review_time_pending_days_avg": 104.88965045045047, "review_time_pending_days_median": 73.558099999999996, "review_time_pending_update_ReviewsWaitingForReviewer_days_avg": 56.712482899628213, "review_time_pending_update_ReviewsWaitingForReviewer_days_median": 33.186799999999998, "review_time_pending_update_days_avg": 66.156992792792778, "review_time_pending_update_days_median": 38.941900000000004, "submitted": 6191}