{"abandoned": 1061, "merged": 4184, "review_time_days_avg": 13.328201265306111, "review_time_days_median": 1.2846, "review_time_pending_days_avg": 96.779948774509762, "review_time_pending_days_median": 61.677700000000002, "review_time_pending_update_days_avg": 60.585106862745036, "review_time_pending_update_days_median": 31.3767, "submitted": 5720}