{"abandoned": 1066, "merged": 4253, "review_time_days_avg": 13.14618858392998, "review_time_days_median": 1.2577, "review_time_pending_days_avg": 101.29295940594061, "review_time_pending_days_median": 66.667849999999987, "review_time_pending_update_days_avg": 63.776843564356362, "review_time_pending_update_days_median": 31.858400000000003, "submitted": 5790}