{"abandoned": 1022, "merged": 4006, "review_time_days_avg": 13.256750372317114, "review_time_days_median": 1.2381, "review_time_pending_days_avg": 91.51511421319799, "review_time_pending_days_median": 57.581649999999996, "review_time_pending_update_days_avg": 56.872024111675117, "review_time_pending_update_days_median": 29.918399999999998, "submitted": 5492}