{"abandoned": 1073, "merged": 4291, "review_time_days_avg": 13.068910984251957, "review_time_days_median": 1.2555999999999998, "review_time_pending_days_avg": 101.4924849878935, "review_time_pending_days_median": 66.005200000000002, "review_time_pending_update_days_avg": 64.123507506053386, "review_time_pending_update_days_median": 32.018300000000004, "submitted": 5844}