{"abandoned": 1066, "merged": 4253, "review_time_days_avg": 13.14618858392998, "review_time_days_median": 1.2577, "review_time_pending_days_avg": 100.07405447941882, "review_time_pending_days_median": 65.743099999999998, "review_time_pending_update_days_avg": 63.344623486682771, "review_time_pending_update_days_median": 30.750599999999999, "submitted": 5799}