{"abandoned": 1081, "merged": 4322, "review_time_days_avg": 13.035178152890946, "review_time_days_median": 1.2167, "review_time_pending_days_avg": 101.13616135831383, "review_time_pending_days_median": 65.724000000000004, "review_time_pending_update_days_avg": 64.322805152224873, "review_time_pending_update_days_median": 32.68, "submitted": 5897}