{"abandoned": 1011, "merged": 3977, "review_time_days_avg": 13.368219991134737, "review_time_days_median": 1.2577, "review_time_pending_days_avg": 91.960775193798426, "review_time_pending_days_median": 57.089799999999997, "review_time_pending_update_days_avg": 57.180334366925024, "review_time_pending_update_days_median": 29.558399999999999, "submitted": 5445}