{"abandoned": 1028, "merged": 4022, "review_time_days_avg": 13.176362043478246, "review_time_days_median": 1.2577, "review_time_pending_days_avg": 92.276868010075688, "review_time_pending_days_median": 59.277900000000002, "review_time_pending_update_days_avg": 57.110143073047787, "review_time_pending_update_days_median": 29.399999999999999, "submitted": 5517}