{"abandoned": 1145, "merged": 4727, "review_time_days_avg": 13.610809354728579, "review_time_days_median": 1.2735, "review_time_pending_ReviewsWaitingForReviewer_days_avg": 89.201625255972644, "review_time_pending_ReviewsWaitingForReviewer_days_median": 63.321100000000001, "review_time_pending_days_avg": 107.0305837837837, "review_time_pending_days_median": 74.929500000000004, "review_time_pending_update_ReviewsWaitingForReviewer_days_avg": 57.695062798634837, "review_time_pending_update_ReviewsWaitingForReviewer_days_median": 29.513300000000001, "review_time_pending_update_days_avg": 66.799529521829569, "review_time_pending_update_days_median": 39.053699999999999, "submitted": 6413}