{"abandoned": 1096, "merged": 4421, "review_time_days_avg": 13.230441861341372, "review_time_days_median": 1.2248999999999999, "review_time_pending_ReviewsWaitingForReviewer_days_avg": 91.344802352941102, "review_time_pending_ReviewsWaitingForReviewer_days_median": 52.681899999999999, "review_time_pending_days_avg": 102.53521408450709, "review_time_pending_days_median": 67.85775000000001, "review_time_pending_update_ReviewsWaitingForReviewer_days_avg": 54.745286274509802, "review_time_pending_update_ReviewsWaitingForReviewer_days_median": 27.288499999999999, "review_time_pending_update_days_avg": 64.367152582159633, "review_time_pending_update_days_median": 35.127899999999997, "submitted": 6009}