{"abandoned": 1217, "merged": 5129, "review_time_days_avg": 13.456262288810962, "review_time_days_median": 1.1742, "review_time_pending_ReviewsWaitingForReviewer_days_avg": 100.035307079646, "review_time_pending_ReviewsWaitingForReviewer_days_median": 65.573800000000006, "review_time_pending_days_avg": 111.26016171003722, "review_time_pending_days_median": 74.564599999999999, "review_time_pending_update_ReviewsWaitingForReviewer_days_avg": 67.673607964601771, "review_time_pending_update_ReviewsWaitingForReviewer_days_median": 29.815000000000001, "review_time_pending_update_days_avg": 73.024449814126385, "review_time_pending_update_days_median": 39.904250000000005, "submitted": 6951}