{"abandoned": 1014, "merged": 3995, "review_time_days_avg": 13.307699163364143, "review_time_days_median": 1.2478, "review_time_pending_days_avg": 91.812441432225057, "review_time_pending_days_median": 57.412100000000002, "review_time_pending_update_days_avg": 57.344362404092074, "review_time_pending_update_days_median": 29.949200000000001, "submitted": 5470}