{"abandoned": 1081, "merged": 4320, "review_time_days_avg": 13.044911456310667, "review_time_days_median": 1.2193, "review_time_pending_days_avg": 100.60512400000003, "review_time_pending_days_median": 64.760199999999998, "review_time_pending_update_days_avg": 63.694255294117603, "review_time_pending_update_days_median": 31.788399999999999, "submitted": 5893}