{"abandoned": 1085, "merged": 4349, "review_time_days_avg": 13.058422401847558, "review_time_days_median": 1.218, "review_time_pending_days_avg": 102.4596853773585, "review_time_pending_days_median": 67.40809999999999, "review_time_pending_update_days_avg": 65.498621462264197, "review_time_pending_update_days_median": 34.743949999999998, "submitted": 5925}