{"abandoned": 1101, "merged": 4468, "review_time_days_avg": 13.424736340014855, "review_time_days_median": 1.2265000000000001, "review_time_pending_ReviewsWaitingForReviewer_days_avg": 91.64371274131274, "review_time_pending_ReviewsWaitingForReviewer_days_median": 54.185099999999998, "review_time_pending_days_avg": 102.3165593967518, "review_time_pending_days_median": 69.4636, "review_time_pending_update_ReviewsWaitingForReviewer_days_avg": 56.273023166023201, "review_time_pending_update_ReviewsWaitingForReviewer_days_median": 29.685600000000001, "review_time_pending_update_days_avg": 65.736354060324857, "review_time_pending_update_days_median": 37.681699999999999, "submitted": 6067}