{"abandoned": 1086, "merged": 4350, "review_time_days_avg": 13.058422401847558, "review_time_days_median": 1.218, "review_time_pending_ReviewsWaitingForReviewer_days_avg": 92.288731726907642, "review_time_pending_ReviewsWaitingForReviewer_days_median": 55.898600000000002, "review_time_pending_days_avg": 103.59588791469204, "review_time_pending_days_median": 68.628350000000012, "review_time_pending_update_ReviewsWaitingForReviewer_days_avg": 58.800640963855436, "review_time_pending_update_ReviewsWaitingForReviewer_days_median": 30.229500000000002, "review_time_pending_update_days_avg": 66.397333886255922, "review_time_pending_update_days_median": 35.576900000000002, "submitted": 5925}