{"abandoned": 1139, "merged": 4677, "review_time_days_avg": 13.558690691212233, "review_time_days_median": 1.2591, "review_time_pending_ReviewsWaitingForReviewer_days_avg": 90.916906360424051, "review_time_pending_ReviewsWaitingForReviewer_days_median": 60.615400000000001, "review_time_pending_days_avg": 104.41553036093417, "review_time_pending_days_median": 71.644599999999997, "review_time_pending_update_ReviewsWaitingForReviewer_days_avg": 57.826479151943424, "review_time_pending_update_ReviewsWaitingForReviewer_days_median": 30.653400000000001, "review_time_pending_update_days_avg": 65.19251401273884, "review_time_pending_update_days_median": 40.180900000000001, "submitted": 6347}