{"abandoned": 1145, "merged": 4739, "review_time_days_avg": 13.587023443348079, "review_time_days_median": 1.2563, "review_time_pending_ReviewsWaitingForReviewer_days_avg": 90.951902675585316, "review_time_pending_ReviewsWaitingForReviewer_days_median": 65.644199999999998, "review_time_pending_days_avg": 107.89865591836725, "review_time_pending_days_median": 75.568200000000004, "review_time_pending_update_ReviewsWaitingForReviewer_days_avg": 58.839843143812729, "review_time_pending_update_ReviewsWaitingForReviewer_days_median": 31.422699999999999, "review_time_pending_update_days_avg": 67.858956938775464, "review_time_pending_update_days_median": 40.637249999999995, "submitted": 6434}