{"abandoned": 1066, "merged": 4253, "review_time_days_avg": 13.14618858392998, "review_time_days_median": 1.2577, "review_time_pending_days_avg": 100.49317384987881, "review_time_pending_days_median": 66.162300000000002, "review_time_pending_update_days_avg": 63.763746246973319, "review_time_pending_update_days_median": 31.169799999999999, "submitted": 5799}