{"abandoned": 1139, "merged": 4679, "review_time_days_avg": 13.681556677072502, "review_time_days_median": 1.2732, "review_time_pending_ReviewsWaitingForReviewer_days_avg": 89.951431034482752, "review_time_pending_ReviewsWaitingForReviewer_days_median": 60.586449999999999, "review_time_pending_days_avg": 103.49977542016801, "review_time_pending_days_median": 71.397950000000009, "review_time_pending_update_ReviewsWaitingForReviewer_days_avg": 57.340741379310352, "review_time_pending_update_ReviewsWaitingForReviewer_days_median": 30.705849999999998, "review_time_pending_update_days_avg": 65.431583823529394, "review_time_pending_update_days_median": 39.521900000000002, "submitted": 6354}