{"abandoned": 1101, "merged": 4453, "review_time_days_avg": 13.426875223546947, "review_time_days_median": 1.22325, "review_time_pending_ReviewsWaitingForReviewer_days_avg": 88.622870881226092, "review_time_pending_ReviewsWaitingForReviewer_days_median": 51.942599999999999, "review_time_pending_days_avg": 100.92367165898612, "review_time_pending_days_median": 67.446650000000005, "review_time_pending_update_ReviewsWaitingForReviewer_days_avg": 55.253614559387032, "review_time_pending_update_ReviewsWaitingForReviewer_days_median": 28.692699999999999, "review_time_pending_update_days_avg": 65.261036405530021, "review_time_pending_update_days_median": 36.707949999999997, "submitted": 6054}