{"abandoned": 1063, "merged": 4211, "review_time_days_avg": 13.231294108151722, "review_time_days_median": 1.2835, "review_time_pending_days_avg": 99.205140100250588, "review_time_pending_days_median": 64.159700000000001, "review_time_pending_update_days_avg": 62.131781453634055, "review_time_pending_update_days_median": 31.146000000000001, "submitted": 5740}