{"abandoned": 1031, "merged": 4028, "review_time_days_avg": 13.211298352839167, "review_time_days_median": 1.2732, "review_time_pending_days_avg": 92.46788819095471, "review_time_pending_days_median": 59.798699999999997, "review_time_pending_update_days_avg": 54.914444974874421, "review_time_pending_update_days_median": 26.248249999999999, "submitted": 5525}