{"abandoned": 1139, "merged": 4681, "review_time_days_avg": 13.673062807625659, "review_time_days_median": 1.2735, "review_time_pending_ReviewsWaitingForReviewer_days_avg": 88.847738047138165, "review_time_pending_ReviewsWaitingForReviewer_days_median": 61.188200000000002, "review_time_pending_days_avg": 103.203370746888, "review_time_pending_days_median": 70.557749999999999, "review_time_pending_update_ReviewsWaitingForReviewer_days_avg": 56.93190202020201, "review_time_pending_update_ReviewsWaitingForReviewer_days_median": 28.713799999999999, "review_time_pending_update_days_avg": 65.49026058091286, "review_time_pending_update_days_median": 39.713650000000001, "submitted": 6362}