{"abandoned": 1135, "merged": 4652, "review_time_days_avg": 13.417912972027985, "review_time_days_median": 1.26615, "review_time_pending_ReviewsWaitingForReviewer_days_avg": 89.869464685314682, "review_time_pending_ReviewsWaitingForReviewer_days_median": 58.731300000000005, "review_time_pending_days_avg": 102.31926991525435, "review_time_pending_days_median": 69.479050000000001, "review_time_pending_update_ReviewsWaitingForReviewer_days_avg": 55.820265034965054, "review_time_pending_update_ReviewsWaitingForReviewer_days_median": 28.209250000000001, "review_time_pending_update_days_avg": 63.507284533898364, "review_time_pending_update_days_median": 37.801299999999998, "submitted": 6319}