{"abandoned": 1086, "merged": 4352, "review_time_days_avg": 13.127893622742974, "review_time_days_median": 1.2167, "review_time_pending_days_avg": 101.9323408878504, "review_time_pending_days_median": 66.636200000000002, "review_time_pending_update_days_avg": 65.252166588785101, "review_time_pending_update_days_median": 34.528549999999996, "submitted": 5933}