{"abandoned": 1118, "merged": 4538, "review_time_days_avg": 13.763505765047146, "review_time_days_median": 1.2881, "review_time_pending_ReviewsWaitingForReviewer_days_avg": 90.533673134328339, "review_time_pending_ReviewsWaitingForReviewer_days_median": 55.255299999999998, "review_time_pending_days_avg": 102.56065540540536, "review_time_pending_days_median": 71.052499999999995, "review_time_pending_update_ReviewsWaitingForReviewer_days_avg": 55.848180597014895, "review_time_pending_update_ReviewsWaitingForReviewer_days_median": 30.805100000000003, "review_time_pending_update_days_avg": 65.628332207207293, "review_time_pending_update_days_median": 36.931600000000003, "submitted": 6162}