{"abandoned": 1022, "merged": 4006, "review_time_days_avg": 13.249439649890578, "review_time_days_median": 1.2381, "review_time_pending_days_avg": 92.632138324872955, "review_time_pending_days_median": 58.698700000000002, "review_time_pending_update_days_avg": 57.989046954314702, "review_time_pending_update_days_median": 31.035449999999997, "submitted": 5492}