{"abandoned": 1035, "merged": 4038, "review_time_days_avg": 13.271449913644195, "review_time_days_median": 1.26615, "review_time_pending_days_avg": 91.902682750000054, "review_time_pending_days_median": 60.288700000000006, "review_time_pending_update_days_avg": 55.538763750000044, "review_time_pending_update_days_median": 27.054000000000002, "submitted": 5541}