{"abandoned": 1006, "merged": 3966, "review_time_days_avg": 13.416186045474797, "review_time_days_median": 1.2735, "review_time_pending_days_avg": 93.1301253298153, "review_time_pending_days_median": 60.376199999999997, "review_time_pending_update_days_avg": 58.24084643799479, "review_time_pending_update_days_median": 31.3203, "submitted": 5421}