{"abandoned": 1068, "merged": 4262, "review_time_days_avg": 13.14618858392998, "review_time_days_median": 1.2577, "review_time_pending_days_avg": 103.42264054726388, "review_time_pending_days_median": 68.691949999999991, "review_time_pending_update_days_avg": 65.570071641791031, "review_time_pending_update_days_median": 33.549149999999997, "submitted": 5799}