{"abandoned": 1168, "merged": 4871, "review_time_days_avg": 13.704034281045738, "review_time_days_median": 1.218, "review_time_pending_ReviewsWaitingForReviewer_days_avg": 83.756168730650074, "review_time_pending_ReviewsWaitingForReviewer_days_median": 49.324599999999997, "review_time_pending_days_avg": 101.67909805825241, "review_time_pending_days_median": 70.590400000000002, "review_time_pending_update_ReviewsWaitingForReviewer_days_avg": 51.060790092879202, "review_time_pending_update_ReviewsWaitingForReviewer_days_median": 21.052499999999998, "review_time_pending_update_days_avg": 62.30878640776703, "review_time_pending_update_days_median": 29.397200000000002, "submitted": 6613}