{"abandoned": 1078, "merged": 4313, "review_time_days_avg": 13.082480989481871, "review_time_days_median": 1.2218, "review_time_pending_days_avg": 101.29130676328512, "review_time_pending_days_median": 65.475899999999996, "review_time_pending_update_days_avg": 63.791353864734326, "review_time_pending_update_days_median": 31.754449999999999, "submitted": 5872}