{"abandoned": 1035, "merged": 4038, "review_time_days_avg": 13.271449913644195, "review_time_days_median": 1.26615, "review_time_pending_days_avg": 91.87684575000003, "review_time_pending_days_median": 60.26285, "review_time_pending_update_days_avg": 55.512929750000033, "review_time_pending_update_days_median": 27.02815, "submitted": 5541}