{"abandoned": 1164, "merged": 4846, "review_time_days_avg": 13.757762697368408, "review_time_days_median": 1.2208, "review_time_pending_ReviewsWaitingForReviewer_days_avg": 86.049485483870981, "review_time_pending_ReviewsWaitingForReviewer_days_median": 54.534049999999993, "review_time_pending_days_avg": 103.18098762475054, "review_time_pending_days_median": 70.704400000000007, "review_time_pending_update_ReviewsWaitingForReviewer_days_avg": 52.310456451612851, "review_time_pending_update_ReviewsWaitingForReviewer_days_median": 23.335450000000002, "review_time_pending_update_days_avg": 62.921011177644708, "review_time_pending_update_days_median": 32.515500000000003, "submitted": 6570}