{"abandoned": 1068, "merged": 4264, "review_time_days_avg": 13.132552852614882, "review_time_days_median": 1.26615, "review_time_pending_days_avg": 101.17016593673969, "review_time_pending_days_median": 66.772199999999998, "review_time_pending_update_days_avg": 64.145004866180059, "review_time_pending_update_days_median": 31.526900000000001, "submitted": 5810}