{"abandoned": 1106, "merged": 4487, "review_time_days_avg": 13.624291617429847, "review_time_days_median": 1.25135, "review_time_pending_ReviewsWaitingForReviewer_days_avg": 86.403012318840481, "review_time_pending_ReviewsWaitingForReviewer_days_median": 49.051249999999996, "review_time_pending_days_avg": 99.292168988764047, "review_time_pending_days_median": 66.335599999999999, "review_time_pending_update_ReviewsWaitingForReviewer_days_avg": 53.30654202898549, "review_time_pending_update_ReviewsWaitingForReviewer_days_median": 26.762650000000001, "review_time_pending_update_days_avg": 64.111724269662872, "review_time_pending_update_days_median": 34.601300000000002, "submitted": 6104}