{"abandoned": 1066, "merged": 4245, "review_time_days_avg": 13.177585765550228, "review_time_days_median": 1.2775, "review_time_pending_days_avg": 101.81965125628146, "review_time_pending_days_median": 67.092150000000004, "review_time_pending_update_days_avg": 64.014154773869379, "review_time_pending_update_days_median": 32.77975, "submitted": 5776}