{"abandoned": 1146, "merged": 4744, "review_time_days_avg": 13.584082834806255, "review_time_days_median": 1.2577, "review_time_pending_ReviewsWaitingForReviewer_days_avg": 90.599505610561025, "review_time_pending_ReviewsWaitingForReviewer_days_median": 66.490899999999996, "review_time_pending_days_avg": 107.88989170040479, "review_time_pending_days_median": 75.234999999999999, "review_time_pending_update_ReviewsWaitingForReviewer_days_avg": 58.435501650164987, "review_time_pending_update_ReviewsWaitingForReviewer_days_median": 31.828600000000002, "review_time_pending_update_days_avg": 67.724455668016219, "review_time_pending_update_days_median": 40.778949999999995, "submitted": 6444}