{"abandoned": 1066, "merged": 4237, "review_time_days_avg": 13.207198198558833, "review_time_days_median": 1.2822, "review_time_pending_days_avg": 101.19837632241826, "review_time_pending_days_median": 66.131500000000003, "review_time_pending_update_days_avg": 63.914984382871559, "review_time_pending_update_days_median": 33.117800000000003, "submitted": 5767}