{"abandoned": 1082, "merged": 4334, "review_time_days_avg": 13.019132238113635, "review_time_days_median": 1.2167, "review_time_pending_days_avg": 102.16211572769944, "review_time_pending_days_median": 66.744550000000004, "review_time_pending_update_days_avg": 64.92564225352109, "review_time_pending_update_days_median": 33.736649999999997, "submitted": 5909}