{"abandoned": 1081, "merged": 4317, "review_time_days_avg": 13.059993429237933, "review_time_days_median": 1.2196, "review_time_pending_days_avg": 101.52923908872908, "review_time_pending_days_median": 65.801900000000003, "review_time_pending_update_days_avg": 64.189224220623515, "review_time_pending_update_days_median": 32.5274, "submitted": 5882}