{"abandoned": 1065, "merged": 4221, "review_time_days_avg": 13.229242971887533, "review_time_days_median": 1.2835, "review_time_pending_days_avg": 100.06090402010055, "review_time_pending_days_median": 65.06765, "review_time_pending_update_days_avg": 62.918570100502535, "review_time_pending_update_days_median": 31.426299999999998, "submitted": 5751}