{"abandoned": 1076, "merged": 4301, "review_time_days_avg": 13.04109769260851, "review_time_days_median": 1.2247, "review_time_pending_days_avg": 100.21095571428576, "review_time_pending_days_median": 64.500799999999998, "review_time_pending_update_days_avg": 63.084799761904712, "review_time_pending_update_days_median": 30.779350000000001, "submitted": 5864}