{"abandoned": 463, "merged": 5503, "review_time_days_avg": 6.30711485252811, "review_time_days_median": 0.93685, "review_time_pending_ReviewsWaitingForReviewer_days_avg": 54.127746666666674, "review_time_pending_ReviewsWaitingForReviewer_days_median": 41.622500000000002, "review_time_pending_days_avg": 85.088124719101131, "review_time_pending_days_median": 49.732799999999997, "review_time_pending_update_ReviewsWaitingForReviewer_days_avg": 35.098846666666695, "review_time_pending_update_ReviewsWaitingForReviewer_days_median": 26.652899999999999, "review_time_pending_update_days_avg": 45.219732584269671, "review_time_pending_update_days_median": 25.610199999999999, "submitted": 6027}