{"abandoned": 460, "merged": 5402, "review_time_days_avg": 6.367356470588247, "review_time_days_median": 0.9558500000000001, "review_time_pending_ReviewsWaitingForReviewer_days_avg": 40.051396296296303, "review_time_pending_ReviewsWaitingForReviewer_days_median": 23.381799999999998, "review_time_pending_days_avg": 77.980838202247227, "review_time_pending_days_median": 51.481000000000002, "review_time_pending_update_ReviewsWaitingForReviewer_days_avg": 25.940340740740741, "review_time_pending_update_ReviewsWaitingForReviewer_days_median": 14.14875, "review_time_pending_update_days_avg": 44.353240449438189, "review_time_pending_update_days_median": 22.476500000000001, "submitted": 5921}