{"abandoned": 3438, "merged": 43159, "review_time_days_avg": 4.521834057582498, "review_time_days_median": 0.2565, "review_time_pending_ReviewsWaitingForReviewer_days_avg": 104.78811028151743, "review_time_pending_ReviewsWaitingForReviewer_days_median": 44.539400000000001, "review_time_pending_days_avg": 106.82830568720343, "review_time_pending_days_median": 50.533799999999999, "review_time_pending_update_ReviewsWaitingForReviewer_days_avg": 77.004892288861697, "review_time_pending_update_ReviewsWaitingForReviewer_days_median": 26.994900000000001, "review_time_pending_update_days_avg": 74.084762638230643, "review_time_pending_update_days_median": 26.994900000000001, "submitted": 47111}