{"abandoned": 438, "merged": 5165, "review_time_days_avg": 6.502762699077974, "review_time_days_median": 0.9754, "review_time_pending_days_avg": 64.447507608695616, "review_time_pending_days_median": 12.716200000000001, "review_time_pending_update_days_avg": 34.484353260869568, "review_time_pending_update_days_median": 6.9495000000000005, "submitted": 5664}