{"abandoned": 449, "merged": 5271, "review_time_days_avg": 6.4460521721959125, "review_time_days_median": 0.9760500000000001, "review_time_pending_days_avg": 69.810334408602145, "review_time_pending_days_median": 29.562000000000001, "review_time_pending_update_days_avg": 36.849258064516114, "review_time_pending_update_days_median": 7.8163999999999998, "submitted": 5780}