{"abandoned": 35, "merged": 294, "review_time_days_avg": 0.693187037037037, "review_time_days_median": 0.09575, "review_time_pending_days_avg": 305.46645000000001, "review_time_pending_days_median": 305.46645000000001, "review_time_pending_update_days_avg": 212.80359999999999, "review_time_pending_update_days_median": 212.80359999999999, "submitted": 331}