{"abandoned": 449, "merged": 5277, "review_time_days_avg": 6.464994566929154, "review_time_days_median": 0.977, "review_time_pending_days_avg": 69.790725531914887, "review_time_pending_days_median": 32.106699999999996, "review_time_pending_update_days_avg": 37.078792553191498, "review_time_pending_update_days_median": 8.3819999999999997, "submitted": 5787}