{"abandoned": 435, "merged": 5134, "review_time_days_avg": 6.342812612227465, "review_time_days_median": 0.9754, "review_time_pending_days_avg": 70.318805681818148, "review_time_pending_days_median": 11.550450000000001, "review_time_pending_update_days_avg": 35.049106818181784, "review_time_pending_update_days_median": 5.4623999999999997, "submitted": 5627}