{"abandoned": 438, "merged": 5165, "review_time_days_avg": 6.502762699077974, "review_time_days_median": 0.9754, "review_time_pending_days_avg": 63.330476086956544, "review_time_pending_days_median": 11.5991, "review_time_pending_update_days_avg": 33.367317391304361, "review_time_pending_update_days_median": 5.8324999999999996, "submitted": 5664}