{"abandoned": 461, "merged": 5477, "review_time_days_avg": 6.266136739053059, "review_time_days_median": 0.9441, "review_time_pending_ReviewsWaitingForReviewer_days_avg": 47.691376363636358, "review_time_pending_ReviewsWaitingForReviewer_days_median": 39.643999999999998, "review_time_pending_days_avg": 82.335037234042545, "review_time_pending_days_median": 47.769100000000002, "review_time_pending_update_ReviewsWaitingForReviewer_days_avg": 31.492614545454529, "review_time_pending_update_ReviewsWaitingForReviewer_days_median": 23.631699999999999, "review_time_pending_update_days_avg": 44.586254255319147, "review_time_pending_update_days_median": 24.555299999999999, "submitted": 6002}