{"abandoned": 452, "merged": 5316, "review_time_days_avg": 6.439798800773711, "review_time_days_median": 0.9835, "review_time_pending_days_avg": 86.347440243902369, "review_time_pending_days_median": 43.282150000000001, "review_time_pending_update_days_avg": 47.809409756097544, "review_time_pending_update_days_median": 25.546399999999998, "submitted": 5823}