{"abandoned": 34, "merged": 294, "review_time_days_avg": 0.693187037037037, "review_time_days_median": 0.09575, "review_time_pending_days_avg": 281.74653333333339, "review_time_pending_days_median": 284.25080000000003, "review_time_pending_update_days_avg": 126.9697, "review_time_pending_update_days_median": 81.337199999999996, "submitted": 331}