{"abandoned": 34, "merged": 294, "review_time_days_avg": 0.693187037037037, "review_time_days_median": 0.09575, "review_time_pending_days_avg": 309.74856666666665, "review_time_pending_days_median": 312.25279999999998, "review_time_pending_update_days_avg": 154.9718, "review_time_pending_update_days_median": 109.33929999999999, "submitted": 331}