{"abandoned": 450, "merged": 5313, "review_time_days_avg": 6.44486225756402, "review_time_days_median": 0.977, "review_time_pending_days_avg": 84.103080722891477, "review_time_pending_days_median": 40.830399999999997, "review_time_pending_update_days_avg": 46.573053012048184, "review_time_pending_update_days_median": 23.562100000000001, "submitted": 5819}