{"abandoned": 3340, "merged": 43016, "review_time_days_avg": 4.485904857758857, "review_time_days_median": 0.2559, "review_time_pending_ReviewsWaitingForReviewer_days_avg": 93.801153982300676, "review_time_pending_ReviewsWaitingForReviewer_days_median": 38.503300000000003, "review_time_pending_days_avg": 94.825079002809275, "review_time_pending_days_median": 38.603700000000003, "review_time_pending_update_ReviewsWaitingForReviewer_days_avg": 68.699964269911661, "review_time_pending_update_ReviewsWaitingForReviewer_days_median": 23.907600000000002, "review_time_pending_update_days_avg": 65.899210042134683, "review_time_pending_update_days_median": 24.411999999999999, "submitted": 46906}