{"abandoned": 3438, "merged": 43168, "review_time_days_avg": 4.52280308785834, "review_time_days_median": 0.2565, "review_time_pending_ReviewsWaitingForReviewer_days_avg": 102.82314958968317, "review_time_pending_ReviewsWaitingForReviewer_days_median": 45.530200000000001, "review_time_pending_days_avg": 106.12577877138423, "review_time_pending_days_median": 47.442899999999995, "review_time_pending_update_ReviewsWaitingForReviewer_days_avg": 74.698600000000198, "review_time_pending_update_ReviewsWaitingForReviewer_days_median": 26.188400000000001, "review_time_pending_update_days_avg": 73.526081104198781, "review_time_pending_update_days_median": 26.398499999999999, "submitted": 47124}