{"abandoned": 449, "merged": 5279, "review_time_days_avg": 6.4608868607395955, "review_time_days_median": 0.9779, "review_time_pending_days_avg": 72.723558510638298, "review_time_pending_days_median": 35.066249999999997, "review_time_pending_update_days_avg": 39.872470212765947, "review_time_pending_update_days_median": 11.3415, "submitted": 5788}