{"abandoned": 3094, "merged": 40382, "review_time_days_avg": 4.629593189350834, "review_time_days_median": 0.2839, "review_time_pending_days_avg": 90.572811412609667, "review_time_pending_days_median": 46.442100000000003, "review_time_pending_update_days_avg": 63.886403272146637, "review_time_pending_update_days_median": 22.294, "submitted": 43990}