{"abandoned": 439, "merged": 5194, "review_time_days_avg": 6.443069186286681, "review_time_days_median": 0.9754, "review_time_pending_days_avg": 67.566727472527504, "review_time_pending_days_median": 16.003599999999999, "review_time_pending_update_days_avg": 35.972075824175846, "review_time_pending_update_days_median": 8.1304999999999996, "submitted": 5695}