{"abandoned": 449, "merged": 5268, "review_time_days_avg": 6.446365268987361, "review_time_days_median": 0.9754, "review_time_pending_days_avg": 72.255414772727306, "review_time_pending_days_median": 30.590299999999999, "review_time_pending_update_days_avg": 40.98570113636368, "review_time_pending_update_days_median": 16.332000000000001, "submitted": 5775}