{"abandoned": 34, "merged": 294, "review_time_days_avg": 0.693187037037037, "review_time_days_median": 0.09575, "review_time_pending_days_avg": 307.72926666666666, "review_time_pending_days_median": 310.23349999999999, "review_time_pending_update_days_avg": 152.95250000000001, "review_time_pending_update_days_median": 107.31999999999999, "submitted": 331}