{"abandoned": 452, "merged": 5318, "review_time_days_avg": 6.434828179358347, "review_time_days_median": 0.9786, "review_time_pending_days_avg": 79.047395698924689, "review_time_pending_days_median": 45.607799999999997, "review_time_pending_update_days_avg": 36.423870967741905, "review_time_pending_update_days_median": 13.815099999999999, "submitted": 5831}