{"abandoned": 34, "merged": 294, "review_time_days_avg": 0.693187037037037, "review_time_days_median": 0.09575, "review_time_pending_days_avg": 286.70119999999997, "review_time_pending_days_median": 289.20549999999997, "review_time_pending_update_days_avg": 131.92440000000002, "review_time_pending_update_days_median": 86.291899999999998, "submitted": 331}