{"abandoned": 439, "merged": 5194, "review_time_days_avg": 6.443069186286681, "review_time_days_median": 0.9754, "review_time_pending_days_avg": 67.540928571428552, "review_time_pending_days_median": 15.9778, "review_time_pending_update_days_avg": 35.946276923076944, "review_time_pending_update_days_median": 8.1046999999999993, "submitted": 5695}