{"abandoned": 449, "merged": 5279, "review_time_days_avg": 6.4608868607395955, "review_time_days_median": 0.9779, "review_time_pending_days_avg": 70.748179787234051, "review_time_pending_days_median": 33.090899999999998, "review_time_pending_update_days_avg": 37.937668085106374, "review_time_pending_update_days_median": 9.3660999999999994, "submitted": 5788}