{"abandoned": 3229, "merged": 41959, "review_time_days_avg": 4.545605122819196, "review_time_days_median": 0.2565, "review_time_pending_days_avg": 99.13206251032139, "review_time_pending_days_median": 51.097799999999999, "review_time_pending_update_days_avg": 69.373033195706114, "review_time_pending_update_days_median": 20.427299999999999, "submitted": 45689}