{"abandoned": 3200, "merged": 41645, "review_time_days_avg": 4.510988117230053, "review_time_days_median": 0.2554, "review_time_pending_days_avg": 93.339962742060223, "review_time_pending_days_median": 44.4251, "review_time_pending_update_days_avg": 66.052709837335243, "review_time_pending_update_days_median": 17.602599999999999, "submitted": 45374}