{"abandoned": 35, "merged": 294, "review_time_days_avg": 0.693187037037037, "review_time_days_median": 0.09575, "review_time_pending_days_avg": 304.47474999999997, "review_time_pending_days_median": 304.47474999999997, "review_time_pending_update_days_avg": 211.81190000000001, "review_time_pending_update_days_median": 211.81190000000001, "submitted": 331}