{"abandoned": 35, "merged": 294, "review_time_days_avg": 0.693187037037037, "review_time_days_median": 0.09575, "review_time_pending_days_avg": 309.47104999999999, "review_time_pending_days_median": 309.47104999999999, "review_time_pending_update_days_avg": 216.80824999999999, "review_time_pending_update_days_median": 216.80824999999999, "submitted": 331}