{"abandoned": 34, "merged": 294, "review_time_days_avg": 0.693187037037037, "review_time_days_median": 0.09575, "review_time_pending_days_avg": 305.7600333333333, "review_time_pending_days_median": 308.26429999999999, "review_time_pending_update_days_avg": 150.98319999999998, "review_time_pending_update_days_median": 105.3507, "submitted": 331}