{"abandoned": 3441, "merged": 43207, "review_time_days_avg": 4.5362470751117225, "review_time_days_median": 0.2566, "review_time_pending_ReviewsWaitingForReviewer_days_avg": 104.40965136417536, "review_time_pending_ReviewsWaitingForReviewer_days_median": 47.531100000000002, "review_time_pending_days_avg": 106.32688851195043, "review_time_pending_days_median": 49.232900000000001, "review_time_pending_update_ReviewsWaitingForReviewer_days_avg": 76.141416963226561, "review_time_pending_update_ReviewsWaitingForReviewer_days_median": 28.203099999999999, "review_time_pending_update_days_avg": 73.876475944487609, "review_time_pending_update_days_median": 28.203099999999999, "submitted": 47163}