{"abandoned": 470, "merged": 5552, "review_time_days_avg": 6.237531258596993, "review_time_days_median": 0.8906, "review_time_pending_ReviewsWaitingForReviewer_days_avg": 59.876930952380938, "review_time_pending_ReviewsWaitingForReviewer_days_median": 46.764400000000002, "review_time_pending_days_avg": 97.434900000000027, "review_time_pending_days_median": 69.414199999999994, "review_time_pending_update_ReviewsWaitingForReviewer_days_avg": 42.110635714285685, "review_time_pending_update_ReviewsWaitingForReviewer_days_median": 34.579049999999995, "review_time_pending_update_days_avg": 54.815086249999979, "review_time_pending_update_days_median": 31.794699999999999, "submitted": 6080}