{"abandoned": 3079, "merged": 40253, "review_time_days_avg": 4.640345610911873, "review_time_days_median": 0.2901, "review_time_pending_days_avg": 93.977501325600826, "review_time_pending_days_median": 56.346299999999999, "review_time_pending_update_days_avg": 67.58652651201345, "review_time_pending_update_days_median": 27.698699999999999, "submitted": 43834}