{"abandoned": 3252, "merged": 42132, "review_time_days_avg": 4.548186347469922, "review_time_days_median": 0.2575, "review_time_pending_days_avg": 97.002507980455675, "review_time_pending_days_median": 46.027900000000002, "review_time_pending_update_days_avg": 68.825742182410309, "review_time_pending_update_days_median": 19.933700000000002, "submitted": 45883}