{"abandoned": 34, "merged": 294, "review_time_days_avg": 0.693187037037037, "review_time_days_median": 0.09575, "review_time_pending_days_avg": 288.11863333333332, "review_time_pending_days_median": 290.62290000000002, "review_time_pending_update_days_avg": 133.34180000000001, "review_time_pending_update_days_median": 87.709299999999999, "submitted": 331}