{"abandoned": 3187, "merged": 41475, "review_time_days_avg": 4.554420589128514, "review_time_days_median": 0.2632, "review_time_pending_days_avg": 96.097175103050674, "review_time_pending_days_median": 48.535899999999998, "review_time_pending_update_days_avg": 67.50962003297623, "review_time_pending_update_days_median": 22.410599999999999, "submitted": 45159}