{"abandoned": 449, "merged": 5290, "review_time_days_avg": 6.471120851230009, "review_time_days_median": 0.9835, "review_time_pending_days_avg": 78.723411627906927, "review_time_pending_days_median": 37.713200000000001, "review_time_pending_update_days_avg": 43.492239534883716, "review_time_pending_update_days_median": 17.260550000000002, "submitted": 5796}