{"abandoned": 3434, "merged": 43135, "review_time_days_avg": 4.5029879130110455, "review_time_days_median": 0.2561, "review_time_pending_ReviewsWaitingForReviewer_days_avg": 106.51748962962957, "review_time_pending_ReviewsWaitingForReviewer_days_median": 44.125699999999995, "review_time_pending_days_avg": 106.22866210937443, "review_time_pending_days_median": 50.378599999999999, "review_time_pending_update_ReviewsWaitingForReviewer_days_avg": 77.93024629629636, "review_time_pending_update_ReviewsWaitingForReviewer_days_median": 30.101999999999997, "review_time_pending_update_days_avg": 73.286467656249684, "review_time_pending_update_days_median": 25.997699999999998, "submitted": 47086}