{"abandoned": 452, "merged": 5316, "review_time_days_avg": 6.439798800773711, "review_time_days_median": 0.9835, "review_time_pending_days_avg": 87.352010975609744, "review_time_pending_days_median": 44.286749999999998, "review_time_pending_update_days_avg": 48.70266219512196, "review_time_pending_update_days_median": 26.550999999999998, "submitted": 5823}