{"abandoned": 3235, "merged": 42021, "review_time_days_avg": 4.5563820069971825, "review_time_days_median": 0.2569, "review_time_pending_days_avg": 94.613166561014296, "review_time_pending_days_median": 43.0306, "review_time_pending_update_days_avg": 66.726712361331437, "review_time_pending_update_days_median": 17.454650000000001, "submitted": 45774}