{"abandoned": 3211, "merged": 41820, "review_time_days_avg": 4.506580048178452, "review_time_days_median": 0.2565, "review_time_pending_days_avg": 100.57848672199151, "review_time_pending_days_median": 54.359699999999997, "review_time_pending_update_days_avg": 70.400734522821523, "review_time_pending_update_days_median": 22.6418, "submitted": 45530}