{"abandoned": 470, "merged": 5562, "review_time_days_avg": 6.2142985621362685, "review_time_days_median": 0.8801, "review_time_pending_ReviewsWaitingForReviewer_days_avg": 56.793153333333336, "review_time_pending_ReviewsWaitingForReviewer_days_median": 41.735300000000002, "review_time_pending_days_avg": 92.749396470588252, "review_time_pending_days_median": 69.834500000000006, "review_time_pending_update_ReviewsWaitingForReviewer_days_avg": 40.258746666666667, "review_time_pending_update_ReviewsWaitingForReviewer_days_median": 33.023600000000002, "review_time_pending_update_days_avg": 52.166145882352986, "review_time_pending_update_days_median": 32.785400000000003, "submitted": 6093}