{"abandoned": 3476, "merged": 43466, "review_time_days_avg": 4.546719021162829, "review_time_days_median": 0.2575, "review_time_pending_ReviewsWaitingForReviewer_days_avg": 116.33047082785791, "review_time_pending_ReviewsWaitingForReviewer_days_median": 61.672699999999999, "review_time_pending_days_avg": 115.1407714405356, "review_time_pending_days_median": 63.789400000000001, "review_time_pending_update_ReviewsWaitingForReviewer_days_avg": 81.29926386333797, "review_time_pending_update_ReviewsWaitingForReviewer_days_median": 31.939900000000002, "review_time_pending_update_days_avg": 79.159185259631215, "review_time_pending_update_days_median": 32.127249999999997, "submitted": 47417}