{"abandoned": 35, "merged": 294, "review_time_days_avg": 0.693187037037037, "review_time_days_median": 0.09575, "review_time_pending_days_avg": 310.46744999999999, "review_time_pending_days_median": 310.46744999999999, "review_time_pending_update_days_avg": 217.80464999999998, "review_time_pending_update_days_median": 217.80464999999998, "submitted": 331}