{"abandoned": 460, "merged": 5437, "review_time_days_avg": 6.306382586705219, "review_time_days_median": 0.94435, "review_time_pending_ReviewsWaitingForReviewer_days_avg": 39.909988888888876, "review_time_pending_ReviewsWaitingForReviewer_days_median": 20.763000000000002, "review_time_pending_days_avg": 74.510604950495036, "review_time_pending_days_median": 43.793900000000001, "review_time_pending_update_ReviewsWaitingForReviewer_days_avg": 26.238876190476187, "review_time_pending_update_ReviewsWaitingForReviewer_days_median": 10.658899999999999, "review_time_pending_update_days_avg": 40.704678217821808, "review_time_pending_update_days_median": 21.425999999999998, "submitted": 5965}