{"abandoned": 3068, "merged": 40152, "review_time_days_avg": 4.649289883451278, "review_time_days_median": 0.2902, "review_time_pending_days_avg": 92.48234761120294, "review_time_pending_days_median": 55.998100000000001, "review_time_pending_update_days_avg": 65.981055107083677, "review_time_pending_update_days_median": 26.504300000000001, "submitted": 43706}