{"abandoned": 3078, "merged": 40247, "review_time_days_avg": 4.6453021968077275, "review_time_days_median": 0.2901, "review_time_pending_days_avg": 96.033955184232852, "review_time_pending_days_median": 61.610199999999999, "review_time_pending_update_days_avg": 68.738660154242126, "review_time_pending_update_days_median": 29.328600000000002, "submitted": 43812}