{"abandoned": 3322, "merged": 42891, "review_time_days_avg": 4.491569413759834, "review_time_days_median": 0.2549, "review_time_pending_ReviewsWaitingForReviewer_days_avg": 92.927699999999874, "review_time_pending_ReviewsWaitingForReviewer_days_median": 34.690199999999997, "review_time_pending_days_avg": 92.477882125263875, "review_time_pending_days_median": 35.570500000000003, "review_time_pending_update_ReviewsWaitingForReviewer_days_avg": 68.838431649831733, "review_time_pending_update_ReviewsWaitingForReviewer_days_median": 21.332899999999999, "review_time_pending_update_days_avg": 65.797050598169974, "review_time_pending_update_days_median": 22.601600000000001, "submitted": 46749}