{"abandoned": 3236, "merged": 42044, "review_time_days_avg": 4.5494046899978215, "review_time_days_median": 0.2569, "review_time_pending_days_avg": 95.245526484375162, "review_time_pending_days_median": 45.027799999999999, "review_time_pending_update_days_avg": 67.614718593750311, "review_time_pending_update_days_median": 18.783999999999999, "submitted": 45810}