{"abandoned": 449, "merged": 5306, "review_time_days_avg": 6.459072317262849, "review_time_days_median": 0.97855, "review_time_pending_days_avg": 82.232430120481922, "review_time_pending_days_median": 38.936700000000002, "review_time_pending_update_days_avg": 45.116624096385593, "review_time_pending_update_days_median": 21.668399999999998, "submitted": 5811}