{"abandoned": 449, "merged": 5270, "review_time_days_avg": 6.44587459502175, "review_time_days_median": 0.9754, "review_time_pending_days_avg": 73.730656321839007, "review_time_pending_days_median": 31.639399999999998, "review_time_pending_update_days_avg": 41.287448275862062, "review_time_pending_update_days_median": 16.849299999999999, "submitted": 5776}