{"abandoned": 3450, "merged": 43489, "review_time_days_avg": 4.507911555991841, "review_time_days_median": 0.2587, "review_time_pending_ReviewsWaitingForReviewer_days_avg": 67.391328763440825, "review_time_pending_ReviewsWaitingForReviewer_days_median": 24.716899999999999, "review_time_pending_days_avg": 78.034621994657343, "review_time_pending_days_median": 31.428599999999999, "review_time_pending_update_ReviewsWaitingForReviewer_days_avg": 38.740248118279496, "review_time_pending_update_ReviewsWaitingForReviewer_days_median": 6.5422000000000002, "review_time_pending_update_days_avg": 45.896569100623431, "review_time_pending_update_days_median": 13.055899999999999, "submitted": 47423}