{"abandoned": 458, "merged": 5355, "review_time_days_avg": 6.378065124153511, "review_time_days_median": 0.97485, "review_time_pending_ReviewsWaitingForReviewer_days_avg": 45.369189361702141, "review_time_pending_ReviewsWaitingForReviewer_days_median": 37.643500000000003, "review_time_pending_days_avg": 78.525996428571403, "review_time_pending_days_median": 48.727899999999998, "review_time_pending_update_ReviewsWaitingForReviewer_days_avg": 24.976174468085098, "review_time_pending_update_ReviewsWaitingForReviewer_days_median": 14.807499999999999, "review_time_pending_update_days_avg": 41.488159523809507, "review_time_pending_update_days_median": 16.514800000000001, "submitted": 5870}