{"abandoned": 3221, "merged": 41900, "review_time_days_avg": 4.5409538749226375, "review_time_days_median": 0.2565, "review_time_pending_days_avg": 101.43166341256374, "review_time_pending_days_median": 55.278300000000002, "review_time_pending_update_days_avg": 71.4859743633276, "review_time_pending_update_days_median": 20.709399999999999, "submitted": 45617}