{"abandoned": 460, "merged": 5437, "review_time_days_avg": 6.306382586705219, "review_time_days_median": 0.94435, "review_time_pending_ReviewsWaitingForReviewer_days_avg": 41.995105263157903, "review_time_pending_ReviewsWaitingForReviewer_days_median": 27.574000000000002, "review_time_pending_days_avg": 77.97446382978724, "review_time_pending_days_median": 42.763199999999998, "review_time_pending_update_ReviewsWaitingForReviewer_days_avg": 27.024828070175442, "review_time_pending_update_ReviewsWaitingForReviewer_days_median": 13.676600000000001, "review_time_pending_update_days_avg": 41.749974468085071, "review_time_pending_update_days_median": 21.679449999999999, "submitted": 5959}