{"abandoned": 34, "merged": 294, "review_time_days_avg": 0.693187037037037, "review_time_days_median": 0.09575, "review_time_pending_days_avg": 285.73543333333333, "review_time_pending_days_median": 288.23970000000003, "review_time_pending_update_days_avg": 130.95860000000002, "review_time_pending_update_days_median": 85.326099999999997, "submitted": 331}