{"abandoned": 3200, "merged": 41636, "review_time_days_avg": 4.512679936051191, "review_time_days_median": 0.2554, "review_time_pending_days_avg": 95.826770836718509, "review_time_pending_days_median": 48.825600000000001, "review_time_pending_update_days_avg": 67.2435913891144, "review_time_pending_update_days_median": 20.488900000000001, "submitted": 45340}