{"abandoned": 452, "merged": 5317, "review_time_days_avg": 6.437309010054154, "review_time_days_median": 0.98105, "review_time_pending_days_avg": 80.648175555555582, "review_time_pending_days_median": 44.604500000000002, "review_time_pending_update_days_avg": 37.108797777777774, "review_time_pending_update_days_median": 12.946999999999999, "submitted": 5828}