{"abandoned": 3204, "merged": 41710, "review_time_days_avg": 4.508292285066219, "review_time_days_median": 0.2559, "review_time_pending_days_avg": 94.95509890368065, "review_time_pending_days_median": 46.493200000000002, "review_time_pending_update_days_avg": 67.215081284260336, "review_time_pending_update_days_median": 18.713999999999999, "submitted": 45436}