{"abandoned": 34, "merged": 294, "review_time_days_avg": 0.693187037037037, "review_time_days_median": 0.09575, "review_time_pending_days_avg": 304.71973333333335, "review_time_pending_days_median": 307.22399999999999, "review_time_pending_update_days_avg": 149.94289999999998, "review_time_pending_update_days_median": 104.3104, "submitted": 331}