{"abandoned": 34, "merged": 294, "review_time_days_avg": 0.693187037037037, "review_time_days_median": 0.09575, "review_time_pending_days_avg": 302.73913333333331, "review_time_pending_days_median": 305.24340000000001, "review_time_pending_update_days_avg": 147.9623, "review_time_pending_update_days_median": 102.32980000000001, "submitted": 331}