{"abandoned": 454, "merged": 5320, "review_time_days_avg": 6.428158262548279, "review_time_days_median": 0.9779, "review_time_pending_days_avg": 76.74072783505153, "review_time_pending_days_median": 43.595300000000002, "review_time_pending_update_days_avg": 35.780383505154617, "review_time_pending_update_days_median": 9.5235000000000003, "submitted": 5836}