{"abandoned": 3200, "merged": 41645, "review_time_days_avg": 4.510988117230053, "review_time_days_median": 0.2554, "review_time_pending_days_avg": 93.759104647559667, "review_time_pending_days_median": 44.844299999999997, "review_time_pending_update_days_avg": 66.471843919441937, "review_time_pending_update_days_median": 18.021699999999999, "submitted": 45374}