{"abandoned": 34, "merged": 294, "review_time_days_avg": 0.693187037037037, "review_time_days_median": 0.09575, "review_time_pending_days_avg": 283.74003333333332, "review_time_pending_days_median": 286.24430000000001, "review_time_pending_update_days_avg": 128.9632, "review_time_pending_update_days_median": 83.330699999999993, "submitted": 331}