{"abandoned": 35, "merged": 294, "review_time_days_avg": 0.693187037037037, "review_time_days_median": 0.09575, "review_time_pending_days_avg": 303.49964999999997, "review_time_pending_days_median": 303.49964999999997, "review_time_pending_update_days_avg": 210.83680000000001, "review_time_pending_update_days_median": 210.83680000000001, "submitted": 331}