{"abandoned": 3200, "merged": 41643, "review_time_days_avg": 4.511100624110679, "review_time_days_median": 0.2554, "review_time_pending_days_avg": 93.658509505105968, "review_time_pending_days_median": 45.591500000000003, "review_time_pending_update_days_avg": 66.011465671642, "review_time_pending_update_days_median": 17.6294, "submitted": 45357}