{"abandoned": 449, "merged": 5279, "review_time_days_avg": 6.4608868607395955, "review_time_days_median": 0.9779, "review_time_pending_days_avg": 73.142687234042583, "review_time_pending_days_median": 35.485399999999998, "review_time_pending_update_days_avg": 40.291610638297897, "review_time_pending_update_days_median": 11.7607, "submitted": 5788}