{"abandoned": 437, "merged": 5155, "review_time_days_avg": 6.531620708561806, "review_time_days_median": 0.9786, "review_time_pending_days_avg": 69.283068674698839, "review_time_pending_days_median": 13.5608, "review_time_pending_update_days_avg": 36.0654481927711, "review_time_pending_update_days_median": 6.9154999999999998, "submitted": 5646}