{"abandoned": 3371, "merged": 43100, "review_time_days_avg": 4.5073157284729835, "review_time_days_median": 0.2565, "review_time_pending_ReviewsWaitingForReviewer_days_avg": 105.30176769041746, "review_time_pending_ReviewsWaitingForReviewer_days_median": 44.261499999999998, "review_time_pending_days_avg": 103.76828726163203, "review_time_pending_days_median": 47.746099999999998, "review_time_pending_update_ReviewsWaitingForReviewer_days_avg": 77.357950737100836, "review_time_pending_update_ReviewsWaitingForReviewer_days_median": 29.315100000000001, "review_time_pending_update_days_avg": 72.207865369946617, "review_time_pending_update_days_median": 29.186399999999999, "submitted": 46995}