{"abandoned": 3272, "merged": 42444, "review_time_days_avg": 4.526911483403792, "review_time_days_median": 0.2536, "review_time_pending_ReviewsWaitingForReviewer_days_avg": 87.839797488584281, "review_time_pending_ReviewsWaitingForReviewer_days_median": 26.408300000000001, "review_time_pending_days_avg": 91.140761727475507, "review_time_pending_days_median": 37.555999999999997, "review_time_pending_update_ReviewsWaitingForReviewer_days_avg": 65.380859360730682, "review_time_pending_update_ReviewsWaitingForReviewer_days_median": 18.838900000000002, "review_time_pending_update_days_avg": 65.087211466865114, "review_time_pending_update_days_median": 19.261099999999999, "submitted": 46237}