{"abandoned": 34, "merged": 294, "review_time_days_avg": 0.693187037037037, "review_time_days_median": 0.09575, "review_time_pending_days_avg": 308.71956666666665, "review_time_pending_days_median": 311.22379999999998, "review_time_pending_update_days_avg": 153.94276666666667, "review_time_pending_update_days_median": 108.3103, "submitted": 331}