{"abandoned": 3100, "merged": 40386, "review_time_days_avg": 4.6304946706506644, "review_time_days_median": 0.284, "review_time_pending_days_avg": 90.296126421136748, "review_time_pending_days_median": 42.267400000000002, "review_time_pending_update_days_avg": 63.765037069655392, "review_time_pending_update_days_median": 19.310700000000001, "submitted": 43995}