{"abandoned": 3261, "merged": 42278, "review_time_days_avg": 4.542088100982078, "review_time_days_median": 0.2565, "review_time_pending_days_avg": 94.702585240726322, "review_time_pending_days_median": 47.2956, "review_time_pending_update_days_avg": 67.883587529597293, "review_time_pending_update_days_median": 21.030799999999999, "submitted": 46047}