{"abandoned": 3180, "merged": 41270, "review_time_days_avg": 4.569080679656631, "review_time_days_median": 0.2632, "review_time_pending_days_avg": 95.367205718954409, "review_time_pending_days_median": 46.936900000000001, "review_time_pending_update_days_avg": 67.307533006535962, "review_time_pending_update_days_median": 21.564399999999999, "submitted": 44939}