{"abandoned": 3063, "merged": 40073, "review_time_days_avg": 4.627798558493617, "review_time_days_median": 0.2903, "review_time_pending_days_avg": 93.357777842809412, "review_time_pending_days_median": 56.627800000000001, "review_time_pending_update_days_avg": 66.587667642140502, "review_time_pending_update_days_median": 26.290800000000001, "submitted": 43614}