{"abandoned": 458, "merged": 5366, "review_time_days_avg": 6.400077213298484, "review_time_days_median": 0.9626, "review_time_pending_ReviewsWaitingForReviewer_days_avg": 46.355902272727263, "review_time_pending_ReviewsWaitingForReviewer_days_median": 34.383400000000002, "review_time_pending_days_avg": 79.30660361445787, "review_time_pending_days_median": 46.423900000000003, "review_time_pending_update_ReviewsWaitingForReviewer_days_avg": 28.091218181818178, "review_time_pending_update_ReviewsWaitingForReviewer_days_median": 17.857199999999999, "review_time_pending_update_days_avg": 43.560149397590365, "review_time_pending_update_days_median": 18.698699999999999, "submitted": 5880}