{"abandoned": 436, "merged": 5147, "review_time_days_avg": 6.547909847198658, "review_time_days_median": 0.977, "review_time_pending_days_avg": 66.565725581395412, "review_time_pending_days_median": 12.588550000000001, "review_time_pending_update_days_avg": 35.805110465116279, "review_time_pending_update_days_median": 6.1888500000000004, "submitted": 5638}