{"abandoned": 3203, "merged": 41666, "review_time_days_avg": 4.510988117230053, "review_time_days_median": 0.2554, "review_time_pending_days_avg": 98.408869967533064, "review_time_pending_days_median": 48.563899999999997, "review_time_pending_update_days_avg": 69.655936282467422, "review_time_pending_update_days_median": 23.111649999999997, "submitted": 45374}