{"abandoned": 34, "merged": 294, "review_time_days_avg": 0.693187037037037, "review_time_days_median": 0.09575, "review_time_pending_days_avg": 288.14446666666663, "review_time_pending_days_median": 290.64870000000002, "review_time_pending_update_days_avg": 133.36769999999999, "review_time_pending_update_days_median": 87.735200000000006, "submitted": 331}