{"abandoned": 34, "merged": 294, "review_time_days_avg": 0.693187037037037, "review_time_days_median": 0.09575, "review_time_pending_days_avg": 309.75336666666669, "review_time_pending_days_median": 312.25760000000002, "review_time_pending_update_days_avg": 154.97656666666668, "review_time_pending_update_days_median": 109.3441, "submitted": 331}