{"abandoned": 3258, "merged": 42218, "review_time_days_avg": 4.5427252073778055, "review_time_days_median": 0.2565, "review_time_pending_days_avg": 98.99083566084758, "review_time_pending_days_median": 47.035299999999999, "review_time_pending_update_days_avg": 70.858505236907959, "review_time_pending_update_days_median": 21.596499999999999, "submitted": 45968}