{"abandoned": 3236, "merged": 42031, "review_time_days_avg": 4.552496224557639, "review_time_days_median": 0.2575, "review_time_pending_days_avg": 95.0685521670611, "review_time_pending_days_median": 44.023200000000003, "review_time_pending_update_days_avg": 67.28711631205708, "review_time_pending_update_days_median": 17.928999999999998, "submitted": 45793}