{"abandoned": 439, "merged": 5193, "review_time_days_avg": 6.445730082644651, "review_time_days_median": 0.9754, "review_time_pending_days_avg": 66.861751111111076, "review_time_pending_days_median": 14.665800000000001, "review_time_pending_update_days_avg": 36.340793333333345, "review_time_pending_update_days_median": 8.6418999999999997, "submitted": 5693}