{"abandoned": 3100, "merged": 40386, "review_time_days_avg": 4.6304946706506644, "review_time_days_median": 0.284, "review_time_pending_days_avg": 90.270350280224264, "review_time_pending_days_median": 42.241599999999998, "review_time_pending_update_days_avg": 63.739267173739456, "review_time_pending_update_days_median": 19.2849, "submitted": 43995}