{"abandoned": 3198, "merged": 41577, "review_time_days_avg": 4.513491359014208, "review_time_days_median": 0.2561, "review_time_pending_days_avg": 98.591987552564731, "review_time_pending_days_median": 52.081600000000002, "review_time_pending_update_days_avg": 68.85944886459184, "review_time_pending_update_days_median": 22.527100000000001, "submitted": 45269}