{"abandoned": 3094, "merged": 40367, "review_time_days_avg": 4.627313281271368, "review_time_days_median": 0.2868, "review_time_pending_days_avg": 90.821627544426406, "review_time_pending_days_median": 47.5152, "review_time_pending_update_days_avg": 64.984675686591245, "review_time_pending_update_days_median": 23.5975, "submitted": 43966}