{"abandoned": 34, "merged": 294, "review_time_days_avg": 0.693187037037037, "review_time_days_median": 0.09575, "review_time_pending_days_avg": 280.70843333333329, "review_time_pending_days_median": 283.21269999999998, "review_time_pending_update_days_avg": 125.93159999999999, "review_time_pending_update_days_median": 80.299099999999996, "submitted": 331}