{"abandoned": 449, "merged": 5279, "review_time_days_avg": 6.4608868607395955, "review_time_days_median": 0.9779, "review_time_pending_days_avg": 71.733269148936159, "review_time_pending_days_median": 34.076000000000001, "review_time_pending_update_days_avg": 38.882173404255347, "review_time_pending_update_days_median": 10.3512, "submitted": 5788}