{"abandoned": 3270, "merged": 42391, "review_time_days_avg": 4.535210338386933, "review_time_days_median": 0.2549, "review_time_pending_ReviewsWaitingForReviewer_days_avg": 82.644086695278745, "review_time_pending_ReviewsWaitingForReviewer_days_median": 24.282049999999998, "review_time_pending_days_avg": 87.974715823698787, "review_time_pending_days_median": 35.933900000000001, "review_time_pending_update_ReviewsWaitingForReviewer_days_avg": 61.090360407725505, "review_time_pending_update_ReviewsWaitingForReviewer_days_median": 17.027999999999999, "review_time_pending_update_days_avg": 62.710738222543107, "review_time_pending_update_days_median": 17.931950000000001, "submitted": 46186}