{"abandoned": 451, "merged": 5315, "review_time_days_avg": 6.445652749806369, "review_time_days_median": 0.97855, "review_time_pending_days_avg": 81.424213953488405, "review_time_pending_days_median": 41.716650000000001, "review_time_pending_update_days_avg": 45.341699999999996, "review_time_pending_update_days_median": 21.263950000000001, "submitted": 5823}