{"abandoned": 3042, "merged": 40011, "review_time_days_avg": 4.628261315232074, "review_time_days_median": 0.29075, "review_time_pending_days_avg": 92.892862549800768, "review_time_pending_days_median": 54.915399999999998, "review_time_pending_update_days_avg": 66.327648446215207, "review_time_pending_update_days_median": 24.468599999999999, "submitted": 43563}