{"abandoned": 34, "merged": 294, "review_time_days_avg": 0.693187037037037, "review_time_days_median": 0.09575, "review_time_pending_days_avg": 284.85703333333339, "review_time_pending_days_median": 287.36130000000003, "review_time_pending_update_days_avg": 130.08020000000002, "review_time_pending_update_days_median": 84.447699999999998, "submitted": 331}