{"abandoned": 34, "merged": 294, "review_time_days_avg": 0.693187037037037, "review_time_days_median": 0.09575, "review_time_pending_days_avg": 282.74423333333334, "review_time_pending_days_median": 285.24849999999998, "review_time_pending_update_days_avg": 127.96740000000001, "review_time_pending_update_days_median": 82.334900000000005, "submitted": 331}