{"abandoned": 455, "merged": 5336, "review_time_days_avg": 6.3941166411043096, "review_time_days_median": 0.9760500000000001, "review_time_pending_ReviewsWaitingForReviewer_days_avg": 40.068809615384609, "review_time_pending_ReviewsWaitingForReviewer_days_median": 31.738900000000001, "review_time_pending_days_avg": 67.90143737373738, "review_time_pending_days_median": 39.434699999999999, "review_time_pending_update_ReviewsWaitingForReviewer_days_avg": 22.461496153846149, "review_time_pending_update_ReviewsWaitingForReviewer_days_median": 10.867999999999999, "review_time_pending_update_days_avg": 35.753468686868665, "review_time_pending_update_days_median": 11.7422, "submitted": 5853}