{"abandoned": 466, "merged": 5514, "review_time_days_avg": 6.3139528775723965, "review_time_days_median": 0.9356, "review_time_pending_ReviewsWaitingForReviewer_days_avg": 54.853534883720933, "review_time_pending_ReviewsWaitingForReviewer_days_median": 42.762999999999998, "review_time_pending_days_avg": 95.159353164556975, "review_time_pending_days_median": 65.412800000000004, "review_time_pending_update_ReviewsWaitingForReviewer_days_avg": 37.609148837209325, "review_time_pending_update_ReviewsWaitingForReviewer_days_median": 27.793399999999998, "review_time_pending_update_days_avg": 51.84364303797468, "review_time_pending_update_days_median": 27.793399999999998, "submitted": 6037}