{"abandoned": 449, "merged": 5284, "review_time_days_avg": 6.456484715127721, "review_time_days_median": 0.9786, "review_time_pending_days_avg": 82.530679268292687, "review_time_pending_days_median": 38.290950000000002, "review_time_pending_update_days_avg": 45.605371951219503, "review_time_pending_update_days_median": 20.947150000000001, "submitted": 5788}