{"abandoned": 34, "merged": 294, "review_time_days_avg": 0.693187037037037, "review_time_days_median": 0.09575, "review_time_pending_days_avg": 303.78823333333338, "review_time_pending_days_median": 306.29250000000002, "review_time_pending_update_days_avg": 149.01140000000001, "review_time_pending_update_days_median": 103.3789, "submitted": 331}