{"abandoned": 3184, "merged": 41377, "review_time_days_avg": 4.571722470936228, "review_time_days_median": 0.2624, "review_time_pending_days_avg": 93.316194614147619, "review_time_pending_days_median": 42.598700000000001, "review_time_pending_update_days_avg": 66.370852974276772, "review_time_pending_update_days_median": 21.51285, "submitted": 45050}